"outcome_class","category","label","biomarker","study","visit","Control_N","Nico_N","BEP_N","Control_raw_mean","Nico_raw_mean","BEP_raw_mean","Control_raw_sd","Nico_raw_sd","BEP_raw_sd","Control_raw_median","Nico_raw_median","BEP_raw_median","Control_raw_q25","Nico_raw_q25","BEP_raw_q25","Control_raw_q75","Nico_raw_q75","BEP_raw_q75","ATE","ATE_cil","ATE_ciu","pval","pval_adj","sigFDR"
"primary","B1","free thiamin","T","Elicit","1 mo.",98,101,NA,32.5709810066828,29.5234121152579,NA,18.4008524236086,14.8962113165936,NA,29.6861301022438,28.3216460126344,NA,20.3131181303876,18.19594273258,NA,38.515134223164,36.2660116996949,NA,-3.04961701078139,-7.517335974834,1.41810195327121,0.18094521552602,0.506646603472856,0
"primary","B1","free thiamin","T","Elicit","5 mo.",98,101,NA,63.1895881871425,68.6133309621415,NA,37.3740769224369,62.1356336351247,NA,55.9127168317133,51.0231441686968,NA,36.3662703429024,37.3359831171905,NA,78.8065883501833,83.3072303797249,NA,4.92952297635786,-8.5417829642354,18.4008289169511,0.473247636677544,0.602315173953237,0
"primary","B1","free thiamin","T","Misame","1-2 mo.",163,NA,124,46.8970694861235,NA,42.6672136480068,27.5635679586751,NA,22.6182204102187,40.1119289956564,NA,38.8617218808844,28.5541983205752,NA,28.4705632484275,58.4771477333729,NA,49.7603105237272,13.1797007628828,7.89028444079104,18.4691170849746,1.04131787809628e-06,8.955333751628e-06,1
"primary","B1","free thiamin","T","Misame","14-21 days",152,NA,122,26.289834612994,NA,25.3703801568695,18.8411106415861,NA,13.7397345585736,23.008586815477,NA,23.3230419744308,13.3831144107637,NA,15.4149732666373,34.059099418836,NA,35.2698063904386,11.5217199282588,8.30196283894028,14.7414770175773,2.32227858779044e-12,2.49644948187472e-11,1
"primary","B1","free thiamin","T","Misame","3-4 mo.",156,NA,123,53.6914855266974,NA,52.3107855534136,27.8349301089016,NA,28.5058879008611,49.1415841530207,NA,47.6703300647097,35.0309320759279,NA,34.9467979302052,65.9493141021823,NA,62.9780292632343,7.86494851745042,1.62243722929128,14.1074598056096,0.0135354476503616,0.0334405177244227,1
"primary","B1","free thiamin","T","Vital","1.5 mo.",50,NA,100,20.2426748959223,NA,30.9069231981408,9.81343162039348,NA,17.1548055100276,20.3897921512163,NA,28.785918496613,13.7878368361686,NA,19.3795794114123,26.3144668885175,NA,38.9931449732183,11.2036585921678,7.11988571767758,15.287431466658,7.57041710153884e-08,4.65039907665957e-07,1
"primary","B1","free thiamin","T","Vital","2 mo.",50,NA,100,30.6172703217898,NA,34.7266694818452,18.3643427869269,NA,18.8071211577568,28.0621358617886,NA,31.9557250702803,20.2608943026476,NA,23.0691860525435,34.2142551404306,NA,42.5777553710754,5.06263781972488,-0.739002040315815,10.8642776797656,0.0872090374637427,0.194960769280698,0
"primary","B1","thiamine monophosphate","Tmp","Elicit","1 mo.",98,101,NA,229.45711526095,240.28459074464,NA,83.5050795353706,83.0658895451041,NA,219.042312830174,226.479768065349,NA,191.852575340141,190.991725891961,NA,243.948263690731,276.787137770394,NA,11.452981539224,-10.5276372163724,33.4336002948204,0.307141947106053,0.586361899020646,0
"primary","B1","thiamine monophosphate","Tmp","Elicit","5 mo.",98,101,NA,175.306919474859,188.036348298253,NA,90.7108029306655,109.942008670709,NA,167.343788665052,171.917772542669,NA,122.332159312462,120.026316459183,NA,214.658663182002,216.723398310941,NA,7.66793830323903,-17.0146428729522,32.3505194794302,0.542599875922932,0.651119851107518,0
"primary","B1","thiamine monophosphate","Tmp","Misame","1-2 mo.",163,NA,124,185.782671842419,NA,184.446202889763,66.6108408121917,NA,56.4125745168561,190.381572953506,NA,182.374520290901,152.696304361256,NA,151.694476768062,226.304105629723,NA,221.733857520073,7.12774338053717,-6.18186220143078,20.4373489625051,0.293889675086848,0.407653420281757,0
"primary","B1","thiamine monophosphate","Tmp","Misame","14-21 days",152,NA,122,160.030732575593,NA,162.890904060523,56.2748830637606,NA,54.3475273335485,157.994493990555,NA,158.734294437464,121.72000341284,NA,130.305698514978,188.181259111888,NA,195.038006590695,26.7374537792569,15.4788614865864,37.9960460719273,3.24581894563881e-06,1.74462768328086e-05,1
"primary","B1","thiamine monophosphate","Tmp","Misame","3-4 mo.",156,NA,123,154.666468530702,NA,160.611699876421,64.4939476984341,NA,59.8433827490687,153.061972826797,NA,168.469449566462,112.852785673779,NA,117.980445511835,197.811234503452,NA,200.339327976435,7.25685501336994,-6.99371591502211,21.507425941762,0.318241770727622,0.477362656091434,0
"primary","B1","thiamine monophosphate","Tmp","Vital","1.5 mo.",50,NA,100,144.511994948915,NA,165.525295369748,51.0078811327786,NA,46.4150953747666,143.790660128654,NA,165.750908083969,115.621183377471,NA,142.659335682259,178.883119558976,NA,193.662759738119,20.6588543364548,4.80190862507777,36.5158000478318,0.0106648217890372,0.0244307594559362,1
"primary","B1","thiamine monophosphate","Tmp","Vital","2 mo.",50,NA,100,140.688506057809,NA,157.235548432902,44.6710823048219,NA,49.1591798116054,136.851150424051,NA,157.725345600056,115.682888870724,NA,136.426537731559,174.725374847935,NA,189.213492698641,13.0396038448332,0.173700687756266,25.9055070019102,0.0469861337558476,0.132005909853445,0
"primary","B1","thiamine pyrophosphate","Tpp","Elicit","1 mo.",98,101,NA,7.42322563173709,6.84911110086992,NA,6.09231227922983,7.02034044343696,NA,5.66976825495562,5.35312781417126,NA,3.47306435239667,2.90987303816587,NA,9.78701983915266,8.36829741664099,NA,-0.603113529355007,-2.29084790109783,1.08462084238782,0.483680628045412,0.68188111413742,0
"primary","B1","thiamine pyrophosphate","Tpp","Elicit","5 mo.",98,101,NA,5.09058221559377,6.22775259619138,NA,4.17195601067851,5.7466362315646,NA,3.99636814675518,4.12632119401411,NA,2.15516849940314,2.45051864002531,NA,6.3386886369175,7.85589100128553,NA,1.09947143440508,-0.168310742909388,2.36725361171955,0.0891762297181611,0.352961239777373,0
"primary","B1","thiamine pyrophosphate","Tpp","Misame","1-2 mo.",163,NA,124,5.31929653312235,NA,4.63517858164608,5.80699374701986,NA,5.16561428978132,3.55941234126432,NA,3.36001614038241,1.86588321137361,NA,1.79144981423172,6.79210468049059,NA,5.43520938014253,-1.12209054778868,-2.28742206344329,0.0432409678659387,0.0591284203224516,0.127126103693271,0
"primary","B1","thiamine pyrophosphate","Tpp","Misame","14-21 days",152,NA,122,8.79539799659743,NA,8.81947037683115,6.84625348747404,NA,9.83814560432436,6.82530796604592,NA,6.28479530556302,3.84242418141896,NA,4.13068613273062,10.9276559727288,NA,9.36602604937432,-1.36080777486507,-3.07698884505326,0.355373295323131,0.120158171166881,0.24525831443106,0
"primary","B1","thiamine pyrophosphate","Tpp","Misame","3-4 mo.",156,NA,123,4.62898175873714,NA,4.09078562979281,3.95457223744226,NA,4.2175654137227,3.53091977331639,NA,2.98267758155986,2.0230967116809,NA,1.64570243985512,6.13228396344958,NA,5.41019093114786,-0.673608508391544,-1.6155704462847,0.268353429501609,0.161036451284613,0.29406656321538,0
"primary","B1","thiamine pyrophosphate","Tpp","Vital","1.5 mo.",50,NA,100,5.2049329038905,NA,5.43514961619557,3.84766325954255,NA,4.31074098194753,4.33498620245057,NA,4.25534044204224,2.57384918936423,NA,2.70762178339782,6.75888728775321,NA,7.15217824611947,0.183190959952159,-1.13830811328556,1.50469003318988,0.785854804486239,0.81062141287009,0
"primary","B1","thiamine pyrophosphate","Tpp","Vital","2 mo.",50,NA,100,5.49237434847307,NA,4.58403939708799,3.82954382721521,NA,4.08937766625017,4.70904805241458,NA,4.2363690896199,2.81040696726417,NA,1.3808096953249,6.59364596330091,NA,6.35651355665946,-0.878283572286861,-2.15950698406864,0.402939839494923,0.17908979165527,0.333298993253726,0
"primary","B1","total vitamin B1 (expressed as thiamin)","B1","Elicit","1 mo.",98,101,NA,213.517831858343,218.431916127779,NA,76.5920301812392,71.4174766809134,NA,201.91204623701,203.026416105725,NA,174.019265873952,173.243147731998,NA,232.062500091514,247.809093220622,NA,5.49496419269437,-13.9896092905463,24.979537675935,0.580440447855065,0.717014670879786,0
"primary","B1","total vitamin B1 (expressed as thiamin)","B1","Elicit","5 mo.",98,101,NA,201.071925848088,216.986494062715,NA,77.5632276793516,103.677667929106,NA,185.130504339877,195.240216578023,NA,155.211200698254,160.026330868125,NA,224.853804581053,234.124281953313,NA,15.3014293767576,-9.63168010149178,40.2345388550069,0.229042758511648,0.550197162748131,0
"primary","B1","total vitamin B1 (expressed as thiamin)","B1","Misame","1-2 mo.",163,NA,124,192.971697586722,NA,187.248761900979,53.550692784178,NA,44.3929483496769,190.829235956781,NA,182.57618930657,158.004951756221,NA,155.019437579916,224.72517308766,NA,213.436272065095,18.0435140699672,8.07949389447385,28.0075342454606,0.000386353800350145,0.00151029212864148,1
"primary","B1","total vitamin B1 (expressed as thiamin)","B1","Misame","14-21 days",152,NA,122,154.745431105743,NA,156.038757853164,55.2420024125175,NA,48.0665297904003,154.765521020965,NA,155.530310797982,118.945177460503,NA,126.274838269818,181.518670631055,NA,183.17432294731,31.5169692713049,20.8847690182974,42.1491695243125,6.2506502399125e-09,5.37555920632475e-08,1
"primary","B1","total vitamin B1 (expressed as thiamin)","B1","Misame","3-4 mo.",156,NA,123,175.425653822654,NA,178.277490355029,51.0425697871612,NA,44.1915311351248,174.756160022062,NA,176.894540097939,137.726099729313,NA,151.40591201561,202.172249543469,NA,204.304470310502,13.0184138092207,2.56271248083107,23.4741151376103,0.0146728381874874,0.0342366224374707,1
"primary","B1","total vitamin B1 (expressed as thiamin)","B1","Vital","1.5 mo.",50,NA,100,134.533472045266,NA,161.488022789566,41.4607569218854,NA,38.8850680274033,133.973414222065,NA,161.70225549269,110.088338682605,NA,137.776731076689,162.02221971963,NA,186.994622437371,26.5691863724544,13.6174637874391,39.5209089574697,5.80319785565582e-05,0.000207947923161,1
"primary","B1","total vitamin B1 (expressed as thiamin)","B1","Vital","2 mo.",50,NA,100,142.149431231223,NA,158.406883809398,32.1117650994413,NA,39.8976893702416,143.496750215063,NA,161.349709977816,122.910372259052,NA,135.491815674269,166.082665639486,NA,182.967998751097,16.3376405634446,4.82890057295826,27.846380553931,0.00539690543091844,0.0257852148366103,1
"primary","B2","flavin adenine dinucleotide","Fad","Elicit","1 mo.",98,101,NA,108.185681208168,118.091239190062,NA,67.9173107983296,69.5085092836999,NA,94.7385781795471,100.132254020651,NA,56.1123053394368,74.2777720787937,NA,147.292444987719,151.007841769773,NA,10.7413129060059,-7.48796899674577,28.9705948087575,0.248140618493901,0.545900645477649,0
"primary","B2","flavin adenine dinucleotide","Fad","Elicit","5 mo.",99,101,NA,138.699855961808,143.630139505167,NA,73.8292597398981,102.695269202367,NA,133.455967412881,115.742615673101,NA,86.24754557073,70.5936280987547,NA,193.448352775569,195.716140292607,NA,8.72434744211475,-11.1706379795766,28.619332863806,0.390073955972218,0.599068914018245,0
"primary","B2","flavin adenine dinucleotide","Fad","Misame","1-2 mo.",163,NA,124,193.99187847214,NA,176.498410439543,92.8068346037374,NA,73.1639142467098,176.756380184006,NA,171.272058050428,125.453188030768,NA,127.95027015415,245.868642224833,NA,213.063464100095,1.63196672975431,-17.7185509862722,20.9824844457808,0.868709671411665,0.911085752943941,0
"primary","B2","flavin adenine dinucleotide","Fad","Misame","14-21 days",153,NA,119,212.027992215673,NA,211.335302859661,82.1066785806645,NA,81.913093514945,203.971035299688,NA,199.243734791301,147.169905516016,NA,148.16111368713,259.816357204073,NA,245.062604810961,12.6217655665969,-2.96553308585648,28.2090642190503,0.112495747537928,0.241865857206546,0
"primary","B2","flavin adenine dinucleotide","Fad","Misame","3-4 mo.",157,NA,123,220.45529132632,NA,205.92969647423,104.84866127141,NA,90.5220864052855,195.986907943357,NA,184.800415726504,142.930039795072,NA,133.57347035566,279.891045768493,NA,259.249952534865,27.2872290641112,5.75396781278614,48.8204903154362,0.0130028259866737,0.0334405177244227,1
"primary","B2","flavin adenine dinucleotide","Fad","Vital","1.5 mo.",50,NA,100,104.147332272346,NA,141.283600900479,81.3864968307352,NA,74.546032791865,82.6901072235863,NA,137.004575563361,56.094363703411,NA,93.3579485894135,145.939383977622,NA,184.319351630871,39.3871192532267,14.6073044112703,64.1669340951832,0.00183738354701859,0.00526716616811997,1
"primary","B2","flavin adenine dinucleotide","Fad","Vital","2 mo.",50,NA,100,153.007022254359,NA,184.995179917246,107.908380194381,NA,136.927088021541,124.867754886768,NA,149.19407747805,83.2385457246617,NA,101.057690749122,210.832188296131,NA,242.637214192835,39.8912385231112,3.90946720894318,75.8730098372791,0.0297865893782007,0.0985248725586637,0
"primary","B2","flavin mononucleotide","Fmn","Elicit","1 mo.",98,101,NA,9.11453900915457,11.8770032056784,NA,11.6762651522559,14.6099095775675,NA,3.76726579424545,6.5358455163787,NA,1.0486203757178,1.99737214422439,NA,12.3726107822789,15.9013015704086,NA,2.46951775359758,-1.02505345378944,5.9640889609846,0.166036303699881,0.498108911099643,0
"primary","B2","flavin mononucleotide","Fmn","Elicit","5 mo.",99,101,NA,11.8413232422327,12.9899503905515,NA,12.2799876872627,13.5770515012,NA,9.46532466124115,8.12264671984586,NA,2.65761460300967,4.66053500319025,NA,15.6849195881176,18.1649900005296,NA,1.42384966564549,-1.75950326587301,4.60720259716398,0.380675455340551,0.599068914018245,0
"primary","B2","flavin mononucleotide","Fmn","Misame","1-2 mo.",162,NA,124,10.5431384528666,NA,10.638116596156,8.08604671248705,NA,9.64393581656029,8.15593625558293,NA,7.3236978621561,4.93794780099919,NA,4.77427425029191,13.0679921954533,NA,14.6196544445313,5.6686177481004,4.08545294692195,7.25178254927886,2.2543705161636e-12,3.23126440650117e-11,1
"primary","B2","flavin mononucleotide","Fmn","Misame","14-21 days",153,NA,119,7.71010306585976,NA,8.86517639362567,5.87179613571564,NA,8.91831763055411,6.32057318527897,NA,6.35830132578098,4.31654313390716,NA,4.18338499095887,8.45554207721659,NA,10.1200188640702,3.70048549165873,2.43235927445706,4.9686117088604,1.06951875104424e-08,7.66488438248375e-08,1
"primary","B2","flavin mononucleotide","Fmn","Misame","3-4 mo.",157,NA,123,10.1239485842125,NA,10.2513005237033,8.77664175908542,NA,7.89365641893095,8.033874624547,NA,7.96729555307285,5.21536059880813,NA,5.24310187858903,12.8164712587732,NA,12.7276991634743,5.36114785748197,3.71161673714874,7.0106789778152,1.88921026494484e-10,1.32244718546139e-09,1
"primary","B2","flavin mononucleotide","Fmn","Vital","1.5 mo.",50,NA,100,9.37610870546579,NA,26.4619629225186,9.14870816833683,NA,24.4809712264494,6.35830132578098,NA,20.2122964483596,3.41772566900618,NA,10.9910950491903,12.747118059321,NA,40.449560048522,17.2171485352777,12.0459201711277,22.3883768994277,6.7762785394808e-11,5.82759954395349e-10,1
"primary","B2","flavin mononucleotide","Fmn","Vital","2 mo.",50,NA,100,9.19035309605292,NA,21.8536924904356,11.2083555452747,NA,21.8620970625279,6.10308155179676,NA,16.067749249094,3.18192479086858,NA,8.30019091044358,11.7290130913621,NA,31.0979746343826,12.3601240978573,7.31262444071594,17.4076237549987,1.5907427725564e-06,1.7996456483717e-05,1
"primary","B2","riboflavin","Ribo","Elicit","1 mo.",98,101,NA,17.5864649931366,19.8341699155867,NA,24.9792639865254,20.7451905855388,NA,11.0312307760766,13.8944092515536,NA,7.31055214804546,9.95572211016131,NA,19.4245585404826,23.0943685153961,NA,2.43937645566336,-3.74440439299193,8.62315730431864,0.439424059559914,0.68188111413742,0
"primary","B2","riboflavin","Ribo","Elicit","5 mo.",99,101,NA,17.4324598724323,17.7480514877337,NA,17.2705340294554,14.7783494925749,NA,13.7781380444276,13.4002566212682,NA,8.23345485460786,8.93834904780906,NA,20.0713171301208,18.9812745633149,NA,0.391859324633561,-3.832108937638,4.61582758690512,0.855718738900654,0.876589927654329,0
"primary","B2","riboflavin","Ribo","Misame","1-2 mo.",163,NA,124,35.1737000011113,NA,32.6359859378735,40.6904723573231,NA,33.1449920396677,23.7385707296306,NA,22.7162815785331,17.3909175821732,NA,14.0836568581976,35.4568549832423,NA,38.4099732496299,22.4472063826618,15.065678165176,29.8287346001477,2.51860160550633e-09,2.7074967259193e-08,1
"primary","B2","riboflavin","Ribo","Misame","14-21 days",153,NA,119,27.343253899615,NA,28.2462256203761,15.7841543082919,NA,16.4038410346316,23.192126114334,NA,23.4674664243672,18.0453803190982,NA,18.9222333064347,31.3887953437836,NA,31.1918211219906,12.3380790923952,9.2789613234413,15.397196861349,2.68028750230784e-15,5.76261812996184e-14,1
"primary","B2","riboflavin","Ribo","Misame","3-4 mo.",157,NA,123,32.5266030483346,NA,38.1233136298641,44.8302170336734,NA,62.3823654033372,22.709969100837,NA,19.8499183510081,13.7373634682713,NA,12.2819220647384,36.3322129100717,NA,33.1043772755288,34.7450321145173,23.8275928694573,45.6624713595773,4.44232975289861e-10,2.33222312027177e-09,1
"primary","B2","riboflavin","Ribo","Vital","1.5 mo.",50,NA,100,8.35237126527974,NA,66.9345609745699,6.53689268037091,NA,102.373046800036,6.19544022424597,NA,22.4369588676686,4.05141635034603,NA,10.6986074242766,10.085516985419,NA,66.4253015246556,58.386806424666,38.4403326125303,78.3332802368016,9.62794018659654e-09,6.90002380039418e-08,1
"primary","B2","riboflavin","Ribo","Vital","2 mo.",50,NA,100,18.5880416283557,NA,45.3144823735057,63.2648971261275,NA,64.9876403430494,7.87337195164591,NA,21.2322899351763,4.62865354716524,NA,10.5587797803266,11.9212029777881,NA,43.6979313964756,26.7620367902164,6.65658839183407,46.8674851885987,0.00908400676405576,0.0390612290854397,1
"primary","B2","vitamin B2 (expressed as riboflavin)","B2","Elicit","1 mo.",98,101,NA,76.9357252505192,86.2075242809175,NA,45.5118836644616,43.319722084712,NA,68.2565954705905,77.7254420895731,NA,48.6677358218798,57.8814579926494,NA,94.9619053092716,110.071975635221,NA,9.16567660829597,-3.09985266052537,21.4312058771173,0.143023363289489,0.46207548139681,0
"primary","B2","vitamin B2 (expressed as riboflavin)","B2","Elicit","5 mo.",99,101,NA,93.6500545575549,97.2750779095031,NA,44.3185577947872,56.6631074331923,NA,91.0324335615604,87.9355463912851,NA,59.8927506228297,56.9854216259275,NA,119.806120617542,125.176778540058,NA,4.83484441003567,-6.98061751614271,16.6503063362141,0.422547061350522,0.599068914018245,0
"primary","B2","vitamin B2 (expressed as riboflavin)","B2","Misame","1-2 mo.",163,NA,124,136.793668898779,NA,125.969607974291,67.7455715182543,NA,53.2772582070761,123.825450906651,NA,115.320231296498,92.2646173634356,NA,93.2891068030733,161.725298558613,NA,158.215914961071,27.0423602959188,14.64639746367,39.4383231281676,1.90493920820455e-05,0.00011701769421828,1
"primary","B2","vitamin B2 (expressed as riboflavin)","B2","Misame","14-21 days",153,NA,119,135.284179336303,NA,136.807915659902,45.1150120260612,NA,48.4695031073271,129.720283644178,NA,129.551052679257,101.165760402214,NA,103.266850519226,160.591563962731,NA,163.46667229742,22.0270091555098,12.4563792465116,31.597639064508,6.4553461901355e-06,3.08422095750918e-05,1
"primary","B2","vitamin B2 (expressed as riboflavin)","B2","Misame","3-4 mo.",157,NA,123,146.495813380502,NA,145.23837639963,70.1561760251728,NA,82.7803977019397,132.423656597252,NA,124.393818146585,96.8149404743977,NA,95.898706490654,183.782024547172,NA,179.026296535956,52.1302346135441,36.2486832178094,68.0117860092788,1.2472849934236e-10,1.04771939447583e-09,1
"primary","B2","vitamin B2 (expressed as riboflavin)","B2","Vital","1.5 mo.",50,NA,100,65.9825690808553,NA,156.448204757294,42.3404082020524,NA,119.941005431926,57.5036559982789,NA,121.851257332606,36.7161733649635,NA,81.9625131996042,91.3165628588055,NA,183.95118753668,91.3542897341692,67.3486134997712,115.359965968567,8.73808485399628e-14,3.7573764872184e-12,1
"primary","B2","vitamin B2 (expressed as riboflavin)","B2","Vital","2 mo.",50,NA,100,99.4739038699151,NA,151.969904060507,91.6312056910148,NA,97.5620708465179,75.6195243294879,NA,128.179511733968,56.9234800960704,NA,92.6307989190616,118.620392014703,NA,201.523755830886,54.2081178602733,25.4025777719337,83.0136579486128,0.000225680857578598,0.00161737947931329,1
"primary","B3 or related","nicotinamide","Nam","Elicit","1 mo.",98,101,NA,405.115978251872,1264.26795588323,NA,346.796942304479,1080.40185794436,NA,329.949335798112,936.644692327329,NA,173.009945778206,560.783530763069,NA,487.162628913515,1459.53514656833,NA,858.786801662902,640.460890805732,1077.11271252007,1.26277212823848e-14,1.06072858772032e-13,1
"primary","B3 or related","nicotinamide","Nam","Elicit","5 mo.",99,101,NA,110.006199549949,2574.05011514885,NA,92.3268727731257,14752.9219577947,NA,98.4634403645535,783.268403782486,NA,43.3050238917484,296.363149329397,NA,142.925468711425,1689.62319172141,NA,2464.0439155989,-406.08825351831,5334.17608471611,0.0924422294655024,0.352961239777373,0
"primary","B3 or related","nicotinamide","Nam","Misame","1-2 mo.",163,NA,124,201.130977448125,NA,176.190375075353,152.652169328772,NA,139.28868595865,173.843461232611,NA,144.002191224764,95.5496781245089,NA,85.7647261611826,276.56184451172,NA,220.040996262167,58.2702057277905,27.6433844097278,88.8970270458532,0.000192238962758082,0.000918475044288612,1
"primary","B3 or related","nicotinamide","Nam","Misame","14-21 days",153,NA,119,334.272276066665,NA,344.112980480802,221.994385388619,NA,324.629995606243,296.174250642846,NA,262.588064174131,177.952007665089,NA,174.04180485349,409.277339215079,NA,385.090436557983,15.9144182263889,-38.890834612838,70.7196710656158,0.569263302147132,0.672122088689528,0
"primary","B3 or related","nicotinamide","Nam","Misame","3-4 mo.",157,NA,122,194.731805800807,NA,153.598631589012,148.853811390682,NA,110.033675155334,161.54615673816,NA,146.656217770802,89.9252197324617,NA,65.7225755181531,271.164064543533,NA,207.245471481939,76.9184684662509,49.3937310479666,104.443205884535,4.32203091947591e-08,1.81525298617988e-07,1
"primary","B3 or related","nicotinamide","Nam","Vital","1.5 mo.",50,NA,100,391.603789202708,NA,476.322772235146,288.692828396467,NA,339.371819026401,281.265421806832,NA,386.09002544098,207.812167541591,NA,243.490406963855,519.728762474856,NA,604.733171422672,83.4375587154189,-19.9307674130119,186.80588484385,0.113636501078325,0.180976649865481,0
"primary","B3 or related","nicotinamide","Nam","Vital","2 mo.",50,NA,100,368.453877368547,NA,352.804849029284,368.521174686614,NA,350.804376842171,257.048610191032,NA,263.910354979986,150.613645254039,NA,163.772800005877,446.176336399177,NA,381.400615547359,-12.7433044219408,-124.357687526643,98.8710786827612,0.822933017316225,0.913610662664567,0
"primary","B3 or related","nicotinamide adenine dinucleotide","Nad","Elicit","1 mo.",98,101,NA,2851.55709416949,4927.12568865949,NA,2213.56683071383,2766.77470310354,NA,2210.52121766587,4110.27279218579,NA,1411.47945961615,3196.68452386142,NA,3376.58914131231,5861.59421203706,NA,2001.19958285221,1376.17069849677,2626.22846720765,3.48833950721548e-10,2.44183765505084e-09,1
"primary","B3 or related","nicotinamide adenine dinucleotide","Nad","Elicit","5 mo.",99,101,NA,1728.417579707,4989.6252851731,NA,1121.59879394613,4262.90112277677,NA,1413.69917023466,4029.42333619995,NA,904.819622790868,2233.57074934852,NA,2394.97258248083,6550.12628524994,NA,3254.99044865364,2420.25000305139,4089.73089425589,2.12726592312206e-14,4.46725843855633e-13,1
"primary","B3 or related","nicotinamide adenine dinucleotide","Nad","Misame","1-2 mo.",163,NA,124,1920.43647278496,NA,1771.60635126302,1894.3639216573,NA,1757.7823466512,1288.26588250486,NA,1303.86252157127,924.080234209377,NA,927.20781421264,2206.03502519784,NA,1896.48804368465,-118.117796486047,-532.225707207559,295.990114235466,0.57612825692852,0.66477063566021,0
"primary","B3 or related","nicotinamide adenine dinucleotide","Nad","Misame","14-21 days",153,NA,119,4148.84382780649,NA,3641.59065610667,3023.54006145292,NA,2425.15547907021,3294.80238106245,NA,3087.61739790876,2007.09764747638,NA,2080.72735413777,5313.1010010747,NA,4553.78215823039,531.737777475084,-40.9153251380565,1104.39088008822,0.0687701092522781,0.164284149880442,0
"primary","B3 or related","nicotinamide adenine dinucleotide","Nad","Misame","3-4 mo.",157,NA,123,1614.8384226336,NA,1429.6655551214,1246.92282772468,NA,1020.82832919994,1283.24304953568,NA,1138.08702774837,844.33107022117,NA,785.845049087159,1942.89560941468,NA,1706.30532262433,189.328648488725,-71.0635174773843,449.720814454834,0.154136669723629,0.29406656321538,0
"primary","B3 or related","nicotinamide adenine dinucleotide","Nad","Vital","1.5 mo.",50,NA,100,1679.17322225478,NA,2234.06279992986,1385.385131205,NA,1358.21002013132,1184.33230040875,NA,1954.65773086934,815.407144333478,NA,1248.15473773126,2145.72343625776,NA,3128.32820182106,554.889577675076,90.0183725790666,1019.76078277108,0.0193098603261731,0.0395392378107354,1
"primary","B3 or related","nicotinamide adenine dinucleotide","Nad","Vital","2 mo.",50,NA,100,1571.11156464196,NA,1998.64311379579,1113.81930970821,NA,1552.07067688104,1377.96168615164,NA,1502.61376656312,761.853182078841,NA,1000.7128211143,2236.61305672197,NA,2639.22090157468,427.531549153825,-4.04887700749345,859.111975315144,0.0521883829653154,0.132005909853445,0
"primary","B3 or related","nicotinamide mononucleotide","Nmn","Elicit","1 mo.",98,101,NA,1515.73109955532,4288.81065559669,NA,964.715306989332,2024.64260152755,NA,1290.71504332308,4276.98919519465,NA,936.211991980587,2635.58661626732,NA,1828.52218399957,5783.69302141133,NA,2781.98033428197,2353.37928342448,3210.58138513946,4.47373900178064e-37,1.87897038074787e-35,1
"primary","B3 or related","nicotinamide mononucleotide","Nmn","Elicit","5 mo.",99,101,NA,570.479302115382,3207.00967562836,NA,316.771477242326,2905.53288014256,NA,508.100928778928,3166.85256932795,NA,365.409987756862,776.206767402409,NA,700.227867144642,4280.8471999723,NA,2639.87255431151,2090.17526384082,3189.56984478219,4.84227648091236e-21,2.03375612198319e-19,1
"primary","B3 or related","nicotinamide mononucleotide","Nmn","Misame","1-2 mo.",163,NA,124,676.245037466528,NA,687.333722926182,359.494487552154,NA,381.402598752756,635.41508644159,NA,630.732794299545,407.984005237167,NA,398.062814536917,874.322457188359,NA,933.250505934303,186.335293076026,106.231761764071,266.43882438798,5.13413947594701e-06,3.67946662442869e-05,1
"primary","B3 or related","nicotinamide mononucleotide","Nmn","Misame","14-21 days",153,NA,119,1008.80215529587,NA,970.682528430298,564.12055049098,NA,652.392613788954,953.318079243632,NA,831.977880520821,547.139858181028,NA,477.598047392589,1425.57525438345,NA,1260.41186042193,311.906912877507,185.184792713706,438.629033041307,1.40602692052962e-06,8.63702251182483e-06,1
"primary","B3 or related","nicotinamide mononucleotide","Nmn","Misame","3-4 mo.",157,NA,123,509.843033520554,NA,466.037056122916,261.323713181229,NA,237.083365441676,464.303226963859,NA,411.548835642954,320.987697062591,NA,280.627358535104,654.033783507329,NA,618.058313846076,172.30070912467,120.129346429486,224.472071819855,9.61009061713372e-11,1.00905951479904e-09,1
"primary","B3 or related","nicotinamide mononucleotide","Nmn","Vital","1.5 mo.",50,NA,100,826.796130339831,NA,1245.71907383995,443.294365746634,NA,635.513259260946,814.880235731094,NA,1212.76069126337,547.226483121824,NA,841.345571445375,1103.7680010616,NA,1550.37120261988,426.683504958475,259.420731523389,593.946278393561,5.73828948559816e-07,3.08433059850901e-06,1
"primary","B3 or related","nicotinamide mononucleotide","Nmn","Vital","2 mo.",50,NA,100,786.937555247279,NA,1023.25783196694,447.540286677154,NA,558.78029100535,745.283244525995,NA,898.810638904135,447.165596364959,NA,660.929754602192,1098.69645200784,NA,1353.61952664502,270.594541988386,133.050959459607,408.138124517165,0.000115300311960419,0.000991582682859607,1
"primary","B3 or related","nicotinamide riboside","Nr","Elicit","1 mo.",98,101,NA,629.482606981803,2860.97817510642,NA,910.217913776524,2680.73212401943,NA,326.939438608654,2112.76388261138,NA,199.668813231741,555.582995449612,NA,637.941845713323,4298.6431394239,NA,2232.45688410517,1699.93377632801,2764.97999188233,2.09335152447065e-16,2.19801910069418e-15,1
"primary","B3 or related","nicotinamide riboside","Nr","Elicit","5 mo.",99,101,NA,143.927393886619,1271.82168882206,NA,77.278434939467,1919.99245820163,NA,124.731692809041,697.161696453952,NA,95.1425112844292,164.389223510046,NA,170.940829494931,1766.14569840935,NA,1127.25064597153,753.780684687955,1500.7206072551,3.30282073718756e-09,3.46796177404694e-08,1
"primary","B3 or related","nicotinamide riboside","Nr","Misame","1-2 mo.",163,NA,124,563.755888876296,NA,578.289208712376,472.501258833394,NA,471.534325696908,423.392473439297,NA,436.623874124403,232.991197504962,NA,232.463299810807,771.570330384915,NA,812.576558873076,171.515762597044,71.7927656244634,271.238759569625,0.000748999617575063,0.00268391529631064,1
"primary","B3 or related","nicotinamide riboside","Nr","Misame","14-21 days",153,NA,119,565.023225893246,NA,677.40676791928,449.281586977702,NA,651.461533790165,374.529521959165,NA,438.951563372319,230.385667365385,NA,246.413999693212,761.135861342532,NA,871.2398847384,242.401536550826,130.093132683479,354.709940418173,2.33379484662394e-05,0.000100353178404829,1
"primary","B3 or related","nicotinamide riboside","Nr","Misame","3-4 mo.",157,NA,123,663.134673705462,NA,567.754564900391,575.825274304251,NA,414.745944099096,450.15163842728,NA,455.967774426052,239.116045605581,NA,218.016190868633,920.986987678219,NA,873.161308860288,278.229048219621,165.577950519814,390.880145919427,1.29332029642435e-06,4.52662103748523e-06,1
"primary","B3 or related","nicotinamide riboside","Nr","Vital","1.5 mo.",50,NA,100,350.449237106158,NA,580.37442950043,309.925685978327,NA,595.551846153161,190.734685004328,NA,329.926797484502,143.421468275461,NA,180.858984866285,495.078510608879,NA,814.046028477861,197.243967197407,88.2778014776967,306.210132917118,0.000388450772081852,0.00128487563073228,1
"primary","B3 or related","nicotinamide riboside","Nr","Vital","2 mo.",50,NA,100,310.064507821433,NA,511.824413346237,284.780208898745,NA,596.673670278622,178.738132726605,NA,250.810060023495,133.718646914451,NA,139.667529117017,368.241056444568,NA,711.263421289364,197.678820903174,63.9526137720872,331.40502803426,0.00376403731887766,0.0231219435302485,1
"primary","B3 or related","nudifloramide (niacin catabolite)","Nufa","Elicit","1 mo.",98,101,NA,214.743691608564,2540.79147527302,NA,528.920472337487,2500.11485355597,NA,120.343880952297,1672.54173647837,NA,80.8379530086041,899.480352949094,NA,213.023410684113,3695.1024239569,NA,2334.66908374102,1847.02652632666,2822.31164115538,6.37272669219e-21,8.921817369066e-20,1
"primary","B3 or related","nudifloramide (niacin catabolite)","Nufa","Elicit","5 mo.",99,101,NA,99.5945641070014,2443.67482605914,NA,79.4048069300273,3227.00104124051,NA,83.6242571852575,1521.65857272496,NA,43.1907920024141,118.797651087155,NA,129.983612526942,3454.99615666632,NA,2344.47409581135,1716.55384132366,2972.39435029903,2.51800291002147e-13,3.52520407403006e-12,1
"primary","B3 or related","nudifloramide (niacin catabolite)","Nufa","Misame","1-2 mo.",163,NA,124,176.578590930932,NA,181.355730669323,127.244231874355,NA,163.41354797367,153.52477976104,NA,138.552143588363,77.0769410606184,NA,84.8727094971077,236.265342340077,NA,232.97275660894,110.526570775678,82.1724842493884,138.880657301967,2.17050621849112e-14,4.6665883697559e-13,1
"primary","B3 or related","nudifloramide (niacin catabolite)","Nufa","Misame","14-21 days",153,NA,119,190.891081791989,NA,193.773700024346,145.501098488963,NA,163.35643402158,157.870686876344,NA,149.974602117553,88.8904632191196,NA,90.4139110967847,261.233904933282,NA,246.543514684369,114.288681310436,83.006806110083,145.570556510788,8.02366461339246e-13,1.15005859458625e-11,1
"primary","B3 or related","nudifloramide (niacin catabolite)","Nufa","Misame","3-4 mo.",157,NA,123,225.036011412701,NA,235.706614845091,160.710482194489,NA,195.317794998279,195.453601929814,NA,177.345655616049,122.185280563358,NA,101.271877778447,282.994045489485,NA,332.211953653293,167.552039266424,134.94517929402,200.158899238828,7.39359880373375e-24,1.55265574878409e-22,1
"primary","B3 or related","nudifloramide (niacin catabolite)","Nufa","Vital","1.5 mo.",50,NA,100,168.789931528442,NA,368.063749039166,102.679764454676,NA,252.636933243762,140.140201978697,NA,324.122037356495,93.6231832721115,NA,171.44654578172,216.106862387401,NA,471.217220968662,199.273817510724,142.328693327476,256.218941693972,6.94901471434271e-12,7.47019081791842e-11,1
"primary","B3 or related","nudifloramide (niacin catabolite)","Nufa","Vital","2 mo.",50,NA,100,152.593776279015,NA,275.842375853238,121.043328515216,NA,183.007182642783,128.21446156135,NA,221.386221383104,79.5346909570078,NA,155.758943278063,182.989723953001,NA,359.419780593468,122.400770400126,76.1721755867775,168.629365213475,2.10913179617199e-07,4.53463336176979e-06,1
"primary","B3 or related","tryptophan","Trp","Elicit","1 mo.",98,101,NA,370.29297406907,449.692819743155,NA,284.369646341217,434.691740636646,NA,312.297650450558,337.933110085509,NA,177.979902248502,219.703095827245,NA,477.079874875904,536.584635120542,NA,86.6473492241832,1.62645246363307,171.668245984733,0.0457754354625071,0.274652612775042,0
"primary","B3 or related","tryptophan","Trp","Elicit","5 mo.",99,101,NA,441.271440475865,429.989888413077,NA,419.542792881743,257.475341248832,NA,343.335725598554,400.950550924608,NA,227.463840252972,261.610135215188,NA,511.944394132731,547.840901198539,NA,-8.62833635897442,-100.523489521958,83.2668168040092,0.85399193940918,0.876589927654329,0
"primary","B3 or related","tryptophan","Trp","Misame","1-2 mo.",163,NA,124,330.998388662264,NA,312.608851054343,174.636423044099,NA,179.011408941806,321.686043107076,NA,282.607777903367,196.564478570428,NA,189.701911043141,416.972100377088,NA,424.178856097757,31.7809471769898,-5.14633958309506,68.7082339370747,0.0916388748133678,0.171324852911949,0
"primary","B3 or related","tryptophan","Trp","Misame","14-21 days",153,NA,119,320.057803026135,NA,323.26811672211,238.268222694815,NA,346.800219622113,261.737601642901,NA,259.482426383372,150.420189810584,NA,146.851129834634,424.796578016671,NA,392.79760210592,-18.2792756153341,-74.5857496556794,38.0271984250112,0.524593491905993,0.660402704596646,0
"primary","B3 or related","tryptophan","Trp","Misame","3-4 mo.",157,NA,123,374.56599963498,NA,340.014105142066,162.846389799841,NA,176.077122554502,360.063242958365,NA,316.69524220664,266.787233202281,NA,215.349627065372,478.332477655925,NA,445.245134554705,62.966209076387,28.2949334512339,97.6374847015401,0.000371598403990515,0.00120054868981551,1
"primary","B3 or related","tryptophan","Trp","Vital","1.5 mo.",50,NA,100,380.208625500639,NA,444.302961551713,177.912868490203,NA,238.821564453786,330.638108376423,NA,410.476215118662,248.728672183856,NA,290.120943306038,472.263114674845,NA,511.633081895818,57.3005297889623,-2.22489543992086,116.825955017845,0.0591998853108304,0.106066461181904,0
"primary","B3 or related","tryptophan","Trp","Vital","2 mo.",50,NA,100,443.408637484663,NA,450.67951862358,197.605137212444,NA,274.808508734992,412.31467321067,NA,390.875800580408,297.398786072931,NA,288.289839046398,558.038215415539,NA,538.996692137255,7.27088113891784,-69.221371372479,83.7631336503147,0.852207882347653,0.913610662664567,0
"primary","B3 or related","vitamin B3 ( expressed as NAM)","B3","Elicit","1 mo.",98,101,NA,1785.00783221017,5107.08845091352,NA,1129.55463831895,2450.04222267606,NA,1450.91722951714,4819.59518135656,NA,1111.28466790858,3461.14631585592,NA,2057.76920420863,5980.17267685424,NA,3306.64650744096,2783.78921526168,3829.50379962024,2.77536349107415e-35,5.82826333125572e-34,1
"primary","B3 or related","vitamin B3 ( expressed as NAM)","B3","Elicit","5 mo.",99,101,NA,705.468311671953,5272.7932105641,NA,332.003298310579,16375.4706587624,NA,665.352670269113,3424.10567812971,NA,447.011693559544,1331.31518373669,NA,911.636480867965,5132.9411491127,NA,4583.46453897967,1441.46182520083,7725.46725275851,0.00424791358652611,0.0356824741268194,1
"primary","B3 or related","vitamin B3 ( expressed as NAM)","B3","Misame","1-2 mo.",163,NA,124,1076.90859151127,NA,1034.88747098479,593.788935186941,NA,566.197851831266,980.887878398215,NA,952.182128638982,648.112239768023,NA,618.097531831157,1342.1335279045,NA,1305.74184765839,186.723075572103,58.7857858300271,314.660365314179,0.00422912187009847,0.0129894457438739,1
"primary","B3 or related","vitamin B3 ( expressed as NAM)","B3","Misame","14-21 days",153,NA,119,1745.15848168638,NA,1702.42074533693,771.109289090609,NA,831.55448811406,1639.27015911037,NA,1542.84708361114,1134.90054181689,NA,1105.33618746699,2200.34436538698,NA,2119.28602457219,348.126613828072,181.76516509873,514.488062557414,4.1064965679602e-05,0.000160526684020262,1
"primary","B3 or related","vitamin B3 ( expressed as NAM)","B3","Misame","3-4 mo.",157,NA,122,999.703768097548,NA,866.260105580786,576.47823178196,NA,411.980253820604,925.869917032741,NA,858.853081824255,554.817527184439,NA,535.125753802767,1295.92488498111,NA,1114.30731365863,306.054771088663,195.961957676468,416.147584500857,5.07558556601645e-08,1.93795085247901e-07,1
"primary","B3 or related","vitamin B3 ( expressed as NAM)","B3","Vital","1.5 mo.",50,NA,100,1170.46326814194,NA,1620.39603994427,521.861783030662,NA,662.66981300033,1072.39938806271,NA,1528.63280090755,771.371659619371,NA,1133.99912718972,1476.47374697313,NA,1876.7765784812,449.932771802323,256.399255204838,643.466288399809,5.19918647679053e-06,2.23565018501993e-05,1
"primary","B3 or related","vitamin B3 ( expressed as NAM)","B3","Vital","2 mo.",50,NA,100,1093.53681832879,NA,1339.46228235784,456.531602404776,NA,608.071498039777,950.322873018636,NA,1225.78967211991,760.227664869492,NA,882.652030588635,1435.69080699904,NA,1733.94280345234,245.925464029052,72.8530772665788,418.997850791525,0.00535291965122514,0.0257852148366103,1
"primary","B6","pyridoxal","Pl","Elicit","1 mo.",98,101,NA,102.873897441513,109.393720849883,NA,54.424089394435,66.6486812688101,NA,89.5360706440367,91.518999792352,NA,63.0498027343963,66.8320564802571,NA,136.929651042066,138.731598561764,NA,7.90090259826457,-6.22440559715253,22.0262107936817,0.272950322738824,0.545900645477649,0
"primary","B6","pyridoxal","Pl","Elicit","5 mo.",99,101,NA,143.797812443182,145.875815240238,NA,76.9153677573213,86.8483873993971,NA,127.411066545721,131.188074447274,NA,97.4258204828363,91.9491590255844,NA,173.747609315745,172.126643424662,NA,2.38903032899586,-19.551066295592,24.3291269535837,0.831000875763354,0.876589927654329,0
"primary","B6","pyridoxal","Pl","Misame","1-2 mo.",163,NA,124,76.6707516527288,NA,76.2007536670673,41.0023249346236,NA,38.6007747323569,68.1784898525699,NA,68.5255898842636,45.0469393777118,NA,52.9541753642036,98.5090873323789,NA,89.3445973268052,16.4740837328039,8.12061660592287,24.827550859685,0.00011095522316503,0.000596384324512039,1
"primary","B6","pyridoxal","Pl","Misame","14-21 days",153,NA,119,45.948283350819,NA,46.1495723982208,67.951432407906,NA,36.7432376931378,35.5122676254904,NA,42.4283887607786,21.4030447754669,NA,21.9984481043923,57.6875006830527,NA,60.236981016601,21.0022984548777,10.5163804976902,31.4882164120652,8.65059683557267e-05,0.000309979719941354,1
"primary","B6","pyridoxal","Pl","Misame","3-4 mo.",157,NA,123,61.245330622291,NA,65.3798698924497,35.5040918590736,NA,36.2973445882343,53.490125790975,NA,55.7528333023683,36.703424006295,NA,33.850683911339,75.3513076359821,NA,92.9834646615884,22.9665445630897,15.7778309782061,30.1552581479732,3.80792020821455e-10,2.28475212492873e-09,1
"primary","B6","pyridoxal","Pl","Vital","1.5 mo.",50,NA,100,90.3945006065508,NA,117.584446071628,61.9561416015804,NA,64.2965806180082,73.6831291461295,NA,97.5727041234522,53.5207265494366,NA,74.0319777925925,101.730035737315,NA,142.734177768549,27.2731522127546,6.30460990122678,48.2416945242824,0.0107949867363439,0.0244307594559362,1
"primary","B6","pyridoxal","Pl","Vital","2 mo.",50,NA,100,95.0418989956394,NA,116.730737368991,79.2405818414676,NA,60.2508144068253,74.7900022950569,NA,106.380476716101,52.0440213768155,NA,74.7900022950569,103.025759281319,NA,141.249603829466,22.1571558131765,-2.05995445490275,46.3742660812558,0.0729336552987052,0.174230398769129,0
"primary","B6","pyridoxal 5-phosphate","Plp","Elicit","1 mo.",98,101,NA,54.3178175443549,51.8220682693419,NA,35.3858111966363,28.4769007656362,NA,43.468622684789,46.3880995583553,NA,31.7387192303742,34.3481461193468,NA,71.87960046561,64.690677530898,NA,-2.67996454353126,-10.5277152851719,5.16778619810935,0.503293203291906,0.68188111413742,0
"primary","B6","pyridoxal 5-phosphate","Plp","Elicit","5 mo.",99,101,NA,13.4541346222677,12.516935814914,NA,8.83411647783702,8.36900253214711,NA,11.254236707864,11.1695025505837,NA,6.41283508507652,6.94049779177651,NA,19.3232394125098,16.2689581978157,NA,-0.92013085435608,-3.20948463088732,1.36922292217516,0.430846812045048,0.599068914018245,0
"primary","B6","pyridoxal 5-phosphate","Plp","Misame","1-2 mo.",163,NA,124,10.805459154429,NA,11.0642868305063,3.6842071716877,NA,4.70358436949191,11.9838308153554,NA,11.9783285973501,7.64456160772365,NA,7.45891677222774,13.287856482591,NA,13.1915676674997,0.534998217169305,-0.320992736524718,1.39098917086333,0.220580362027115,0.343022101405792,0
"primary","B6","pyridoxal 5-phosphate","Plp","Misame","14-21 days",153,NA,119,11.8652545409961,NA,12.4637953027765,5.89332887390427,NA,6.51664410681949,10.2728611044541,NA,10.8952720052039,8.50936355232976,NA,8.49780889451882,13.5215173405457,NA,14.5871135608887,1.28451203499947,0.15778576214781,2.41123830785114,0.0254544236985965,0.0684087636899781,0
"primary","B6","pyridoxal 5-phosphate","Plp","Misame","3-4 mo.",157,NA,123,11.2192659653339,NA,10.9831395936268,2.67480619426342,NA,2.4125776579077,11.8781882296552,NA,11.8781882296552,9.70591256119689,NA,9.71875106987573,12.2479372796056,NA,12.3326714368859,0.123529002306284,-0.392437432352204,0.639495436964773,0.638897673453066,0.865603299517057,0
"primary","B6","pyridoxal 5-phosphate","Plp","Vital","1.5 mo.",50,NA,100,23.8660686774624,NA,28.8368824677326,16.6589988275659,NA,25.2463141911137,18.6415146016639,NA,22.4468485740696,10.3664538327228,NA,14.5896812626245,30.9761118148515,NA,33.8532216097778,4.82340308328147,-1.71039115473066,11.3571973212936,0.147927100630383,0.217240781409932,0
"primary","B6","pyridoxal 5-phosphate","Plp","Vital","2 mo.",50,NA,100,28.6059433736177,NA,26.3507822931288,31.8295764831619,NA,28.815135127648,17.5861891882639,NA,18.1985860522441,11.331267759937,NA,12.4848077647301,32.9654387346366,NA,28.6555513711527,-1.61242900757541,-10.6918553352838,7.46699732013297,0.727785392086515,0.845804644857301,0
"primary","B6","pyridoxamine","Pm","Elicit","1 mo.",98,101,NA,1.37367952404585,1.4765536595886,NA,0.935339904701114,1.20166822204013,NA,1.1261071810099,0.998040089836225,NA,0.775026706930344,0.70657705475131,NA,1.57434200011777,1.78410706324706,NA,0.127946886754559,-0.13255830153757,0.388452075046687,0.335730961733345,0.613073930121761,0
"primary","B6","pyridoxamine","Pm","Elicit","5 mo.",99,101,NA,1.22660706133532,1.0206015849013,NA,1.26072185394802,0.644017314799882,NA,0.945046810729877,0.892053531623529,NA,0.750738120673267,0.759570333857658,NA,1.15260382056307,1.1216910744177,NA,-0.206453141730972,-0.477986731373878,0.0650804479119335,0.136170333073168,0.439934922236388,0
"primary","B6","pyridoxamine","Pm","Misame","1-2 mo.",163,NA,124,0.664565341322078,NA,0.688097468921961,0.260751185406412,NA,0.304343281940699,0.618254922907396,NA,0.616782887376665,0.480864940039086,NA,0.485771725141526,0.777234760226441,NA,0.803731399779616,0.00978609442659839,-0.0479104707081725,0.0674826595613692,0.739560355737098,0.815412699915262,0
"primary","B6","pyridoxamine","Pm","Misame","14-21 days",153,NA,119,0.681926392652361,NA,0.65186021583587,0.506714191455054,NA,0.204801663199679,0.64475156246057,NA,0.653583775644962,0.520119220858603,NA,0.48135561854933,0.741905907488876,NA,0.786066973410832,0.104870089519665,0.0303081845472017,0.179431994492129,0.00583955684724876,0.0193154572639767,1
"primary","B6","pyridoxamine","Pm","Misame","3-4 mo.",157,NA,123,0.620522670213339,NA,0.636750710264267,0.251578969698977,NA,0.216413632563919,0.569187071883,NA,0.588814212292758,0.461237799629327,NA,0.500492080448845,0.727774366393849,NA,0.741905907488876,0.0696409056333278,0.0195391875964644,0.119742623670191,0.00644318834098711,0.0180409273547639,1
"primary","B6","pyridoxamine","Pm","Vital","1.5 mo.",50,NA,100,0.991680896343463,NA,1.0927214151729,2.04907038210828,NA,1.48811339727308,0.547597217432265,NA,0.618254922907396,0.293671088381013,NA,0.527724737767385,0.65579182894106,NA,0.975959556875247,0.100939054328159,-0.532921947817832,0.734800056474151,0.754953865239261,0.81062141287009,0
"primary","B6","pyridoxamine","Pm","Vital","2 mo.",50,NA,100,1.11868812193501,NA,1.00572411530665,1.16193690214827,NA,1.01245514237094,0.653583775644962,NA,0.635919349276179,0.54318111084007,NA,0.510060311398602,1.24313400570308,NA,1.04440920905428,-0.103546368569513,-0.412264349088121,0.205171611949094,0.510932179077103,0.732336123343847,0
"primary","B6","pyridoxine","Pn","Elicit","1 mo.",98,101,NA,0.0835225451170114,0.104508611001519,NA,0.167059682772985,0.270859446149143,NA,0,0,NA,0,0,NA,0.105553697111534,0.0671705345255215,NA,0.0256895006653588,-0.0295302735185404,0.080909274849258,0.361863465085177,0.63326106389906,0
"primary","B6","pyridoxine","Pn","Elicit","5 mo.",99,101,NA,0.211204321401315,0.146692086714859,NA,0.726109594751451,0.40610568837256,NA,0,0.009595790646503,NA,0,0,NA,0.110351592434786,0.12474527840454,NA,-0.0700342817504486,-0.229594003992805,0.089525440491908,0.389639439606475,0.599068914018245,0
"primary","B6","pyridoxine","Pn","Misame","1-2 mo.",163,NA,124,0.18814814052898,NA,0.222018736813043,0.145079223207337,NA,0.24188008730443,0.182320022283558,NA,0.196713708253312,0.0911600111417792,NA,0.0767663251720246,0.268682138102086,NA,0.278277928748589,0.0211379339246947,-0.0179942519865509,0.0602701198359404,0.28973242342867,0.407653420281757,0
"primary","B6","pyridoxine","Pn","Misame","14-21 days",153,NA,119,7.42588760867489,NA,0.243281515802519,88.4363339350844,NA,0.172134050086958,0.239894766162577,NA,0.191915812930061,0.12474527840454,NA,0.12474527840454,0.355044253920614,NA,0.316661091334601,7.2324063555382,-5.84507533467162,20.309888045748,0.278389691302247,0.460413720230639,0
"primary","B6","pyridoxine","Pn","Misame","3-4 mo.",157,NA,123,0.220703184869571,NA,0.21500812212815,0.200345368969587,NA,0.129260803327582,0.191915812930061,NA,0.191915812930061,0.115149487758037,NA,0.115149487758037,0.278277928748589,NA,0.283075824071841,0.0400599012653047,0.00427482116243438,0.075844981368175,0.0282283830632948,0.062399583613599,0
"primary","B6","pyridoxine","Pn","Vital","1.5 mo.",50,NA,100,1.10389975597371,NA,0.472688647246741,4.36559597923185,NA,1.59967677289881,0.182320022283558,NA,0.201511603576564,0.143936859697546,NA,0.160729493328926,0.256687399793957,NA,0.297469510041595,-0.626402670358945,-1.85013212344947,0.597326782731583,0.315732331064441,0.424265319867843,0
"primary","B6","pyridoxine","Pn","Vital","2 mo.",50,NA,100,0.243157334982388,NA,0.280484960597285,0.307289263588924,NA,0.472762918404635,0.191915812930061,NA,0.177522126960307,0,NA,0.14153791203592,0.307065300688098,NA,0.251889504470706,0.0373215721394282,-0.08801683396249,0.162659978241346,0.559481710311482,0.745413206872295,0
"primary","B6","vitamin B6 (expressed as PL)","B6","Elicit","1 mo.",98,101,NA,141.061053651608,146.015787376868,NA,68.1746019052408,76.2859355751898,NA,127.378710658547,125.017766652745,NA,90.9145262698375,96.0644872734947,NA,189.886372621935,177.203516128679,NA,6.46110299813589,-10.5331645252506,23.4553705215224,0.456172127309434,0.68188111413742,0
"primary","B6","vitamin B6 (expressed as PL)","B6","Elicit","5 mo.",99,101,NA,154.325667743758,155.501284253758,NA,80.4816781065644,88.3685917078864,NA,139.773341588932,145.263288762263,NA,103.245600210408,103.867020934512,NA,179.888282698281,184.436807525135,NA,1.55756503534224,-20.7388813522531,23.8540114229375,0.891096088546166,0.891096088546166,0
"primary","B6","vitamin B6 (expressed as PL)","B6","Misame","1-2 mo.",163,NA,124,84.8257211161727,NA,84.5876426141301,41.5266414590116,NA,39.0983917778941,75.3344888494981,NA,77.279027720343,53.9471520587622,NA,61.7330685637741,106.629194771477,NA,99.2040386880392,16.7995750617939,7.81610161232879,25.783048511259,0.000247109337929814,0.0010625701530982,1
"primary","B6","vitamin B6 (expressed as PL)","B6","Misame","14-21 days",153,NA,119,61.9886508298531,NA,55.4680513204607,153.189183252002,NA,37.9747802775616,43.1323883486565,NA,51.0167798986861,29.8280485719372,NA,29.0803232215537,66.6059630977044,NA,70.5396032665932,29.5305936360831,8.26060029449103,50.8005869776752,0.00650547017052059,0.0199810869523132,1
"primary","B6","vitamin B6 (expressed as PL)","B6","Misame","3-4 mo.",157,NA,123,69.6685831964798,NA,73.6539134349935,36.1110893980893,NA,36.7195525884235,62.2411487161203,NA,64.5082307455622,44.1261933991839,NA,41.3313905341287,83.7216454683562,NA,102.230934574978,23.086811149126,15.7588622323992,30.4147600658527,6.62072707548315e-10,3.08967263522547e-09,1
"primary","B6","vitamin B6 (expressed as PL)","B6","Vital","1.5 mo.",50,NA,100,108.613305785901,NA,138.642146417345,66.9804024171631,NA,70.8700050612118,93.9514060298489,NA,128.811644557152,67.1342330911037,NA,86.031032240726,129.154783596414,NA,164.546569819869,30.7534745664582,9.14700939119441,52.359939741722,0.00527557949908409,0.0133441128506245,1
"primary","B6","vitamin B6 (expressed as PL)","B6","Vital","2 mo.",50,NA,100,115.742414238902,NA,135.830521532327,92.8176335799349,NA,68.3853023288149,92.693963198323,NA,123.635956515245,64.4086498270998,NA,87.5262826433304,119.241005363023,NA,162.818614959874,22.2354399573201,-3.52412299646096,47.9950029111011,0.0906794275724176,0.194960769280698,0
"primary","Macronutrient","Total Carbohydrate","Total carbohydrate","Misame","1-2 mo.",160,NA,122,7.119271875,NA,7.06988524590164,0.345490622099539,NA,0.301487063623937,7.1315,NA,7.107,6.86375,NA,6.86025,7.3845,NA,7.28575,0.0255745095310544,-0.0455201434146885,0.0966691624767974,0.480780586561874,0.574265700615571,0
"primary","Macronutrient","Total Carbohydrate","Total carbohydrate","Misame","14-21 days",152,NA,120,7.06653947368421,NA,6.95739166666667,0.413886263955585,NA,0.48969366682134,7.114,NA,7.016,6.78775,NA,6.7095,7.37725,NA,7.271,0.025884036154177,-0.051942996962903,0.103711069271257,0.514496060169411,0.660402704596646,0
"primary","Macronutrient","Total Carbohydrate","Total carbohydrate","Misame","3-4 mo.",156,NA,123,7.1281858974359,NA,7.09617886178862,0.358844989528225,NA,0.320134398838996,7.189,NA,7.085,6.88025,NA,6.895,7.40475,NA,7.3505,0.0405109731884377,-0.0311369020509971,0.112158848427872,0.267776215661396,0.432561579145331,0
"primary","Macronutrient","Total Carbohydrates","Cho","Elicit","1 mo.",97,101,NA,6.85012371134021,6.82518811881188,NA,0.278516915170484,0.3112070922351,NA,6.864,6.849,NA,6.647,6.649,NA,7.064,7.011,NA,-0.0256127287088326,-0.105472687541502,0.0542472301238372,0.529610503654867,0.695113786047013,0
"primary","Macronutrient","Total Carbohydrates","Cho","Elicit","5 mo.",98,101,NA,6.83333673469388,6.73894059405941,NA,0.2357663942492,0.375583514595148,NA,6.827,6.777,NA,6.64175,6.56,NA,6.97475,6.994,NA,-0.0967143753522288,-0.177801166903778,-0.0156275838006795,0.0194027522448984,0.116416513469391,0
"primary","Macronutrient","Total Carbohydrates","Cho","Vital","1.5 mo.",50,NA,100,6.6725,NA,6.83156,0.42981045893771,NA,0.478430922786966,6.764,NA,6.9095,6.5,NA,6.6995,6.963,NA,7.055,0.155308463772145,0.0102603656936656,0.300356561850624,0.0358515335334139,0.0700734519062182,0
"primary","Macronutrient","Total Carbohydrates","Cho","Vital","2 mo.",50,NA,100,6.75292,NA,6.85387,0.432302843584713,NA,0.649907727016969,6.7925,NA,6.877,6.6215,NA,6.70375,6.96275,NA,7.03725,0.109612080197864,-0.0518989919267254,0.271123152322453,0.183465230281513,0.333298993253726,0
"primary","Macronutrient","Total Energy","Kcal.l","Elicit","1 mo.",97,101,NA,636.590721649485,662.990099009901,NA,108.221889231563,118.87456036087,NA,623.9,646,NA,562.8,574.6,NA,724.6,725.6,NA,25.8482829033904,-4.86421663940936,56.5607824461902,0.0990356755732967,0.378136215825315,0
"primary","Macronutrient","Total Energy","Kcal.l","Elicit","5 mo.",98,101,NA,585.361224489796,613.752475247525,NA,110.815709959116,138.591565107015,NA,570.55,609.6,NA,514,503.3,NA,657.95,683.5,NA,29.2101323191483,-2.0477230559336,60.4679876942303,0.0670161911677856,0.312742225449666,0
"primary","Macronutrient","Total Energy","Kcal.l","Misame","1-2 mo.",160,NA,122,563.683625,NA,521.164098360656,142.738539442306,NA,118.472648018516,539.72,NA,519.76,457.6325,NA,425.88,649.51,NA,586.5925,-28.7525664226381,-59.2124276156904,1.70729477041423,0.0642981659497989,0.131658149325779,0
"primary","Macronutrient","Total Energy","Kcal.l","Misame","14-21 days",152,NA,120,586.823026315789,NA,590.982833333333,110.376060528543,NA,107.151251906742,562.07,NA,573.755,503.9175,NA,530.96,654.5225,NA,658.7425,7.12792082671785,-18.0072022562027,32.2630439096384,0.578337611197966,0.672122088689528,0
"primary","Macronutrient","Total Energy","Kcal.l","Misame","3-4 mo.",156,NA,123,557.660705128205,NA,542.805203252032,132.932670224622,NA,133.964543886082,537.355,NA,519.26,450.23,NA,449.78,628.8075,NA,606.535,7.63884675686302,-21.9244685951531,37.2021621088791,0.612552094881366,0.857572932833912,0
"primary","Macronutrient","Total Energy","Kcal.l","Vital","1.5 mo.",50,NA,100,619.899,NA,692.0147,114.547521770999,NA,149.127851638292,620.45,NA,692.75,526.95,NA,585.145,714.05,NA,765.55,71.7429915773242,29.630404031755,113.855579122893,0.000840823624696138,0.00258252970442385,1
"primary","Macronutrient","Total Energy","Kcal.l","Vital","2 mo.",50,NA,100,663.686,NA,683.446,155.001131016282,NA,165.254860054757,615.5,NA,676.8,559.325,NA,569.125,781.625,NA,783.525,19.76,-33.780839748192,73.300839748192,0.469463483009943,0.696101026531985,0
"primary","Macronutrient","Total Fat","Fat","Elicit","1 mo.",97,101,NA,3.49126804123711,3.78866336633663,NA,1.19219401660922,1.25702320008206,NA,3.346,3.598,NA,2.624,2.878,NA,4.478,4.472,NA,0.277352678397753,-0.0341435245497715,0.588848881345277,0.0809623028920748,0.377824080163016,0
"primary","Macronutrient","Total Fat","Fat","Elicit","5 mo.",98,101,NA,3.09613265306122,3.44372277227723,NA,1.19388492285726,1.51497512929297,NA,2.984,3.348,NA,2.24725,2.221,NA,3.8135,4.365,NA,0.355011915429488,0.00690338633156135,0.703120444527414,0.0456265028227128,0.239539139819242,0
"primary","Macronutrient","Total Fat","Fat","Misame","1-2 mo.",160,NA,122,2.626625,NA,2.19585245901639,1.55155246963734,NA,1.25167022082021,2.276,NA,2.146,1.3775,NA,1.1545,3.56525,NA,2.99025,-0.33407830871881,-0.646205589044862,-0.021951028392759,0.0359225774403841,0.0908629899962656,0
"primary","Macronutrient","Total Fat","Fat","Misame","14-21 days",152,NA,120,2.72025,NA,2.81068333333333,1.20595674556985,NA,1.18504265060524,2.419,NA,2.576,1.84475,NA,2.023,3.39875,NA,3.40575,0.0789162784020263,-0.171955760676689,0.329788317480742,0.537537085136805,0.660402704596646,0
"primary","Macronutrient","Total Fat","Fat","Misame","3-4 mo.",156,NA,123,2.60089102564103,NA,2.47066666666667,1.44803801667131,NA,1.50305475106513,2.348,NA,2.252,1.48525,NA,1.37,3.39275,NA,3.32,0.068509927746419,-0.261566280602746,0.398586136095584,0.684150459690891,0.897947478344294,0
"primary","Macronutrient","Total Fat","Fat","Vital","1.5 mo.",50,NA,100,3.47472,NA,4.097804,1.15318596903694,NA,1.53641905162819,3.359,NA,4.0035,2.62325,NA,3.04875,4.40025,NA,4.859,0.624232195237772,0.193048401199099,1.05541598927645,0.00454721109338767,0.0122206298134794,1
"primary","Macronutrient","Total Fat","Fat","Vital","2 mo.",50,NA,100,3.93796,NA,4.10452,1.55313586616738,NA,1.61308138829153,3.364,NA,4.081,2.84275,NA,2.86,5.1185,NA,5.16875,0.199211377983799,-0.319922110133411,0.71834486610101,0.451983012924968,0.694116769849058,0
"primary","Macronutrient","Total Protein","Protein","Elicit","1 mo.",97,101,NA,1.21079381443299,1.2269702970297,NA,0.228093316893197,0.226091682971557,NA,1.207,1.188,NA,1.071,1.091,NA,1.336,1.344,NA,0.015268634085821,-0.0466172529796225,0.0771545211512645,0.628693197712692,0.719935971524577,0
"primary","Macronutrient","Total Protein","Protein","Elicit","5 mo.",98,101,NA,0.834438775510204,0.857554455445545,NA,0.1670470065535,0.256113548069895,NA,0.796,0.831,NA,0.72825,0.729,NA,0.942,0.945,NA,0.0233087307078468,-0.0325101542278065,0.0791276156435,0.413107374649872,0.599068914018245,0
"primary","Macronutrient","Total Protein","Protein","Misame","1-2 mo.",160,NA,122,1.0629125,NA,1.01854918032787,0.245255056237507,NA,0.247934245563798,1.0305,NA,0.968,0.91075,NA,0.86825,1.17325,NA,1.13275,0.00237732675611424,-0.0526004492132957,0.0573551027255242,0.93245857844682,0.954659973171744,0
"primary","Macronutrient","Total Protein","Protein","Misame","14-21 days",152,NA,120,1.48347368421053,NA,1.49314166666667,0.28782856715605,NA,0.430748270105499,1.472,NA,1.4365,1.3095,NA,1.24025,1.607,NA,1.596,-0.0180407580166082,-0.0909775433366188,0.0548960273034024,0.627823256760505,0.710431580018466,0
"primary","Macronutrient","Total Protein","Protein","Misame","3-4 mo.",156,NA,123,0.961326923076923,NA,0.914951219512195,0.291467104622328,NA,0.195171755114315,0.927,NA,0.891,0.80375,NA,0.787,1.07075,NA,1.017,7.4412594368356e-05,-0.0578050433655713,0.057953868554308,0.997989473975971,0.997989473975971,0
"primary","Macronutrient","Total Protein","Protein","Vital","1.5 mo.",50,NA,100,1.01316,NA,1.12473,0.215865827564726,NA,0.33501909654601,0.9745,NA,1.079,0.895,NA,0.95275,1.13,NA,1.227,0.112810324919412,0.0248700088421112,0.200750640996713,0.0119284940704019,0.0256462622513641,1
"primary","Macronutrient","Total Protein","Protein","Vital","2 mo.",50,NA,100,0.97864,NA,0.99731,0.251594406349033,NA,0.297697008701631,0.987,NA,0.9635,0.80475,NA,0.81375,1.112,NA,1.14775,0.01867,-0.0718341428120212,0.109174142812021,0.685978292962174,0.819362961038152,0
"primary","Micronutrient","Arsenic","As","Misame","1-2 mo.",158,NA,119,0.258131640615514,NA,0.0561686130235608,1.36200721350548,NA,0.238835250277467,0,NA,0,0,NA,0,0,NA,0,-0.107061444489558,-0.337942770173664,0.123819881194548,0.36342912099254,0.473559157656946,0
"primary","Micronutrient","Arsenic","As","Misame","14-21 days",150,NA,119,0.29637708278843,NA,0.186159042810343,0.917826988906687,NA,0.628201712475544,0,NA,0,0,NA,0,0,NA,0,0.0836405966716735,-0.0874035005536418,0.254684693896989,0.337849618860908,0.518840486107822,0
"primary","Micronutrient","Arsenic","As","Vital","1.5 mo.",50,NA,100,0.96449687062108,NA,0.322780781125388,3.18036424817087,NA,1.05300358009832,0,NA,0,0,NA,0,0.708363940004131,NA,0,-0.629519824105433,-1.4899168025747,0.230877154363833,0.151563335867395,0.217240781409932,0
"primary","Micronutrient","Arsenic","As","Vital","2 mo.",49,NA,98,0.779826084827384,NA,0.222622168453841,1.63322412083134,NA,0.702942707765169,0.0079153169011408,NA,0,0,NA,0,0.852760624096524,NA,0.0236185602985122,-0.557425470708308,-1.03185276902165,-0.0829981723949701,0.0212874096192186,0.0762798844688665,0
"primary","Micronutrient","Calcium","Ca","Elicit","1 mo.",98,99,NA,282.551804740111,294.094312443645,NA,67.1181207701342,64.9771761584851,NA,286.82744270112,292.671531181757,NA,230.632202684728,257.771393607291,NA,329.593438815183,331.290810721073,NA,11.0326877194387,-6.20494630113064,28.2703217400081,0.209680162173971,0.518033341841575,0
"primary","Micronutrient","Calcium","Ca","Elicit","5 mo.",99,100,NA,266.365410520321,257.858526978142,NA,44.8904743316958,47.4104358916225,NA,257.160519791659,255.933056328056,NA,240.547373817539,223.701676293409,NA,284.365751591632,284.722133162733,NA,-8.18917702690572,-20.2359126465299,3.85755859271846,0.182744554293665,0.51417447205953,0
"primary","Micronutrient","Calcium","Ca","Misame","1-2 mo.",158,NA,119,263.629468806438,NA,276.957170510014,42.8355437815428,NA,61.3586122427467,263.314765846916,NA,274.825904768823,236.38431798973,NA,241.672629111865,284.574510302684,NA,304.987429783645,-2.99051396214708,-13.7946840608319,7.81365613653771,0.58747172453693,0.66477063566021,0
"primary","Micronutrient","Calcium","Ca","Misame","14-21 days",150,NA,119,267.081869318381,NA,270.408955144981,71.0459318193157,NA,55.2100356503376,260.490405938545,NA,270.855500291489,223.414461631154,NA,240.576306127007,303.994637551088,NA,300.727167928563,-2.65470426468102,-15.6912332707377,10.3818247413757,0.689805617528396,0.760554911633872,0
"primary","Micronutrient","Calcium","Ca","Misame","3-4 mo.",156,NA,121,253.501577182441,NA,256.173278613666,38.2300170429488,NA,37.464861725379,249.168981404925,NA,251.713117618417,225.409922949219,NA,229.079413633928,277.772925522876,NA,283.446783979301,-1.3802387461586,-9.83864741692127,7.07816992460408,0.749100306667401,0.908766217870804,0
"primary","Micronutrient","Calcium","Ca","Vital","1.5 mo.",50,NA,100,298.809484841364,NA,303.341560165759,49.5980807162361,NA,58.7842349174405,300.847367564506,NA,304.944804353535,269.89779682787,NA,272.39086515993,331.561152879607,NA,334.255723674938,5.88336113489487,-11.5879104425939,23.3546327123837,0.50924880862336,0.608269410300125,0
"primary","Micronutrient","Calcium","Ca","Vital","2 mo.",49,NA,98,295.39958450674,NA,304.786413286318,47.6015017926027,NA,62.6914602820713,297.698286727179,NA,299.568512946087,258.756811203237,NA,268.829115833534,323.761970500148,NA,335.71902783711,11.5403774294927,-5.56362385364982,28.6443787126351,0.186027345071847,0.333298993253726,0
"primary","Micronutrient","Chromium","Cr","Elicit","1 mo.",98,99,NA,9.20279818638578,9.84175194769931,NA,5.69786236866408,7.76750168155178,NA,7.955996770027,8.34429418076453,NA,6.32777069150243,6.2615988955158,NA,11.0121739445614,10.2605251072413,NA,0.50209301923463,-1.22331947126463,2.22750550973389,0.568442213121421,0.717014670879786,0
"primary","Micronutrient","Chromium","Cr","Elicit","5 mo.",99,100,NA,12.4574206273108,10.9883740337054,NA,24.0534758190426,6.11863877263099,NA,8.62643936850303,9.37256912546713,NA,6.56341601288801,6.95100768367189,NA,11.4407335505494,12.0424651082366,NA,-1.57380713909285,-6.19554143768873,3.04792715950302,0.504508397817087,0.623216256126989,0
"primary","Micronutrient","Chromium","Cr","Misame","1-2 mo.",158,NA,119,29.6963249452925,NA,18.3313117161587,165.986821513078,NA,36.2464596027547,8.72249878252471,NA,9.81975628927488,5.35743169185087,NA,6.17444215094537,16.1267350941429,NA,16.0378118868966,-12.1439804606037,-41.7298573936693,17.4418964724618,0.421109706656139,0.53257992312394,0
"primary","Micronutrient","Chromium","Cr","Misame","14-21 days",150,NA,119,12.7361985671595,NA,16.2406413164829,13.4342343870355,NA,34.7953008853721,8.35850503243546,NA,9.57374901939934,5.65576795986237,NA,6.30947449713991,13.8240445097758,NA,14.5116404121415,-2.36045979767681,-7.80987508538768,3.08895549003407,0.395895321268597,0.587017200501713,0
"primary","Micronutrient","Chromium","Cr","Misame","3-4 mo.",156,NA,121,15.1577137824197,NA,12.6227061768701,14.8627818954207,NA,8.97461141481264,10.7256078462156,NA,10.6373500691188,6.90336578288415,NA,7.05111903135542,16.6253282903074,NA,15.1044929410317,0.303086671222054,-2.52507817067937,3.13125151312348,0.83363335847384,0.921384238313192,0
"primary","Micronutrient","Chromium","Cr","Vital","1.5 mo.",50,NA,100,5.1169095222883,NA,5.60711920531437,3.63204629893379,NA,8.37382714338017,4.00630569789136,NA,3.89670686328212,3.57604734582508,NA,3.00859757047877,5.67624184338695,NA,5.74969481306836,0.502971405187877,-1.40601015720267,2.41195296757843,0.605572227036821,0.688452718938486,0
"primary","Micronutrient","Chromium","Cr","Vital","2 mo.",49,NA,98,6.99816407912197,NA,6.92535073726521,6.30105624139379,NA,10.5851927596438,4.94908902693749,NA,4.20677405770398,3.53783992991764,NA,3.03121955592909,7.32417942562953,NA,5.41212274627587,-0.0728133418567705,-2.80173233712171,2.65610565340817,0.958292846376695,0.958292846376695,0
"primary","Micronutrient","Copper","Cu","Elicit","1 mo.",98,99,NA,587.53404393294,463.229182518777,NA,1101.3928236056,172.429047629795,NA,472.925617202416,429.967583793372,NA,400.847340959303,371.220649163868,NA,548.852762156103,504.219162222608,NA,-124.391419447166,-342.443771156944,93.6609322626118,0.26352748333132,0.545900645477649,0
"primary","Micronutrient","Copper","Cu","Elicit","5 mo.",99,100,NA,346.945118033501,262.259720288111,NA,726.424520204206,205.989075234914,NA,200.869944830317,215.960487264662,NA,156.712680865931,149.980458929311,NA,277.766819285,281.005928722331,NA,-74.6529534082032,-209.597092212956,60.2911853965498,0.278241099845092,0.584306309674693,0
"primary","Micronutrient","Copper","Cu","Misame","1-2 mo.",158,NA,119,320.414627803497,NA,303.263758146739,208.075674516501,NA,94.7753540644166,301.572987564905,NA,280.86012033711,238.067012673701,NA,244.50486211678,346.910317785718,NA,355.288116348595,-38.7282743800512,-77.5997635820894,0.143214821987058,0.0508500723891069,0.118464637825647,0
"primary","Micronutrient","Copper","Cu","Misame","14-21 days",150,NA,119,670.322705509296,NA,652.742877277821,710.716393001827,NA,454.801009943785,572.307998318297,NA,567.877514095766,492.01024840606,NA,468.846164320791,672.308047835588,NA,656.720546407672,-114.708447450773,-261.444598276268,32.0277033747222,0.125480998081007,0.24525831443106,0
"primary","Micronutrient","Copper","Cu","Misame","3-4 mo.",156,NA,121,225.956187335314,NA,236.960159742091,89.5185623141064,NA,81.8801134069319,224.482039992677,NA,230.340306381651,163.684622839113,NA,178.296009372288,275.259481518142,NA,285.061034654334,2.95123139164366,-15.4302625024168,21.3327252857041,0.753003856930535,0.908766217870804,0
"primary","Micronutrient","Copper","Cu","Vital","1.5 mo.",50,NA,100,385.140010340633,NA,373.173116896595,82.5378972556621,NA,90.3594860756218,376.199436490808,NA,376.829788136149,323.715499684154,NA,313.798039663832,427.913699767083,NA,426.925271076981,-10.3000232354872,-38.4574594097483,17.8574129387739,0.47340055020109,0.581606390247054,0
"primary","Micronutrient","Copper","Cu","Vital","2 mo.",49,NA,98,319.197326273652,NA,325.83099601857,81.1918923041287,NA,93.618509715961,318.601715650078,NA,318.496895381565,264.660486031419,NA,272.384841573384,365.639447537142,NA,384.887150816004,8.89156361143534,-19.2095652995503,36.992692522421,0.535153663511871,0.742309920355176,0
"primary","Micronutrient","Iron","Fe","Elicit","1 mo.",98,99,NA,663.71075156398,553.66846639798,NA,672.762929114612,351.324221871282,NA,464.135538713758,450.423410198755,NA,369.803829841616,343.162151482127,NA,779.3160269556,658.304710183049,NA,-119.503608856936,-259.726862374558,20.7196446606861,0.0948489262968134,0.378136215825315,0
"primary","Micronutrient","Iron","Fe","Elicit","5 mo.",99,100,NA,583.294976565785,679.861035576029,NA,633.067634734704,686.973109291282,NA,410.223810257398,458.412421707204,NA,241.677325486659,286.877587978677,NA,565.218067150546,820.78956624803,NA,88.8033160542624,-90.1507839781828,267.757416086708,0.330750632668688,0.599068914018245,0
"primary","Micronutrient","Iron","Fe","Misame","1-2 mo.",158,NA,119,522.854888136414,NA,413.769082876932,1070.82221519283,NA,266.910852778998,324.870564227394,NA,352.806347024726,245.434189003676,NA,255.796399505586,503.072258848066,NA,484.529203896377,-167.667178563504,-367.909629380129,32.5752722531205,0.100772776851511,0.175715117349047,0
"primary","Micronutrient","Iron","Fe","Misame","14-21 days",150,NA,119,714.666982004578,NA,675.377736921511,742.950859609305,NA,568.718135241388,546.248765016909,NA,513.877190523436,384.014666235578,NA,387.455109663874,833.207693161294,NA,811.53330539435,-178.328708891323,-322.780751036573,-33.8766667460725,0.0155370893984101,0.0445396562754423,1
"primary","Micronutrient","Iron","Fe","Misame","3-4 mo.",156,NA,121,365.729365430926,NA,330.301800730437,199.323381989565,NA,149.866639559325,328.168694026278,NA,298.96524552529,234.235971926564,NA,226.34436418554,437.390947045474,NA,408.656095401326,6.28107926292307,-34.0938527347345,46.6560112605807,0.760435291198954,0.908766217870804,0
"primary","Micronutrient","Iron","Fe","Vital","1.5 mo.",50,NA,100,424.292907036302,NA,457.31676619194,200.443260685281,NA,230.756804182665,401.139066281019,NA,406.61674124305,308.867309293726,NA,317.844305440559,487.361188407808,NA,539.194453037996,31.8914488375701,-34.7187526742973,98.5016503494375,0.348045996393197,0.453514480148711,0
"primary","Micronutrient","Iron","Fe","Vital","2 mo.",49,NA,98,443.971424937442,NA,392.868526838996,234.213018313234,NA,192.06680822218,392.998978374896,NA,344.622128110263,286.099272649366,NA,249.942612164313,515.463679398037,NA,521.619705554353,-50.7826647895985,-124.965185839091,23.399856259894,0.179686704041763,0.333298993253726,0
"primary","Micronutrient","Magnesium","Mg","Elicit","1 mo.",98,99,NA,33.29964897746,34.0557370691297,NA,7.4123928942201,7.15908200945024,NA,32.4340354200584,34.4573784659157,NA,28.175362375975,28.2694851365487,NA,37.6316790555137,38.50503675124,NA,0.728162133892432,-1.15977412509671,2.61609839288158,0.449683575278262,0.68188111413742,0
"primary","Micronutrient","Magnesium","Mg","Elicit","5 mo.",99,100,NA,39.2052329875248,38.2037522708296,NA,7.23560485993039,8.36860061660137,NA,39.3741222791083,37.7575839905443,NA,33.3538676927492,31.26814378698,NA,43.3312799001481,42.6557237335346,NA,-1.03612172043428,-3.0160502582749,0.943806817406334,0.305045265960125,0.599068914018245,0
"primary","Micronutrient","Magnesium","Mg","Misame","1-2 mo.",158,NA,119,32.1962312088612,NA,32.6239208830399,7.47178601623436,NA,7.49429731752649,31.7535931167862,NA,31.6075087011479,26.8529253200957,NA,28.1562961941933,37.2007874146314,NA,36.4351848698925,0.171631682733349,-1.52190432420871,1.86516768967541,0.842549939717264,0.905741185196059,0
"primary","Micronutrient","Magnesium","Mg","Misame","14-21 days",150,NA,119,30.4248429425016,NA,30.019428441277,8.26091395717124,NA,7.96910647425144,29.6347520613368,NA,28.871624640582,25.0359529173755,NA,25.0683587726705,35.1341913360573,NA,33.3593670601185,-1.42737024244386,-3.10961694758651,0.254876462698793,0.0963102940119059,0.217965402237471,0
"primary","Micronutrient","Magnesium","Mg","Misame","3-4 mo.",156,NA,121,36.9215269699488,NA,35.2584424565606,6.85014804726835,NA,6.29580529645286,36.6135540410857,NA,34.9023127725548,32.2895633727105,NA,30.451711564485,41.4103658926696,NA,39.2425450569314,-0.944070804198809,-2.32419567468605,0.436054066288433,0.18001520078033,0.315026601365577,0
"primary","Micronutrient","Magnesium","Mg","Vital","1.5 mo.",50,NA,100,31.5170914934903,NA,29.9559030852542,5.98016853202421,NA,5.27638933074478,30.7143108192031,NA,29.2870309951895,27.3745314930332,NA,25.8683381920323,36.5266353904356,NA,32.7684160251021,-1.40087674179269,-3.20198565614754,0.400232172562165,0.127400845848866,0.195651298982187,0
"primary","Micronutrient","Magnesium","Mg","Vital","2 mo.",49,NA,98,33.4877477745094,NA,32.032862780585,7.07643278875451,NA,5.83816952617992,33.0481309160942,NA,31.4121149529455,30.0136669352112,NA,28.1296348750884,37.1275578672858,NA,35.461347679754,-1.21408274912855,-3.36318528683967,0.935019788582565,0.268192959524696,0.434032391133373,0
"primary","Micronutrient","Manganese","Mn","Elicit","1 mo.",98,99,NA,11.2782132242532,9.01084774652781,NA,15.7155445770535,9.40249737513157,NA,6.87355090431535,6.18379673330821,NA,4.33596147634902,3.28261384366615,NA,13.3347271915559,10.5274885111313,NA,-2.45497795163843,-5.65579090248523,0.74583499920837,0.132770859700013,0.46207548139681,0
"primary","Micronutrient","Manganese","Mn","Elicit","5 mo.",99,100,NA,12.3892663445749,15.0893901284595,NA,14.5650587569236,17.2204970022748,NA,8.48966873180605,9.66353848547084,NA,3.22473646531711,5.94668399994314,NA,13.5283156119008,17.6227148974849,NA,2.38638505781289,-1.73169280556984,6.50446292119562,0.256048823141903,0.566002661682102,0
"primary","Micronutrient","Manganese","Mn","Misame","1-2 mo.",158,NA,119,4.88106176782777,NA,3.59874915188741,9.82365413670598,NA,2.34776943182919,3.00924974544275,NA,3.30268195938664,1.89188452843092,NA,2.22361148089619,4.845749319278,NA,4.61854091703978,-1.63935832528593,-3.13978159844829,-0.138935052123559,0.0322376667878396,0.086638729492319,0
"primary","Micronutrient","Manganese","Mn","Misame","14-21 days",150,NA,119,6.68854291316718,NA,6.0279704636931,5.80923141543156,NA,3.67427912507007,5.30859236259049,NA,5.04179584516198,3.13022259440018,NA,3.58758400904338,7.8297332796802,NA,7.42605920937797,-0.998073080441519,-1.94177765135942,-0.0543685095236174,0.0381833540100605,0.0965814248489766,0
"primary","Micronutrient","Manganese","Mn","Misame","3-4 mo.",156,NA,121,3.23812087521982,NA,3.02465398389663,2.93982923342216,NA,2.51275861805233,2.55683919183608,NA,2.29519974333384,1.18134745684578,NA,1.31005173952827,4.72352470694395,NA,4.29564752203531,0.304110476152881,-0.282799012726115,0.891019965031877,0.309835892589194,0.477362656091434,0
"primary","Micronutrient","Manganese","Mn","Vital","1.5 mo.",50,NA,100,6.04109662878911,NA,6.38122347191162,2.49549146982249,NA,3.8577733234421,5.54396267291066,NA,5.44280752203615,4.28055923336036,NA,4.18701159008281,7.24660362671292,NA,7.68557425061702,0.245234835802225,-0.692880517628264,1.18335018923271,0.608400077201453,0.688452718938486,0
"primary","Micronutrient","Manganese","Mn","Vital","2 mo.",49,NA,98,8.26153773859303,NA,5.75804384476811,13.8427282973305,NA,2.9090530157883,5.63569475576334,NA,4.81400124278562,4.27914690216511,NA,3.68805787644744,7.62006538642442,NA,7.69767561634805,-3.33871534562843,-6.69124824017963,0.0138175489227708,0.0509517475030624,0.132005909853445,0
"primary","Micronutrient","Molybdenum","Mo","Elicit","1 mo.",98,99,NA,5.84369547456646,6.23999112417535,NA,5.07933387881433,6.13080716136291,NA,4.06414058513162,3.55010696934356,NA,2.61555916616949,2.32194934454971,NA,7.07831602630585,7.50084156601448,NA,0.366471451526523,-1.1431905939017,1.87613349695474,0.634229308247842,0.719935971524577,0
"primary","Micronutrient","Molybdenum","Mo","Elicit","5 mo.",99,100,NA,2.6358444611782,3.00844325377861,NA,3.46592954648661,3.17922476439604,NA,1.62946415329305,1.9821209056195,NA,0.921914181243709,0.957949229484131,NA,2.85240813447524,3.60594334100801,NA,0.349175396609668,-0.565693131988001,1.26404392520734,0.454427494730972,0.599068914018245,0
"primary","Micronutrient","Molybdenum","Mo","Misame","1-2 mo.",158,NA,119,2.72494935455802,NA,2.75718355926465,5.10350728137461,NA,4.76247319784157,1.28576447042432,NA,1.36402481743521,0.663525334849891,NA,0.512404680095325,2.73898699882751,NA,3.08126695509414,-0.934792502692718,-2.05574199117702,0.186156985791582,0.10215995194712,0.175715117349047,0
"primary","Micronutrient","Molybdenum","Mo","Misame","14-21 days",150,NA,119,5.33477909296135,NA,6.02875661405342,4.40618000934548,NA,5.93629731894081,4.22837478912327,NA,3.95531707035984,2.21533002015759,NA,1.7285405341966,6.61621876743359,NA,8.67398882187982,-0.133064165053311,-1.19615241073006,0.930024080623443,0.806205635406588,0.806205635406588,0
"primary","Micronutrient","Molybdenum","Mo","Misame","3-4 mo.",156,NA,121,2.09210537060573,NA,1.82307067719956,2.99041493635804,NA,2.53068448726595,0.972697167433409,NA,0.909730767146318,0.383348647806851,NA,0.316744502885469,2.57925240245535,NA,2.23134361792038,-0.0391130401627262,-0.607180607136778,0.528954526811326,0.892652197530787,0.937284807407326,0
"primary","Micronutrient","Molybdenum","Mo","Vital","1.5 mo.",50,NA,100,4.12019171828635,NA,5.38930792079574,4.24522773773656,NA,4.75489831897184,3.03525382712862,NA,3.77484368880955,1.52765970890383,NA,1.68505539522305,4.94969674172639,NA,8.15514516414926,1.26911620250939,-0.224747913888981,2.76298031890776,0.0958942877352024,0.158594398946681,0
"primary","Micronutrient","Molybdenum","Mo","Vital","2 mo.",49,NA,98,4.13647222018453,NA,4.53800928140763,4.99485043664401,NA,4.40526330319437,2.39185000212085,NA,2.72665160029324,1.0648368327809,NA,1.19375226420553,5.73403728802225,NA,6.59109439948333,0.38116060670923,-1.23106424303015,1.99338545644861,0.643097207963405,0.80210200564614,0
"primary","Micronutrient","Phosphorus","P","Elicit","1 mo.",98,99,NA,188.417343630532,194.900296925507,NA,32.7621259169212,35.0796091873599,NA,187.431380974065,191.093356519896,NA,170.734249801783,169.564215560532,NA,210.019079996773,214.504782922804,NA,5.39708242765727,-2.77830481284607,13.5724696681606,0.195701923968319,0.513717550416838,0
"primary","Micronutrient","Phosphorus","P","Elicit","5 mo.",99,100,NA,162.745538389474,161.174614503938,NA,29.4303712195463,30.0645380773759,NA,159.404260474396,154.801686228288,NA,145.390745290273,142.110363449066,NA,173.667703211616,178.252718601933,NA,-1.57089585438052,-9.70200675707247,6.56021504831142,0.704942840971054,0.82243331446623,0
"primary","Micronutrient","Phosphorus","P","Misame","1-2 mo.",158,NA,119,153.440320980349,NA,153.942175820629,29.9929217841078,NA,29.7398859921021,152.310534517628,NA,149.375041118463,133.1347497715,NA,134.235822366596,171.289096889237,NA,168.995922282512,-5.89285576038145,-12.3410633398831,0.555351819120239,0.0732672854881406,0.143204239817729,0
"primary","Micronutrient","Phosphorus","P","Misame","14-21 days",150,NA,119,183.898345020202,NA,184.79448839205,42.8496861848612,NA,31.2160572746466,179.992051109215,NA,181.708396318296,157.862174159288,NA,164.230477880865,202.866096196725,NA,203.283312515186,-1.36300863976871,-9.56073465183179,6.83471737229437,0.74451765010956,0.800356473867776,0
"primary","Micronutrient","Phosphorus","P","Misame","3-4 mo.",156,NA,121,150.645056898281,NA,150.462554961292,27.0944107487535,NA,25.6130220013832,149.371528404212,NA,150.612402592509,133.44189651537,NA,133.272561398538,168.39704374617,NA,160.155167138465,-3.96576399108275,-9.94619407314546,2.01466609097996,0.193704405712335,0.325423401596722,0
"primary","Micronutrient","Phosphorus","P","Vital","1.5 mo.",50,NA,100,164.365827527388,NA,172.327593993134,34.6136078559193,NA,31.010395664731,166.241239962764,NA,173.237245706055,142.328510509357,NA,150.986918876616,188.97907958068,NA,190.816216863338,8.12951577401915,-3.13700967512134,19.3960412231596,0.157291781129471,0.218178922211847,0
"primary","Micronutrient","Phosphorus","P","Vital","2 mo.",49,NA,98,160.075336226249,NA,162.443811231488,30.2694830674006,NA,30.2206283599067,161.018738878213,NA,168.34339076812,141.236183513313,NA,145.16661684367,177.756097490216,NA,179.911612241806,2.36847500523933,-7.95255348177445,12.6895034922531,0.652873725525928,0.80210200564614,0
"primary","Micronutrient","Potassium","K","Elicit","1 mo.",98,99,NA,558.388804573003,555.158477096733,NA,97.3070319920012,91.9175953492826,NA,565.833388011915,555.189249260102,NA,495.873773435963,494.800183511302,NA,634.285242561774,613.435478549415,NA,-3.66501334352552,-22.1575138848931,14.827487197842,0.697687757238748,0.771128573790195,0
"primary","Micronutrient","Potassium","K","Elicit","5 mo.",99,100,NA,515.87763570172,491.90362935434,NA,77.4053130268921,74.3495061073885,NA,511.489459297337,483.326050011317,NA,456.166303645795,446.374608628178,NA,570.322466187068,541.27129929443,NA,-23.637756291386,-42.7314453727164,-4.54406721005555,0.0152489596621045,0.106742717634732,0
"primary","Micronutrient","Potassium","K","Misame","1-2 mo.",158,NA,119,550.562266359774,NA,574.702758498649,85.0154072461368,NA,104.866128859705,545.14747912236,NA,552.934387262776,486.803149029482,NA,509.799041356736,602.029585568268,NA,611.069347317704,11.9377760109494,-9.21239347866202,33.0879455005608,0.268613497651063,0.398288979275714,0
"primary","Micronutrient","Potassium","K","Misame","14-21 days",150,NA,119,712.803026060395,NA,691.593995869393,147.413067259668,NA,102.747387139908,684.204656589866,NA,679.351884817865,612.520761958786,NA,624.458378012765,782.751790848943,NA,753.803164880231,9.12452178109027,-19.846613579317,38.0956571414975,0.537040231002056,0.660402704596646,0
"primary","Micronutrient","Potassium","K","Misame","3-4 mo.",156,NA,121,527.595176477753,NA,520.462598493617,85.0601090725441,NA,72.8898334963832,519.069655296924,NA,513.521784462534,471.937094710987,NA,465.540498046762,566.429195184714,NA,558.071967609299,-6.92559409498574,-25.0246870650912,11.1734988751197,0.453268172868867,0.656457353810083,0
"primary","Micronutrient","Potassium","K","Vital","1.5 mo.",50,NA,100,580.377151782093,NA,578.836516218139,102.002043021737,NA,79.9766928760125,582.804072643859,NA,572.764994140704,523.121224406997,NA,536.050721975362,618.61999930668,NA,623.597586955271,0.493731625880287,-30.4643625614745,31.4518258132351,0.975063576598192,0.975063576598192,0
"primary","Micronutrient","Potassium","K","Vital","2 mo.",49,NA,98,557.228122150267,NA,555.058243446036,85.0213769004219,NA,88.7696096131294,564.897837199122,NA,553.105720672968,498.26213859667,NA,497.295027452337,613.567301777733,NA,608.543808463018,2.19873077942725,-25.4921275116767,29.8895890705312,0.876327384747902,0.913610662664567,0
"primary","Micronutrient","Selenium","Se","Elicit","1 mo.",98,99,NA,13.6390358565119,13.2106359518844,NA,4.22769091271215,4.19840810080459,NA,13.1060421667238,12.3655010886661,NA,10.7543058097582,10.2663503968913,NA,15.7015747090068,15.5580042663004,NA,-0.432390982531135,-1.60092833876564,0.736146373703367,0.468304429145564,0.68188111413742,0
"primary","Micronutrient","Selenium","Se","Elicit","5 mo.",99,100,NA,10.078155541357,10.2601741907681,NA,3.71236201090403,4.51104920178765,NA,9.28926210070574,9.42799107287725,NA,7.80747840001144,7.74881178757779,NA,11.4820682709122,11.9248925083737,NA,0.171845343580282,-0.873412296001713,1.21710298316228,0.747280404606556,0.848264243066901,0
"primary","Micronutrient","Selenium","Se","Misame","1-2 mo.",158,NA,119,5.85772786705534,NA,5.54568931168116,2.52905913999498,NA,2.36030722612051,5.3864688142636,NA,5.36578401820552,4.22891321599085,NA,3.93264211658644,7.31250150927813,NA,6.58252634354738,0.867718390684807,0.320272569111746,1.41516421225787,0.00189250409931891,0.00625982125159333,1
"primary","Micronutrient","Selenium","Se","Misame","14-21 days",150,NA,119,9.80978040493591,NA,9.72031881003606,4.67799597679966,NA,4.3709840584853,8.80194603514699,NA,8.81797232179657,7.09520311624897,NA,6.96902621604834,11.0334416851131,NA,11.5026563793144,0.658969257360525,-0.320736657282572,1.63867517200362,0.187399926508488,0.340224263203956,0
"primary","Micronutrient","Selenium","Se","Misame","3-4 mo.",156,NA,121,4.87634311223152,NA,4.08508516726401,2.22359855671908,NA,1.66482541138354,4.54033464155324,NA,3.82024628695886,3.61833005895758,NA,3.05633329423401,5.76249998503288,NA,5.15724770790729,1.30758640086102,0.940218795440441,1.67495400628159,3.03315772474424e-12,4.24642081464194e-11,1
"primary","Micronutrient","Selenium","Se","Vital","1.5 mo.",50,NA,100,12.8967000438962,NA,12.6967565705598,3.77885333305619,NA,3.05811377298319,12.009114166625,NA,12.2966678944829,10.702059626166,NA,10.9806909258045,13.6185099902274,NA,13.9971217533781,-0.159675169126213,-1.34506130876713,1.02571097051471,0.791769752105669,0.81062141287009,0
"primary","Micronutrient","Selenium","Se","Vital","2 mo.",49,NA,98,11.7317080208237,NA,11.5823758448425,3.26941426828791,NA,3.48105775241765,11.2310543938705,NA,10.9340980340116,9.9199051386994,NA,9.40665490156275,13.1393751427592,NA,13.3037052941079,-0.107954061595475,-1.23082308900217,1.01491496581122,0.850536888415111,0.913610662664567,0
"primary","Micronutrient","Sodium","Na","Elicit","1 mo.",98,99,NA,177.010206263694,188.383702274842,NA,74.9529710601846,98.9949898366701,NA,153.376685001043,163.107316711563,NA,130.299987017288,138.507015193083,NA,196.804934742924,193.493348677989,NA,13.5580815859463,-9.83684360334465,36.9530067752372,0.256015306489729,0.545900645477649,0
"primary","Micronutrient","Sodium","Na","Elicit","5 mo.",99,100,NA,120.702532802936,143.446813908064,NA,80.3356125541241,151.069677578982,NA,104.792302810078,111.515603400228,NA,92.4903435212048,90.5723570781333,NA,123.750114960076,135.285292563795,NA,22.7061814024969,-10.7728169874185,56.1851797924123,0.183752312106605,0.51417447205953,0
"primary","Micronutrient","Sodium","Na","Misame","1-2 mo.",158,NA,119,168.608509190196,NA,164.19173355704,127.281998986519,NA,85.3597714812602,127.125682694991,NA,140.659183800407,110.845920700305,NA,112.260636714599,168.005869650109,NA,174.737738779336,-0.0498550581742734,-23.1204280621868,23.0207179458382,0.996620614781228,0.996620614781228,0
"primary","Micronutrient","Sodium","Na","Misame","14-21 days",150,NA,119,286.431301979746,NA,293.127702201777,185.242710729355,NA,262.366875352031,222.013637875916,NA,207.864942928095,168.878730249144,NA,154.526024889772,366.17157570619,NA,304.018648629818,-31.1324030187856,-77.6794583611084,15.4146523235372,0.189892612020813,0.340224263203956,0
"primary","Micronutrient","Sodium","Na","Misame","3-4 mo.",156,NA,121,157.569862028638,NA,141.907477172803,156.671437111635,NA,95.6540538099725,122.517219675566,NA,121.196205106689,98.2753637721795,NA,98.631801152923,154.337246873903,NA,150.176696627519,2.60386803780756,-25.8074092581476,31.0151453337627,0.857443884769278,0.923401106674607,0
"primary","Micronutrient","Sodium","Na","Vital","1.5 mo.",50,NA,100,295.417501455158,NA,196.602304184435,379.746087324156,NA,170.971381539468,169.77136973594,NA,148.608149231134,125.934945986399,NA,110.079377239798,326.841395843929,NA,214.775209730157,-98.3923749515968,-206.596009535106,9.81125963191199,0.0747090997982881,0.128499651653056,0
"primary","Micronutrient","Sodium","Na","Vital","2 mo.",49,NA,98,230.159264131115,NA,180.055010464898,295.509476387584,NA,152.079851003652,144.776908396192,NA,129.635907745935,109.358474499498,NA,100.83746471642,235.959916240209,NA,186.629548611837,-51.3242655509268,-131.6999357561,29.0514046542466,0.210735961239857,0.362465853332553,0
"primary","Micronutrient","Vitamin A","Vitamin.a","Elicit","1 mo.",98,101,NA,0.571175535467213,0.588509819762051,NA,0.27122028440602,0.237705002608915,NA,0.498316217472436,0.549498978258028,NA,0.394115647142548,0.410178444085415,NA,0.693788405307059,0.757086541785969,NA,0.0182739307662569,-0.0500452916643141,0.086593153196828,0.600105749497567,0.719935971524577,0
"primary","Micronutrient","Vitamin A","Vitamin.a","Elicit","5 mo.",99,101,NA,0.418214396674017,0.456861774651501,NA,0.180412524666673,0.196053682838174,NA,0.385131744327105,0.450409159428997,NA,0.279991923527479,0.332418362061965,NA,0.51561408935853,0.531045810707269,NA,0.0401822874462559,-0.0100057405845577,0.0903703154770695,0.116597711883153,0.408091991591035,0
"primary","Micronutrient","Vitamin A","Vitamin.a","Misame","1-2 mo.",163,NA,124,0.520558093601429,NA,0.471341319237171,0.37499502301572,NA,0.381015209101908,0.43418092766071,NA,0.424154665477887,0.252249890919479,NA,0.252279319661409,0.659964197168812,NA,0.595943345992751,-0.0511388470205966,-0.133454492656906,0.0311767986157123,0.223363228822376,0.343022101405792,0
"primary","Micronutrient","Vitamin A","Vitamin.a","Misame","14-21 days",153,NA,122,0.793610783332544,NA,0.788148084915002,0.487673670456244,NA,0.41417289554809,0.680103030447463,NA,0.721330650554782,0.451510685413911,NA,0.523269938734838,1.01186660865365,NA,0.96360842962122,0.0395746427125457,-0.0563558685816265,0.135505154006718,0.41877247823872,0.600240552142165,0
"primary","Micronutrient","Vitamin A","Vitamin.a","Misame","3-4 mo.",158,NA,123,0.504447025139946,NA,0.437256547315759,0.279998023506151,NA,0.226297896917159,0.462092371395898,NA,0.399773860374869,0.298392632059143,NA,0.266912519104925,0.645286762600605,NA,0.576012342904133,0.0412130776925629,-0.0110945137133219,0.0935206690984476,0.122527086090556,0.245054172181112,0
"primary","Micronutrient","Vitamin A","Vitamin.a","Vital","1.5 mo.",50,NA,100,0.491448365081162,NA,0.668580187831466,0.163255095766743,NA,0.346016830526611,0.462835262671259,NA,0.592686246223753,0.390569688627785,NA,0.442778429926953,0.599386181379603,NA,0.831415673877081,0.177363665877966,0.0961815565274257,0.258545775228506,1.85173759290059e-05,7.23861059042956e-05,1
"primary","Micronutrient","Vitamin A","Vitamin.a","Vital","2 mo.",50,NA,98,0.511782923602767,NA,0.62547529863019,0.253714724834719,NA,0.316859017342346,0.44786984090622,NA,0.599714852893785,0.333105204442968,NA,0.38402785319559,0.67305698949744,NA,0.781248860030271,0.114205418023982,0.0261677283475614,0.202243107700403,0.0110053013622323,0.0430207235069082,1
"primary","Micronutrient","Zinc","Zn","Elicit","1 mo.",98,99,NA,3061.6234794226,3062.01623054404,NA,836.807798784183,832.039418260659,NA,3008.79650507865,3038.54909650451,NA,2538.96927398481,2412.89724698839,NA,3552.82354508098,3503.16339273642,NA,-6.89217515471682,-225.961307499908,212.176957190474,0.950831368559632,0.950831368559632,0
"primary","Micronutrient","Zinc","Zn","Elicit","5 mo.",99,100,NA,1440.82382173195,1510.08721973797,NA,627.489716863427,597.860678659551,NA,1368.56353126229,1434.8588830076,NA,966.898489654571,1094.48863048302,NA,1796.05096565253,1901.57927775302,NA,69.26339800602,-100.62622759785,239.15302360989,0.424249610881022,0.599068914018245,0
"primary","Micronutrient","Zinc","Zn","Misame","1-2 mo.",158,NA,119,2076.43869680683,NA,2037.19878967445,717.714805617012,NA,773.600168897905,2104.39255586373,NA,1958.02155907742,1505.50068834633,NA,1528.07216214941,2501.9354244726,NA,2383.70301692555,-125.278917120757,-286.159840564539,35.6020063230252,0.126951242490577,0.209957824119032,0
"primary","Micronutrient","Zinc","Zn","Misame","14-21 days",150,NA,119,3780.85552603844,NA,3714.00557443581,1263.17095495069,NA,1043.31629898764,3724.03146623711,NA,3727.42769382162,3085.890020099,NA,3070.35058541599,4408.51994103046,NA,4206.25068606665,36.5120087955474,-210.973589695512,283.997607286607,0.77246114614082,0.806205635406588,0
"primary","Micronutrient","Zinc","Zn","Misame","3-4 mo.",156,NA,121,1537.33007003506,NA,1558.92141556262,643.288052651072,NA,667.614720117405,1505.46473388972,NA,1495.28979553355,1059.3049739679,NA,1035.40150522531,1953.78777356894,NA,1971.83320426637,-20.4582256956887,-164.789642943186,123.873191551809,0.781154626639839,0.908766217870804,0
"primary","Micronutrient","Zinc","Zn","Vital","1.5 mo.",50,NA,100,2009.35969912593,NA,2122.4745603935,870.842614563869,NA,784.233355311962,2064.68670353277,NA,2030.78506886149,1345.7184206278,NA,1499.2475315298,2637.38278859667,NA,2730.33522989742,105.502445021552,-177.48238514235,388.487275185454,0.4649538293109,0.581606390247054,0
"primary","Micronutrient","Zinc","Zn","Vital","2 mo.",49,NA,98,1612.82368937236,NA,1681.24238644802,707.223624542858,NA,672.234969463944,1519.39790032247,NA,1641.74711326103,1070.00332227779,NA,1168.24639516492,2105.2605017861,NA,2124.97367317801,68.4186970756541,-168.915519537391,305.752913688699,0.572061298297343,0.745413206872295,0
"primary","Micronutrient","α-Tocopherol","A.tocopherol","Elicit","1 mo.",98,101,NA,4.69224602515053,4.47650135002414,NA,2.3255160610101,2.20517478371994,NA,4.5380423291911,4.19256626179377,NA,3.11876178629747,3.017696663655,NA,6.09790261853009,5.42835946610056,NA,-0.211920916480242,-0.832101407516446,0.408259574555962,0.503025931193516,0.68188111413742,0
"primary","Micronutrient","α-Tocopherol","A.tocopherol","Elicit","5 mo.",99,101,NA,4.61451154839554,5.00685665826649,NA,2.25986308618194,2.39491404146075,NA,4.23654601768422,4.53466606399127,NA,2.93705814458374,3.13700277152797,NA,6.09878885136536,6.79349843995491,NA,0.408444506918945,-0.210499611704461,1.02738862554235,0.195875989356011,0.51417447205953,0
"primary","Micronutrient","α-Tocopherol","A.tocopherol","Misame","1-2 mo.",163,NA,124,5.56573498533707,NA,5.26776808896319,3.65572065893247,NA,3.80848417191369,5.02896646919562,NA,4.42025418115436,2.59527391943139,NA,2.82108636809417,7.03609429511928,NA,6.58707533337993,-0.39654819628718,-1.23239048613282,0.439294093558466,0.352441177433886,0.473559157656946,0
"primary","Micronutrient","α-Tocopherol","A.tocopherol","Misame","14-21 days",153,NA,122,7.96602941557459,NA,8.15457984449189,4.93287635271976,NA,4.92946421290364,6.24705489875605,NA,6.69529961121999,4.64504734739105,NA,4.81367446646125,10.3888955565296,NA,10.4461706793919,0.636742980069987,-0.40637820081027,1.67986416095024,0.231539331875274,0.398247650825472,0
"primary","Micronutrient","α-Tocopherol","A.tocopherol","Misame","3-4 mo.",158,NA,123,5.00536865824322,NA,4.49961038791734,3.06086262593835,NA,2.65703358107902,4.48509027678092,NA,3.74699682391938,2.75717270685771,NA,2.45572694743335,6.46802050252576,NA,6.06598202578413,0.588040590374916,-0.00919980752533456,1.18528098827517,0.0536349735950088,0.112633444549519,0
"primary","Micronutrient","α-Tocopherol","A.tocopherol","Vital","1.5 mo.",50,NA,100,5.12819153808419,NA,6.89208436249015,2.4361947498893,NA,2.84766609710843,4.89992172180257,NA,6.57374802664229,3.64134301773491,NA,4.742558432451,6.08920258457279,NA,8.33484122497682,1.62560716285633,0.929209697032608,2.32200462868006,4.75850751284225e-06,2.23565018501993e-05,1
"primary","Micronutrient","α-Tocopherol","A.tocopherol","Vital","2 mo.",50,NA,98,5.50946090953669,NA,6.3257123669368,2.40395780352776,NA,3.13309535924745,5.12011917377792,NA,5.70783893352869,3.74020218152634,NA,4.42270254687747,6.82537842769188,NA,7.90594692945971,0.860528956765789,0.0414553844842943,1.67960252904728,0.0394786533757616,0.121255863939839,0
"primary","Micronutrient","γ-Tocopherol","G.tocopherol","Elicit","1 mo.",98,101,NA,0.683790996975574,0.688678287859802,NA,0.329737360027911,0.383956622540236,NA,0.61018464001847,0.638690166998072,NA,0.465533543747059,0.406814562852855,NA,0.794718335368062,0.865850514171109,NA,-0.00513290672447697,-0.096523744955684,0.08625793150673,0.912345852698641,0.942145744247432,0
"primary","Micronutrient","γ-Tocopherol","G.tocopherol","Elicit","5 mo.",99,101,NA,0.696652240225862,0.740567712244161,NA,0.386494072921182,0.393957930932615,NA,0.60347029692656,0.636218046068143,NA,0.394676472386232,0.455962329396529,NA,0.893695920474017,0.92854567392833,NA,0.0467689373200959,-0.0554759499544772,0.149013824594669,0.369970684287284,0.599068914018245,0
"primary","Micronutrient","γ-Tocopherol","G.tocopherol","Misame","1-2 mo.",163,NA,124,0.869775720911184,NA,0.865499280126249,0.516696940596612,NA,0.532857944683312,0.770426456806515,NA,0.784674220333474,0.451134645326979,NA,0.503549421048019,1.07506272148259,NA,1.01648603527271,-0.152652248802044,-0.263556527813337,-0.0417479697907518,0.00698081602184641,0.0200116725959597,1
"primary","Micronutrient","γ-Tocopherol","G.tocopherol","Misame","14-21 days",153,NA,122,0.964813215643036,NA,1.05803998388462,0.54543219194676,NA,0.58980652985759,0.885568481042053,NA,0.901707462124514,0.540861204719317,NA,0.663388728668523,1.23765428452483,NA,1.34641283330627,0.0154397475688218,-0.104194503499907,0.13507399863755,0.800307720797292,0.806205635406588,0
"primary","Micronutrient","γ-Tocopherol","G.tocopherol","Misame","3-4 mo.",158,NA,123,1.28178716114499,NA,1.34197801840006,0.65879609163812,NA,0.650234853186377,1.19547300609423,NA,1.41805585349704,0.701865762864003,NA,0.759813864175237,1.77945292265363,NA,1.77446869373755,0.00723076763527031,-0.134621671599164,0.149083206869704,0.920418200943572,0.94286742535683,0
"primary","Micronutrient","γ-Tocopherol","G.tocopherol","Vital","1.5 mo.",50,NA,100,0.690877129038387,NA,0.869026724983391,0.411246521817682,NA,0.603469181514344,0.574419773888352,NA,0.711344477793189,0.3547918428132,NA,0.467680071746849,0.910619424551541,NA,1.06577892884468,0.161920715868932,0.00583142174412532,0.318010009993738,0.04203360301941,0.078584562166723,0
"primary","Micronutrient","γ-Tocopherol","G.tocopherol","Vital","2 mo.",50,NA,98,0.879303880077353,NA,0.765472382817738,0.672957461845273,NA,0.465580166437129,0.699190949558441,NA,0.604712568813882,0.407696151646424,NA,0.423814671579384,1.15254527684982,NA,0.89863161258925,-0.114602537212978,-0.319311375590847,0.0901063011648904,0.272531966525606,0.434032391133373,0
"primary","Other B vitamins","biotin","Bio","Elicit","1 mo.",98,101,NA,13.6611488388651,15.2428176588809,NA,6.21166481690335,6.2739452679388,NA,12.8175897542191,14.638855858706,NA,9.33705695615652,11.1141414031222,NA,17.2995734560965,19.1748393642205,NA,1.54224979259054,-0.160968527160984,3.24546811234206,0.0759423435434969,0.377824080163016,0
"primary","Other B vitamins","biotin","Bio","Elicit","5 mo.",99,101,NA,13.1799190151705,13.8829558171544,NA,7.02275345424998,6.64254938157599,NA,11.8603205079254,13.0286798957095,NA,9.19469383747695,10.0930542070756,NA,15.6452158355788,16.2293955294708,NA,0.65793213036148,-1.07359336351551,2.38945762423847,0.456433458299615,0.599068914018245,0
"primary","Other B vitamins","biotin","Bio","Misame","1-2 mo.",163,NA,124,10.4540544362917,NA,10.1768046701669,3.86149972604785,NA,4.02225951512732,10.2992352755081,NA,9.94087294228022,7.77106265068127,NA,7.48041664875229,12.8480260071782,NA,12.2898644004931,0.308239435142307,-0.48202695711135,1.09850582739596,0.44458476351971,0.546204138038501,0
"primary","Other B vitamins","biotin","Bio","Misame","14-21 days",153,NA,119,8.11175911546544,NA,9.02348584997641,4.52376552513022,NA,4.49977771623099,7.50106363249588,NA,8.89524038094407,4.95527609846125,NA,5.65351954869896,10.4366893211297,NA,11.771957192883,0.498260674098665,-0.456471277448448,1.45299262564578,0.306366192789964,0.48791652925809,0
"primary","Other B vitamins","biotin","Bio","Misame","3-4 mo.",157,NA,123,10.2505447750891,NA,10.6860702324719,3.93193846500269,NA,3.67965659589066,10.1225086454231,NA,10.4229439165676,7.82506245431835,NA,8.03124352275083,12.6359540510762,NA,12.4346820557016,-0.104066572822665,-0.911545896509952,0.703412750864622,0.800579763362375,0.908766217870804,0
"primary","Other B vitamins","biotin","Bio","Vital","1.5 mo.",50,NA,100,9.13578496078196,NA,21.2511809047967,4.76418188914692,NA,15.6209241035156,8.67924116639576,NA,15.9348511459958,5.45643470387381,NA,8.82160428507533,11.3252315446126,NA,29.9502547263465,12.1442329293648,8.85629303363379,15.4321728250958,4.51131964005781e-13,9.69933722612429e-12,1
"primary","Other B vitamins","biotin","Bio","Vital","2 mo.",50,NA,100,7.32394427656627,NA,16.7579063348861,6.36817373980812,NA,12.7415656417183,5.73870640470398,NA,13.5588597859644,3.36516958120152,NA,7.67533572605191,8.92224028276261,NA,21.722648281279,9.44858112942339,6.40833739822283,12.4888248606239,1.12033795618746e-09,4.81745321160607e-08,1
"primary","Other B vitamins","pantothenic acid","Pa","Elicit","1 mo.",98,101,NA,2870.21531407871,2883.62373680862,NA,927.5530528588,953.786871998071,NA,2733.89777923016,2733.67459458923,NA,2229.4905714133,2326.91314700814,NA,3274.25011338331,3377.22998653728,NA,13.4084227299154,-247.320701234721,274.137546694551,0.919713702717732,0.942145744247432,0
"primary","Other B vitamins","pantothenic acid","Pa","Elicit","5 mo.",99,101,NA,2100.66964910815,2252.40375259889,NA,806.384244207629,1011.64084952417,NA,1885.36465339425,2102.59770389846,NA,1575.63892803039,1672.51594116963,NA,2439.02127197611,2467.70793782351,NA,152.05216256202,-99.3214209959662,403.425746120006,0.235798784034913,0.550197162748131,0
"primary","Other B vitamins","pantothenic acid","Pa","Misame","1-2 mo.",163,NA,124,2989.15148194923,NA,2943.09906246274,1350.44051403515,NA,1211.12285189022,2736.48176140625,NA,2871.97467708489,1876.63069444589,NA,2008.85767487894,3842.50052765258,NA,3675.37490886627,1438.12570364378,1211.47990492304,1664.77150236453,1.65656505306883e-35,7.12322972819596e-34,1
"primary","Other B vitamins","pantothenic acid","Pa","Misame","14-21 days",153,NA,119,2882.19977524642,NA,2871.18559121996,1424.68008291555,NA,1348.83348274179,2501.22531123236,NA,2658.66471660235,1742.95301384682,NA,1997.88938969195,3899.10511225085,NA,3462.65514776752,1254.14595567402,975.487980867549,1532.80393048049,1.13300630178847e-18,4.87192709769041e-17,1
"primary","Other B vitamins","pantothenic acid","Pa","Misame","3-4 mo.",157,NA,123,2932.85619334149,NA,2753.02097313315,1271.70852894023,NA,1241.44443518072,2799.83644147796,NA,2314.46440370299,1851.51002319467,NA,1836.3334676115,3808.04577875183,NA,3464.76300270962,1545.38981711521,1332.79517633427,1757.98445789614,4.65675969427211e-46,1.95583907159429e-44,1
"primary","Other B vitamins","pantothenic acid","Pa","Vital","1.5 mo.",50,NA,100,2668.36382513125,NA,4455.85040787682,1388.63935911877,NA,1675.77310803828,2506.33375968029,NA,4292.52011830439,1814.92758071707,NA,3203.42370749917,3342.3586263068,NA,5414.8239238505,1787.48658274557,1283.82298885926,2291.15017663188,3.504380635725e-12,5.0229455778725e-11,1
"primary","Other B vitamins","pantothenic acid","Pa","Vital","2 mo.",50,NA,100,2747.29560282171,NA,4114.77408479143,1459.63224125325,NA,1990.53671108383,2446.57483215688,NA,3950.5615711317,1790.10448898708,NA,3051.69782893696,3136.14841723515,NA,4817.2321687871,1367.47848196971,807.847925537337,1927.10903840209,1.67408897522949e-06,1.7996456483717e-05,1
"primary","Other B vitamins","vitamin B12 (expressed as cyanocobalamin)","B12","Elicit","1 mo.",98,101,NA,218.038315097902,213.092793484672,NA,109.60624925821,108.880189098316,NA,203.853485424588,201.048162230672,NA,161.072306717364,169.254499366286,NA,264.401711026616,248.73865652725,NA,-4.53117331944989,-32.9530586564345,23.8907120175347,0.75468469570046,0.812737364600495,0
"primary","Other B vitamins","vitamin B12 (expressed as cyanocobalamin)","B12","Elicit","5 mo.",99,99,NA,197.935101586204,200.961263330389,NA,119.92768251292,102.636561337125,NA,177.670468948036,175.800253485425,NA,146.811913814956,154.760329531052,NA,220.217870722434,219.282762991128,NA,3.02616174418458,-27.9888915740245,34.0412150623937,0.848341374725545,0.876589927654329,0
"primary","Other B vitamins","vitamin B12 (expressed as cyanocobalamin)","B12","Misame","1-2 mo.",161,NA,120,155.722207369971,NA,153.988865652725,135.696282754189,NA,112.849663761561,144.006590621039,NA,147.747021546261,81.3543726235742,NA,81.5881495564005,187.956653992395,NA,203.853485424588,24.9261307373412,-0.252784845472114,50.1050463201545,0.0523448399694718,0.118464637825647,0
"primary","Other B vitamins","vitamin B12 (expressed as cyanocobalamin)","B12","Misame","14-21 days",144,NA,114,334.094312420786,NA,333.067214550953,262.033300500171,NA,287.865549750629,264.167934093789,NA,219.750316856781,159.202091254753,NA,158.266983523447,398.823447401775,NA,382.692839036755,18.42728395041,-39.3221691782198,76.1767370790398,0.531705097954162,0.660402704596646,0
"primary","Other B vitamins","vitamin B12 (expressed as cyanocobalamin)","B12","Misame","3-4 mo.",154,NA,116,143.547215775353,NA,129.273480180062,150.230172264359,NA,97.5608708191553,139.331051964512,NA,127.642205323194,40.4434093789607,NA,57.0415716096324,191.697084917617,NA,180.475792141952,47.4948704954262,20.7119191255303,74.2778218653221,0.000509611892201182,0.00152883567660355,1
"primary","Other B vitamins","vitamin B12 (expressed as cyanocobalamin)","B12","Vital","1.5 mo.",50,NA,100,266.93645373891,NA,280.905082382763,191.945943026695,NA,177.222062548671,200.580608365019,NA,236.114702154626,178.371799746515,NA,191.930861850444,265.804372623574,NA,313.494866920152,15.3269198344611,-46.9511153819931,77.6049550509152,0.629552765262168,0.694122279648032,0
"primary","Other B vitamins","vitamin B12 (expressed as cyanocobalamin)","B12","Vital","2 mo.",50,NA,100,293.798377693283,NA,298.007561470215,243.03996490253,NA,202.14799664685,212.134727503169,NA,231.550697084917,182.579784537389,NA,181.177122940431,301.104689480355,NA,299.000697084918,5.30369229673295,-71.5181719117401,82.125556505206,0.892363903067717,0.913610662664567,0
"secondary","Bioactive","Calprotectin (S100A8/A9)","Calprotectin","Elicit","1 mo.",99,101,NA,1769503.13754195,2453860.40089499,NA,3166650.5209714,5637430.185415,NA,246906.560250036,327762.982934187,NA,83396.6626311211,81069.6968344903,NA,1527381.52411172,1885944.47146752,NA,655600.673323435,-565706.875412613,1876908.22205948,0.29274764874242,0.93523065603239,0
"secondary","Bioactive","Calprotectin (S100A8/A9)","Calprotectin","Elicit","5 mo.",99,100,NA,673470.866889651,1282133.28188267,NA,1891798.27303668,4833233.63050598,NA,119144.377136416,83473.4016631648,NA,26088.7165208431,29834.5355977437,NA,329257.233440903,495785.722555723,NA,608662.414993016,-406741.859176594,1624066.68916262,0.240051303621733,0.998181792785883,0
"secondary","Bioactive","Calprotectin (S100A8/A9)","Calprotectin","Misame","1-2 mo.",163,NA,124,1206101.58652339,NA,32069793.5176123,2872331.23148779,NA,344441511.416054,280522.756389119,NA,294354.018151129,70523.9015920346,NA,47679.6711019578,1081235.61646764,NA,805476.827251927,24928407.9494416,-20678044.6060243,70534860.5049074,0.284028753252018,0.805858733738183,0
"secondary","Bioactive","Calprotectin (S100A8/A9)","Calprotectin","Misame","14-21 days",154,NA,122,4832441.52164863,NA,3799139.85959917,15906624.2167873,NA,7112649.48849688,1162556.92318179,NA,778877.866612453,280732.804225401,NA,145613.218179476,4070913.29186117,NA,4105477.45595576,509762.386786885,-2083886.33394872,3103411.10752249,0.700077123521812,0.897887116032903,0
"secondary","Bioactive","Calprotectin (S100A8/A9)","Calprotectin","Misame","3-4 mo.",157,NA,123,790859.655319554,NA,762238.426642147,2361370.05938262,NA,2527236.33774435,135870.161332113,NA,115824.166598559,42296.6961601281,NA,28104.4243599412,555186.150571789,NA,493492.233778724,365597.084366934,-156037.453714338,887231.622448206,0.169542128682997,0.39077162616434,0
"secondary","Bioactive","Calprotectin (S100A8/A9)","Calprotectin","Vital","1.5 mo.",50,NA,100,3266613.60348889,NA,2216498.98343701,5668169.19633148,NA,3920538.16720205,462165.868827717,NA,549277.478529498,121889.888704674,NA,165178.237102937,3266679.01820582,NA,2271928.24299051,-1050114.62005189,-2788999.5259424,688770.285838628,0.236561724493262,0.524549910832886,0
"secondary","Bioactive","Calprotectin (S100A8/A9)","Calprotectin","Vital","2 mo.",50,NA,100,2359690.51926395,NA,1646904.14615066,2861055.33942707,NA,3133815.70776215,1023399.85549874,NA,315377.595254836,188449.733044312,NA,113942.60238691,3586112.45712277,NA,1372568.24705994,-712786.373113292,-1711009.93887462,285437.192648037,0.161656572234657,0.44783977446224,0
"secondary","Bioactive","FGF-21","Fgf.21","Elicit","1 mo.",98,101,NA,18.1723772247267,14.2000038101612,NA,32.2949906653375,20.3637300618274,NA,9.48864932051379,6.47036251254382,NA,3.75571663911337,1.72249796599132,NA,20.0963431344015,15.9540782463168,NA,-3.72185429010476,-11.0150634865212,3.5713549063117,0.317211571419525,0.93523065603239,0
"secondary","Bioactive","FGF-21","Fgf.21","Elicit","5 mo.",99,100,NA,16.3500447921202,12.6007558170486,NA,24.3364857495136,14.9583025413114,NA,8.30112611318995,7.89413314906991,NA,3.48702791402616,2.79186572567456,NA,20.2753124695394,17.0189423648217,NA,-3.6036872744468,-9.04546252242708,1.83808797353348,0.194307984817181,0.998181792785883,0
"secondary","Bioactive","FGF-21","Fgf.21","Misame","1-2 mo.",163,NA,124,41.7056997018814,NA,45.5180650200254,35.6920657763147,NA,48.3938719590391,33.8210904002192,NA,29.018347856971,17.5622389281806,NA,13.5630549512461,51.3069745449278,NA,60.0214652594044,-1.69759701721156,-9.75740095112571,6.36220691670258,0.679740246778114,0.936939259072536,0
"secondary","Bioactive","FGF-21","Fgf.21","Misame","14-21 days",154,NA,122,72.8244435137412,NA,66.3508667348938,116.242817991189,NA,80.9472181314198,44.744931523713,NA,38.8669622861565,24.4198974291928,NA,24.0003992428358,80.0377422397107,NA,82.6121656664835,-0.660372485757961,-19.661218576084,18.340473604568,0.945691422921106,0.945691422921106,0
"secondary","Bioactive","FGF-21","Fgf.21","Misame","3-4 mo.",157,NA,123,38.2977388433084,NA,30.49901356942,42.1641637323595,NA,30.1294995819057,26.9284351863602,NA,21.4234456753712,12.8908321662941,NA,11.0154002094044,46.2835063167888,NA,35.0226420580437,-8.95500807132124,-17.1001071592806,-0.809908983361861,0.0311733191366292,0.288553566867268,0
"secondary","Bioactive","FGF-21","Fgf.21","Vital","1.5 mo.",50,NA,100,34.2693248526008,NA,32.1496990685308,37.2069739572711,NA,39.4526111411252,19.8499685315575,NA,18.6400536525527,13.6730573455103,NA,11.4774410284692,40.6474254495993,NA,41.7161271893543,-2.30592202045711,-14.836622790083,10.2247787491688,0.718341603505916,0.788357275601937,0
"secondary","Bioactive","FGF-21","Fgf.21","Vital","2 mo.",50,NA,100,23.9991555954517,NA,24.0537891925773,30.6042838187984,NA,32.7849870275357,16.3243152835954,NA,15.3454436991071,10.6854636371531,NA,9.01286991019844,26.9233817878734,NA,27.6503451367936,0.0620412736822757,-10.2803539403916,10.4044364877562,0.990619246532845,0.993386663461572,0
"secondary","Bioactive","HMO-bound Fucose","Fuc_nmol.ml","Elicit","1 mo.",99,101,NA,10762.4750920569,10606.9595168798,NA,4024.21688456688,3543.48398767381,NA,11478.9941176769,10836.5683969613,NA,7971.49712339229,8150.15975869686,NA,13570.7552341588,13042.3373070065,NA,-70.2595567398312,-1088.18427666836,947.665163188698,0.892389452999489,0.979621118040079,0
"secondary","Bioactive","HMO-bound Fucose","Fuc_nmol.ml","Elicit","5 mo.",99,100,NA,7341.22681998216,7316.21517294152,NA,3183.79066364317,2947.84693592347,NA,7182.40782408659,7009.19381894017,NA,5393.73423203538,5462.96421455574,NA,9387.3351932453,8903.39750025378,NA,51.5157083692075,-754.997584659195,858.02900139761,0.900371628174187,0.998181792785883,0
"secondary","Bioactive","HMO-bound Fucose","Fuc_nmol.ml","Misame","1-2 mo.",163,NA,124,10908.3323198779,NA,10213.6373552474,4499.87223070579,NA,4424.91910320479,10791.0160729279,NA,9862.97451473721,8353.86778642747,NA,7653.86331647235,13734.036984558,NA,12243.4790443983,-372.112453001837,-1366.71917258826,622.494266584591,0.463386572853223,0.805858733738183,0
"secondary","Bioactive","HMO-bound Fucose","Fuc_nmol.ml","Misame","14-21 days",154,NA,122,14448.1277033451,NA,13043.0698733993,6910.23566715018,NA,5938.53742673952,14858.5118619821,NA,12659.0055974135,10470.7012234508,NA,8334.48001478342,18022.214929671,NA,16917.8279357113,-710.302745118835,-2144.44751133852,723.842021100852,0.331682592417772,0.735470096230712,0
"secondary","Bioactive","HMO-bound Fucose","Fuc_nmol.ml","Misame","3-4 mo.",157,NA,123,9981.8872414159,NA,9631.65208562744,4074.83940474331,NA,4075.53967430774,9848.87838437348,NA,9453.48225050683,7708.88660836013,NA,7190.47032070496,12495.9781435203,NA,11529.3232992434,-686.896538840891,-1576.86723886708,203.074161185304,0.130346228644284,0.331536397164895,0
"secondary","Bioactive","HMO-bound Fucose","Fuc_nmol.ml","Vital","1.5 mo.",50,NA,100,8497.42802827115,NA,8917.44493179262,3831.20914073649,NA,3709.21507702741,9044.85685903558,NA,8743.90138076187,5268.28999537705,NA,5698.94599579458,11792.3859119295,NA,11438.8966418719,420.016903521477,-860.342078097057,1700.37588514001,0.520250869645334,0.734036791409183,0
"secondary","Bioactive","HMO-bound Fucose","Fuc_nmol.ml","Vital","2 mo.",50,NA,100,7494.33758410431,NA,8458.28238669009,3405.05829578603,NA,3395.97103615288,7229.06353152517,NA,8422.271512985,4687.8834396085,NA,5997.69692498991,10362.1219402626,NA,10640.4615779653,963.944802585783,-185.127499421324,2113.01710459289,0.100136259630822,0.328396401961104,0
"secondary","Bioactive","HMO-bound Sialic Acid","Sia_nmol.ml","Elicit","1 mo.",99,101,NA,3190.107967063,3102.97028760721,NA,961.331406240511,1046.05980805837,NA,3115.71004678487,3006.46581755142,NA,2466.65618280422,2367.19268522929,NA,3848.18272900958,3819.72770478192,NA,-69.1145844829848,-341.964006588131,203.734837622161,0.619561442474361,0.93523065603239,0
"secondary","Bioactive","HMO-bound Sialic Acid","Sia_nmol.ml","Elicit","5 mo.",99,100,NA,1127.51808890064,1133.45235152844,NA,517.561489393941,472.748833681984,NA,1000.82901376675,1016.01360694494,NA,776.722503170378,832.44040827528,NA,1320.06317045692,1255.89676381383,NA,6.58248211400792,-128.305725443868,141.470689671884,0.923802257671542,0.998181792785883,0
"secondary","Bioactive","HMO-bound Sialic Acid","Sia_nmol.ml","Misame","1-2 mo.",163,NA,124,2167.51256169097,NA,2231.4234320246,866.516576483538,NA,971.98719521143,1985.93556861051,NA,2031.58612593644,1544.49251759277,NA,1606.31398958431,2653.2928730978,NA,2646.78642945924,6.387729034107,-191.55507623729,204.330534305504,0.949568088279009,0.970224158608803,0
"secondary","Bioactive","HMO-bound Sialic Acid","Sia_nmol.ml","Misame","14-21 days",154,NA,122,4568.2280705735,NA,4481.67320719895,1289.38848139943,NA,1518.53991723538,4464.64233559621,NA,4290.63689020477,3662.92970974777,NA,3524.89585342687,5400.07525703625,NA,5073.89193998946,109.175530643447,-187.184339835157,405.535401122051,0.470277297113504,0.785510826465983,0
"secondary","Bioactive","HMO-bound Sialic Acid","Sia_nmol.ml","Misame","3-4 mo.",157,NA,123,1415.69585721856,NA,1528.60334081396,573.611840185675,NA,681.393999716889,1257.9298197108,NA,1321.29289609562,1057.8348460943,NA,1108.72459967474,1718.85208025207,NA,1780.89839876953,20.9118645034337,-124.451001803513,166.27473081038,0.777974247713084,0.881704147408162,0
"secondary","Bioactive","HMO-bound Sialic Acid","Sia_nmol.ml","Vital","1.5 mo.",50,NA,100,2046.05476454541,NA,1832.66734026386,517.252294559885,NA,668.266444018054,2044.70203054159,NA,1672.98539440222,1680.93570269668,NA,1417.27900436104,2393.35724937466,NA,2149.01039541689,-213.387424281555,-406.719644053399,-20.0552045097097,0.0305196734764929,0.307235685654087,0
"secondary","Bioactive","HMO-bound Sialic Acid","Sia_nmol.ml","Vital","2 mo.",50,NA,100,1618.99262474683,NA,1587.61607867728,550.464287497723,NA,635.837318039567,1592.73635930486,NA,1475.35112736326,1191.96228733254,NA,1126.4539160342,2040.26872919973,NA,1891.06356488836,7.75276356159793,-173.988248547092,189.493775670288,0.933367516300233,0.984074346180047,0
"secondary","Bioactive","Insulin","Insulin","Elicit","1 mo.",99,101,NA,57.3921241599916,82.7161006665154,NA,30.235881531019,142.995765924208,NA,49.3776589678693,56.6830461343821,NA,34.9505355048476,41.6804496970125,NA,71.4062841706109,80.6069505975918,NA,25.4955738513394,-2.91379461792411,53.9049423206028,0.0785875092090397,0.93523065603239,0
"secondary","Bioactive","Insulin","Insulin","Elicit","5 mo.",99,100,NA,51.4323764900551,53.975618268469,NA,27.4941657925329,31.7345223131958,NA,45.0485493940983,48.3923141007773,NA,30.9615523397251,32.7189348620049,NA,66.5927882606907,65.6872866058865,NA,2.45952459634262,-5.56578887344088,10.4848380661261,0.548058593519045,0.998181792785883,0
"secondary","Bioactive","Insulin","Insulin","Misame","1-2 mo.",163,NA,124,26.9665899516247,NA,27.4081405578008,15.8078671498136,NA,16.1835848421614,23.3783009897443,NA,23.069676090505,16.1554799875155,NA,16.6500503371741,33.680279475807,NA,34.6577575680583,-0.40174029676967,-3.7650079755885,2.96152738204916,0.814894523946452,0.956254384348972,0
"secondary","Bioactive","Insulin","Insulin","Misame","14-21 days",154,NA,122,23.2309599166857,NA,22.6376112233535,12.3762648157442,NA,11.6074382918951,21.1889632683243,NA,20.1308549800118,14.8931661338138,NA,15.3076153059129,29.99157621463,NA,27.5993768351001,0.512373560871627,-2.08410621913133,3.10885334087458,0.698928415802934,0.897887116032903,0
"secondary","Bioactive","Insulin","Insulin","Misame","3-4 mo.",157,NA,123,27.4989224298918,NA,29.5653508420664,15.2954090209344,NA,15.3084511008249,23.9362231683592,NA,26.8048601333853,17.1579690424219,NA,17.7642693367867,35.9179588337718,NA,38.4567566039424,-0.749714610718826,-4.04921681408281,2.54978759264516,0.65607114730151,0.818201669702937,0
"secondary","Bioactive","Insulin","Insulin","Vital","1.5 mo.",50,NA,100,43.1005156600003,NA,53.4832724575923,20.1155617583843,NA,24.5593720982168,39.731837794506,NA,49.436818054682,27.6191200261466,NA,37.4298746389568,55.3297727595696,NA,63.5386017814586,10.7109140040584,3.84790932357397,17.5739186845428,0.00222177150136593,0.113310346569662,0
"secondary","Bioactive","Insulin","Insulin","Vital","2 mo.",50,NA,100,48.1935517979614,NA,55.7671714471818,23.9758854458813,NA,28.7730518411807,41.7046367465254,NA,47.9392482061946,34.0334388390737,NA,36.8610032515578,59.8777493056268,NA,68.0397667318248,8.70477158863032,0.65978473577567,16.749758441485,0.0339466882132226,0.328396401961104,0
"secondary","Bioactive","Leptin","Leptin","Elicit","1 mo.",99,101,NA,254.51770249531,234.317399526203,NA,378.159856708799,322.765328960005,NA,118.521352467823,134.26614682856,NA,46.2009728014253,53.3967479860654,NA,321.242525688492,263.358774188408,NA,-19.0844130741388,-115.094587704489,76.9257615562114,0.696838528024134,0.93523065603239,0
"secondary","Bioactive","Leptin","Leptin","Elicit","5 mo.",99,100,NA,237.077624596158,377.368281246229,NA,335.913503584352,910.807610505649,NA,90.4263919433094,125.834525738241,NA,41.424183735441,41.3906702906413,NA,301.128659306424,374.431166295881,NA,146.334845109834,-43.0813692414849,335.751059461153,0.129979145115757,0.998181792785883,0
"secondary","Bioactive","Leptin","Leptin","Misame","1-2 mo.",163,NA,124,506.489729440821,NA,411.630380299829,1791.11438559028,NA,974.136181969847,101.964656574075,NA,112.641489069403,37.4678453208235,NA,40.4800210483789,344.895013767579,NA,290.443161416037,265.747273931553,-12.23018946362,543.724737326727,0.0609674635699892,0.706842582734601,0
"secondary","Bioactive","Leptin","Leptin","Misame","14-21 days",154,NA,122,586.120377465063,NA,503.089931514698,1503.47675066576,NA,899.05818318576,137.987444820986,NA,146.702681121947,42.6867573489466,NA,39.4470232624277,370.105926983142,NA,440.110057932002,104.691286571056,-155.926654128931,365.309227271042,0.431091344325065,0.785510826465983,0
"secondary","Bioactive","Leptin","Leptin","Misame","3-4 mo.",157,NA,123,433.301561716761,NA,400.317898954063,1082.73467697192,NA,872.423550640784,77.4477163212987,NA,109.075958056361,22.4560544598247,NA,34.3483878134474,392.716625556475,NA,286.178536130249,128.85450142037,-84.0884417696655,341.797444610406,0.235622575098219,0.462182743461891,0
"secondary","Bioactive","Leptin","Leptin","Vital","1.5 mo.",50,NA,100,120.185715157049,NA,212.202388228082,292.397829172217,NA,1153.07306398443,44.0657839243608,NA,50.2145907892141,13.7064113688359,NA,19.5889339236082,78.955193290411,NA,101.170476581774,91.583925925206,-146.77303134078,329.940883191192,0.451403508327201,0.734036791409183,0
"secondary","Bioactive","Leptin","Leptin","Vital","2 mo.",50,NA,100,105.898166914588,NA,121.76208952592,233.157083308731,NA,204.128077457135,32.6556196904984,NA,43.9763686446643,15.4517871692467,NA,22.8984930865929,88.1717312440496,NA,134.027639270458,15.7607095229763,-59.7937935405375,91.3152125864901,0.682650089330662,0.899661167468582,0
"secondary","Bioactive","Maternal Secretor Status","Secretor","Elicit","1 mo.",99,101,NA,0.828282828282828,0.792079207920792,NA,0.379053710060048,0.407843883935221,NA,1,1,NA,1,1,NA,1,1,NA,-0.0354885446030337,-0.141520691848898,0.0705436026428306,0.511829095912766,0.93523065603239,0
"secondary","Bioactive","Maternal Secretor Status","Secretor","Elicit","5 mo.",99,100,NA,0.787878787878788,0.78,NA,0.410890701806659,0.416333199893227,NA,1,1,NA,1,1,NA,1,1,NA,-0.00662439357160816,-0.119011972188471,0.105763185045255,0.908029021513375,0.998181792785883,0
"secondary","Bioactive","Maternal Secretor Status","Secretor","Misame","1-2 mo.",163,NA,124,0.822085889570552,NA,0.733870967741935,0.38361898211851,NA,0.443725377747986,1,NA,1,1,NA,0,1,NA,1,-0.030885287061605,-0.118543360349823,0.0567727862266129,0.48983570089968,0.805858733738183,0
"secondary","Bioactive","Maternal Secretor Status","Secretor","Misame","14-21 days",154,NA,122,0.831168831168831,NA,0.737704918032787,0.375824928042958,NA,0.441696180097591,1,NA,1,1,NA,0,1,NA,1,-0.031643589773625,-0.117183324350403,0.0538961448031534,0.46842342414373,0.785510826465983,0
"secondary","Bioactive","Maternal Secretor Status","Secretor","Misame","3-4 mo.",157,NA,123,0.828025477707006,NA,0.739837398373984,0.378565848843802,NA,0.440517549081661,1,NA,1,1,NA,0,1,NA,1,-0.0371571686413982,-0.132533061382051,0.0582187240992545,0.445120145823249,0.667680218734873,0
"secondary","Bioactive","Maternal Secretor Status","Secretor","Vital","1.5 mo.",50,NA,100,0.54,NA,0.72,0.503457433905888,NA,0.451260859854213,1,NA,1,0,NA,0,1,NA,1,0.129091739419724,-0.00393530651799104,0.262118785357439,0.0571733967103934,0.307235685654087,0
"secondary","Bioactive","Maternal Secretor Status","Secretor","Vital","2 mo.",50,NA,100,0.54,NA,0.73,0.503457433905888,NA,0.446196043338474,1,NA,1,0,NA,0,1,NA,1,0.13089382440313,0.00442741660015156,0.257360232206108,0.0425011227504628,0.328396401961104,0
"secondary","Bioactive","Secretory IgA","Iga","Elicit","1 mo.",99,101,NA,711013755.148748,683655825.274596,NA,323962458.989111,257042938.217292,NA,674835797.05414,613317361.699809,NA,505390365.058924,523338870.095301,NA,831768132.024412,806752417.969241,NA,-31777476.3573544,-111425801.363217,47870848.6485078,0.434231404127746,0.93523065603239,0
"secondary","Bioactive","Secretory IgA","Iga","Elicit","5 mo.",99,100,NA,508826476.229881,617256555.932883,NA,180760389.147652,807907002.364411,NA,505179957.182672,478484478.054304,NA,386930079.341331,408175540.236722,NA,612803713.25406,582305141.436836,NA,108491230.962886,-51568671.3510377,268551133.27681,0.184014375611295,0.998181792785883,0
"secondary","Bioactive","Secretory IgA","Iga","Misame","1-2 mo.",163,NA,124,592469776.211376,NA,126323760539931,332655034.080343,NA,1406675289782855,491464522.437004,NA,510092391.892723,399865905.964611,NA,363339200.826745,703138923.640162,NA,711596913.582952,100821090284829,-86765525872202.2,288407706441860,0.292152906815862,0.805858733738183,0
"secondary","Bioactive","Secretory IgA","Iga","Misame","14-21 days",154,NA,122,820975292.947429,NA,837450659.90526,409518879.239875,NA,744159788.780914,680858302.861601,NA,657767154.238279,571879740.771659,NA,522127625.235139,987977406.412771,NA,956122138.276003,-117609558.785558,-230071760.813725,-5147356.75739028,0.040396559496395,0.394208331222799,0
"secondary","Bioactive","Secretory IgA","Iga","Misame","3-4 mo.",157,NA,123,723209476.351905,NA,485759693.576917,1884213833.55592,NA,265304019.136193,465598959.981676,NA,409333788.297062,369986359.951285,NA,316614554.406224,608214599.169901,NA,547595137.14065,-74449010.3165452,-388266150.724447,239368130.091356,0.641948780035807,0.818201669702937,0
"secondary","Bioactive","Secretory IgA","Iga","Vital","1.5 mo.",50,NA,100,928312413.793284,NA,857041751.466267,668093277.351682,NA,510729046.771144,739555454.935067,NA,751237296.074054,551351167.863225,NA,540297138.811176,1073093311.59562,NA,994509751.903939,-75547016.4765249,-281580395.960405,130486363.007355,0.472345999011578,0.734036791409183,0
"secondary","Bioactive","Secretory IgA","Iga","Vital","2 mo.",50,NA,100,858211775.73151,NA,813909145.362846,521745907.386889,NA,541577680.130155,649041703.964288,NA,682892881.244452,553185854.417336,NA,511148322.304273,883989199.741366,NA,865940321.913179,-44302630.3686647,-222804872.692989,134199611.955659,0.626651546143153,0.899661167468582,0
"secondary","Bioactive","Total sum of HMO concentrations","Sum_nmol.ml","Elicit","1 mo.",99,101,NA,15402.9319218076,15171.2442235582,NA,3866.17978551292,3822.41641614268,NA,16103.7724262479,15221.9602387657,NA,12680.1902425409,12714.5101623919,NA,18216.4226395462,18232.2128027311,NA,-210.312629177331,-1220.13550276884,799.510244414174,0.683130132821337,0.93523065603239,0
"secondary","Bioactive","Total sum of HMO concentrations","Sum_nmol.ml","Elicit","5 mo.",99,100,NA,8747.64906019331,8871.87828999867,NA,3334.46413389117,3404.14056540437,NA,8212.480251478,8584.32656658038,NA,6634.04031166635,6208.29274537257,NA,10531.6835393836,10472.8219469115,NA,124.229229805358,-809.666313260261,1058.12477287098,0.794308796459994,0.998181792785883,0
"secondary","Bioactive","Total sum of HMO concentrations","Sum_nmol.ml","Misame","1-2 mo.",163,NA,124,13283.7132560886,NA,12710.4515687803,4315.49250951595,NA,4095.39571226325,12665.6017718406,NA,11764.2597623732,10731.1633373997,NA,10062.2387981581,15665.6479194956,NA,15008.4524374372,-264.428810686413,-1230.45287279628,701.595251423455,0.591613725333926,0.914312120970612,0
"secondary","Bioactive","Total sum of HMO concentrations","Sum_nmol.ml","Misame","14-21 days",154,NA,122,19620.1224675314,NA,18270.678720161,5793.4731862993,NA,5065.97587549153,19431.3069118075,NA,18061.0826889901,15582.6661858072,NA,14427.1369085902,23027.0605482883,NA,22110.9745405744,-500.743988323353,-1714.07219107977,712.584214433061,0.418582625575071,0.785510826465983,0
"secondary","Bioactive","Total sum of HMO concentrations","Sum_nmol.ml","Misame","3-4 mo.",157,NA,123,11422.5565269363,NA,11305.1118890549,3772.30386808543,NA,3809.81336448518,11300.7878844662,NA,10582.0434909878,8985.73968703947,NA,9001.15695325864,13805.8218936232,NA,13048.6038192378,-581.605624542275,-1439.42498316232,276.21373407777,0.18389252995969,0.39077162616434,0
"secondary","Bioactive","Total sum of HMO concentrations","Sum_nmol.ml","Vital","1.5 mo.",50,NA,100,11694.0297893452,NA,11879.1145288151,3764.74873037188,NA,3661.07996107041,12020.9820734971,NA,11484.0971689359,8664.65180666361,NA,9182.54677051854,14426.4642670057,NA,14293.7625930295,185.084739469956,-1074.86423353195,1445.03371247186,0.773411066424652,0.821749258076193,0
"secondary","Bioactive","Total sum of HMO concentrations","Sum_nmol.ml","Vital","2 mo.",50,NA,100,9978.27905762592,NA,10991.4890738017,3074.43317201285,NA,3474.46312858377,9522.33973997401,NA,10822.8712950028,7750.76775629607,NA,8070.67581206885,12730.8877180138,NA,13076.2122906154,1013.21001617581,-72.4386849036421,2098.85871725525,0.0673715096012717,0.328396401961104,0
"secondary","Individual HMO containing Fucose","2’-fucosyllactose","X2.fl_nmol.ml","Elicit","1 mo.",99,101,NA,4155.04740969386,3926.33953518049,NA,2957.74036688353,2892.92845434151,NA,4204.44695770392,3843.69961967961,NA,1536.26610989399,1758.93163970494,NA,5998.57945852093,5787.33271804387,NA,-228.707874513372,-1037.69237524319,580.276626216445,0.579509661350483,0.93523065603239,0
"secondary","Individual HMO containing Fucose","2’-fucosyllactose","X2.fl_pct","Elicit","1 mo.",99,101,NA,25.1050317215689,23.7724931889953,NA,16.1391803171583,15.2277334105881,NA,26.4666519963763,26.8043573276393,NA,13.5558995877854,12.5604378768947,NA,35.1625770719399,34.1285507121555,NA,-1.30923055756876,-5.6352914635752,3.01683034843767,0.553074318542608,0.93523065603239,0
"secondary","Individual HMO containing Fucose","2’-fucosyllactose","X2.fl_nmol.ml","Elicit","5 mo.",99,100,NA,2997.3519910709,3006.72259855436,NA,2390.03607412044,2573.99573624309,NA,2699.54061757378,2610.96156243694,NA,1569.06081576536,1354.85042480615,NA,4078.46325933819,4147.99409947347,NA,9.37060748345311,-678.933006746688,697.674221713594,0.978712516900726,0.998181792785883,0
"secondary","Individual HMO containing Fucose","2’-fucosyllactose","X2.fl_pct","Elicit","5 mo.",99,100,NA,31.2188353252516,29.795293409771,NA,19.5796775075443,18.9872146121508,NA,31.3176967354174,31.7999138637737,NA,20.7829674743901,16.1797433255186,NA,43.65100570758,43.416974736347,NA,-1.39892357266423,-6.72888449083504,3.93103734550659,0.606958205549348,0.998181792785883,0
"secondary","Individual HMO containing Fucose","2’-fucosyllactose","X2.fl_nmol.ml","Misame","1-2 mo.",163,NA,124,5089.95153269506,NA,4283.19754177393,3678.17989023261,NA,3458.38923370722,4867.64951421413,NA,4259.68910507037,2603.59356679121,NA,249.906174057543,7274.60666329571,NA,6348.96460976251,-570.573559463614,-1347.14628324035,205.999164313124,0.149853225820546,0.706842582734601,0
"secondary","Individual HMO containing Fucose","2’-fucosyllactose","X2.fl_pct","Misame","1-2 mo.",163,NA,124,35.3420722148188,NA,30.9809453523247,20.9573846027973,NA,21.6733307487788,37.0254763637916,NA,36.4562573647272,21.6260420701683,NA,2.21210226008352,49.7699485000094,NA,46.6447451895446,-3.92259364484956,-8.55339448037665,0.70820719067752,0.0968704585362434,0.706842582734601,0
"secondary","Individual HMO containing Fucose","2’-fucosyllactose","X2.fl_pct","Misame","14-21 days",154,NA,122,30.3351841162389,NA,26.5762752648506,18.3863359819302,NA,19.4359452064713,31.8630976712032,NA,28.8585745706485,19.3432330478726,NA,0.719654404196946,43.231148639796,NA,41.3747123555206,-4.12036962192942,-8.23271285216726,-0.00802639169157349,0.0495545193739842,0.394208331222799,0
"secondary","Individual HMO containing Fucose","2’-fucosyllactose","X2.fl_nmol.ml","Misame","14-21 days",154,NA,122,6442.18493713265,NA,5378.07092113014,4703.51204234814,NA,4406.71487361516,6028.54229909237,NA,5534.29305664402,2662.5619549364,NA,118.078380480722,9487.27471928802,NA,8234.63107264116,-788.203968995344,-1797.95262717263,221.544689181944,0.12603243194152,0.565858837539457,0
"secondary","Individual HMO containing Fucose","2’-fucosyllactose","X2.fl_nmol.ml","Misame","3-4 mo.",157,NA,123,4711.55154485118,NA,4066.64884860521,3509.73321836354,NA,3294.09338629646,4606.10528611351,NA,4056.90971685763,2549.89222572203,NA,157.939177108964,6284.98230498856,NA,6544.79774912271,-735.433003620539,-1511.51721961785,40.6512123767666,0.0632683038153647,0.288553566867268,0
"secondary","Individual HMO containing Fucose","2’-fucosyllactose","X2.fl_pct","Misame","3-4 mo.",157,NA,123,38.0781239675847,NA,32.7593605486692,22.9044423918212,NA,23.6748758431273,39.9320103132568,NA,34.6028587569586,23.6641270316266,NA,1.45473379853999,53.5070684170197,NA,50.7606626422598,-4.45016291444482,-9.33954141671648,0.439215587826831,0.0744400247044449,0.292033943071284,0
"secondary","Individual HMO containing Fucose","2’-fucosyllactose","X2.fl_pct","Vital","1.5 mo.",50,NA,100,21.4479343469679,NA,28.2543084858519,20.4622291637983,NA,19.9525848015424,21.3144893341343,NA,32.5902039663307,0.18681119744218,NA,4.61832906576417,39.6929323569114,NA,44.9106300599163,4.12236185790977,-1.14460117140249,9.38932488722204,0.125022203569811,0.392034374015145,0
"secondary","Individual HMO containing Fucose","2’-fucosyllactose","X2.fl_nmol.ml","Vital","1.5 mo.",50,NA,100,3097.12885372335,NA,3844.39115259152,3181.34912225739,NA,3212.63548755859,3060.7615185349,NA,3752.20700816589,10.9221661601053,NA,539.178337106429,5290.61110213043,NA,5633.33839013173,212.245284687336,-571.713612791255,996.204182165927,0.595674314667911,0.778958719181114,0
"secondary","Individual HMO containing Fucose","2’-fucosyllactose","X2.fl_nmol.ml","Vital","2 mo.",50,NA,100,2636.97818695191,NA,3604.04193215708,2814.93327034722,NA,2819.63867609211,2210.28199999064,NA,3924.99091104654,6.84593395763629,NA,628.069639884455,5032.6841676092,NA,5248.41793498036,967.063745205168,15.7508300062735,1918.37666040406,0.0463255441087606,0.328396401961104,0
"secondary","Individual HMO containing Fucose","2’-fucosyllactose","X2.fl_pct","Vital","2 mo.",50,NA,100,22.3127539793488,NA,29.3840008798424,21.9105492951242,NA,20.5398364709172,21.1055539504955,NA,35.2651391057519,0.0911079748537256,NA,7.57428722376402,42.2351112904013,NA,44.1088239436462,5.04237741002246,-0.882892132826202,10.9676469528711,0.0953315235914776,0.328396401961104,0
"secondary","Individual HMO containing Fucose","3-fucosyllactose","X3fl_nmol.ml","Elicit","1 mo.",99,101,NA,297.432771658403,327.940848778432,NA,215.28910962406,308.515804001041,NA,243.523586240145,225.862389590935,NA,158.325600057267,119.819902183408,NA,378.389499389663,427.86924033929,NA,33.0171327878334,-39.1064361870161,105.140701762683,0.369589089083503,0.93523065603239,0
"secondary","Individual HMO containing Fucose","3-fucosyllactose","X3fl_pct","Elicit","1 mo.",99,101,NA,2.27205193403531,2.46286087001336,NA,2.34638219876904,2.57628971147199,NA,1.67738026176298,1.60357033335651,NA,0.824025894051185,0.825737425618717,NA,3.01888198872115,2.84614648373154,NA,0.201688527153302,-0.468783280395268,0.872160334701872,0.555466781482466,0.93523065603239,0
"secondary","Individual HMO containing Fucose","3-fucosyllactose","X3fl_nmol.ml","Elicit","5 mo.",99,100,NA,546.140316367563,563.007538146445,NA,313.126006243825,354.076225059345,NA,499.276699397286,471.803227798941,NA,354.622919256733,336.062129560752,NA,750.198021502966,768.230288368085,NA,23.0116109751784,-61.2545570447706,107.277778995127,0.592489612641062,0.998181792785883,0
"secondary","Individual HMO containing Fucose","3-fucosyllactose","X3fl_pct","Elicit","5 mo.",99,100,NA,7.34748836248062,7.86510627577978,NA,5.5595906899426,6.46788128162579,NA,6.06269194047917,5.769522614146,NA,3.63714891775377,3.27484943490599,NA,9.9024610546204,11.4030248107036,NA,0.51352074725608,-1.11680771027332,2.14384920478548,0.537004340200939,0.998181792785883,0
"secondary","Individual HMO containing Fucose","3-fucosyllactose","X3fl_nmol.ml","Misame","1-2 mo.",163,NA,124,1551.15588259498,NA,1808.15804422999,1447.51185775609,NA,1547.01756226929,1179.29420271926,NA,1339.6372562139,368.469113164512,NA,472.628880628257,2213.05050471525,NA,2595.3503929326,141.762025586182,-193.115480237207,476.63953140957,0.406707411677322,0.805858733738183,0
"secondary","Individual HMO containing Fucose","3-fucosyllactose","X3fl_pct","Misame","1-2 mo.",163,NA,124,12.6914032660225,NA,15.7042336145947,12.4430128708369,NA,14.3264294348859,8.78177999319673,NA,11.090704137373,3.20978354403362,NA,4.63337004892781,16.8820316453134,NA,22.7187101291856,1.36243686527993,-1.41727156726837,4.14214529782822,0.336728128435471,0.805858733738183,0
"secondary","Individual HMO containing Fucose","3-fucosyllactose","X3fl_pct","Misame","14-21 days",154,NA,122,6.24792903450821,NA,8.27199395734169,7.0435660993855,NA,8.81243849385649,4.15560761944354,NA,5.43475383881685,1.47053110976865,NA,2.33081213141482,8.02595774106794,NA,9.14818169293339,0.59898309170322,-1.20032666927163,2.39829285267806,0.514101730458634,0.819349632918448,0
"secondary","Individual HMO containing Fucose","3-fucosyllactose","X3fl_nmol.ml","Misame","14-21 days",154,NA,122,1119.38297706641,NA,1277.39692929988,1186.49982545979,NA,1149.46705127281,774.399621791153,NA,1006.82137855857,289.144924969812,NA,433.862032320112,1516.62164480405,NA,1631.91041950432,39.8120272615893,-222.354238775634,301.978293298813,0.765980934463383,0.930119706134108,0
"secondary","Individual HMO containing Fucose","3-fucosyllactose","X3fl_pct","Misame","3-4 mo.",157,NA,123,17.0875007226294,NA,20.3693408432453,15.3049842875467,NA,17.4528434352612,13.4133335049165,NA,16.9569300800831,3.67633931189896,NA,5.78284491476836,24.6564618465408,NA,29.2827019332786,0.486378983877028,-3.18865904447588,4.16141701222994,0.795330738669734,0.8817797320034,0
"secondary","Individual HMO containing Fucose","3-fucosyllactose","X3fl_nmol.ml","Misame","3-4 mo.",157,NA,123,1839.12710907424,NA,2139.2974945705,1659.67918799312,NA,1778.75509677727,1527.87119027516,NA,1879.82687804026,404.9452164522,NA,563.338287961925,2694.8479424123,NA,3068.52890185809,26.9802113409837,-361.528949107428,415.489371789395,0.891733791788956,0.909859422997614,0
"secondary","Individual HMO containing Fucose","3-fucosyllactose","X3fl_nmol.ml","Vital","1.5 mo.",50,NA,100,285.756514071246,NA,219.837126520729,231.787435930265,NA,175.934602203766,217.12055585013,NA,158.171770242728,97.6096543954149,NA,88.1468605325951,438.772172134591,NA,300.17967332868,-54.0937687430515,-107.439356926643,-0.748180559460394,0.0468722416778511,0.307235685654087,0
"secondary","Individual HMO containing Fucose","3-fucosyllactose","X3fl_pct","Vital","1.5 mo.",50,NA,100,3.3453741471112,NA,2.31931458449196,3.82720974982918,NA,2.37511083477182,1.6872800725567,NA,1.38229672316294,0.750816519966785,NA,0.608535802284187,5.14010981924657,NA,3.2866832371798,-0.93575117054734,-2.02874168059708,0.157239339502403,0.0933470066908024,0.345087007916713,0
"secondary","Individual HMO containing Fucose","3-fucosyllactose","X3fl_nmol.ml","Vital","2 mo.",50,NA,100,336.509139643546,NA,255.255886002495,283.547676451937,NA,203.008515849913,250.661158222417,NA,195.661143533931,107.888993414274,NA,117.602035009871,493.748472456724,NA,350.721099201665,-64.6127219581681,-140.643868531038,11.4184246147014,0.0957901483505563,0.328396401961104,0
"secondary","Individual HMO containing Fucose","3-fucosyllactose","X3fl_pct","Vital","2 mo.",50,NA,100,4.20670370942479,NA,2.93953369711356,4.49385992531394,NA,3.19730725436402,2.5670378452628,NA,1.81085435312966,0.972165866872977,NA,0.814662369770241,6.70440329025831,NA,3.53918106836987,-1.09133735895467,-2.40330983056824,0.2206351126589,0.103026322183876,0.328396401961104,0
"secondary","Individual HMO containing Fucose","Difucosyllacto-N-hexaose","Dflnh_pct","Elicit","1 mo.",99,101,NA,0.6100924987709,0.637756285905021,NA,0.508055510404695,0.529028855024248,NA,0.460594861322001,0.440790418379454,NA,0.243405987094139,0.248964266805954,NA,0.81256558122029,0.881641868906329,NA,0.029496933840766,-0.109804366550522,0.168798234232054,0.678126724579175,0.93523065603239,0
"secondary","Individual HMO containing Fucose","Difucosyllacto-N-hexaose","Dflnh_nmol.ml","Elicit","1 mo.",99,101,NA,88.9209180190378,91.0578509314713,NA,73.8048588956082,74.8650852496911,NA,71.1654342679546,66.5740256210464,NA,37.5433460714833,42.1649676985501,NA,117.693308775377,117.266234869844,NA,2.18248210006365,-18.1459211307212,22.5108853308485,0.83333667085113,0.965912959395627,0
"secondary","Individual HMO containing Fucose","Difucosyllacto-N-hexaose","Dflnh_nmol.ml","Elicit","5 mo.",99,100,NA,49.8799640805671,50.6046072868111,NA,41.6416545100264,38.5485645053201,NA,41.6661143242752,37.4133261052386,NA,17.9767724985401,25.7906732659814,NA,69.5332730671315,62.5076391082874,NA,0.391403230684212,-10.1556237600645,10.938430221433,0.942017130070796,0.998181792785883,0
"secondary","Individual HMO containing Fucose","Difucosyllacto-N-hexaose","Dflnh_pct","Elicit","5 mo.",99,100,NA,0.594726830655939,0.633585610749078,NA,0.430685020333725,0.474772393865005,NA,0.524982266720854,0.502116027420412,NA,0.267151061399985,0.280787866109056,NA,0.798946489930957,0.829448391385171,NA,0.0371376342057202,-0.0881292011630219,0.162404469574462,0.561195291611173,0.998181792785883,0
"secondary","Individual HMO containing Fucose","Difucosyllacto-N-hexaose","Dflnh_nmol.ml","Misame","1-2 mo.",163,NA,124,80.6118562395623,NA,72.2843304435791,65.73172728968,NA,60.285761752526,65.8761043792588,NA,48.7471873642975,29.1490737030828,NA,32.4780283866206,107.478127709122,NA,96.9693259179394,2.90274139266241,-10.4092238474193,16.2147066327442,0.669102524011596,0.936939259072536,0
"secondary","Individual HMO containing Fucose","Difucosyllacto-N-hexaose","Dflnh_pct","Misame","1-2 mo.",163,NA,124,0.648168659409858,NA,0.615649795628447,0.527168860026916,NA,0.507886062310369,0.552115862696974,NA,0.452475786436815,0.265259068807027,NA,0.249095026449854,0.849328710179345,NA,0.873235050778775,0.0178507198753823,-0.0971758143685169,0.132877254119282,0.761004027701252,0.946614766164973,0
"secondary","Individual HMO containing Fucose","Difucosyllacto-N-hexaose","Dflnh_nmol.ml","Misame","14-21 days",154,NA,122,112.124213045008,NA,100.540075864134,139.824961490336,NA,107.426470139572,68.6728476183796,NA,69.9662344157824,37.6127620418706,NA,37.6631962455275,127.61161833347,NA,125.129522047682,-7.69681465143228,-34.3172060062141,18.9235767033495,0.570925583535274,0.871702061673441,0
"secondary","Individual HMO containing Fucose","Difucosyllacto-N-hexaose","Dflnh_pct","Misame","14-21 days",154,NA,122,0.611945840525136,NA,0.601597149551252,0.686448363439746,NA,0.609880866712848,0.362028873990484,NA,0.392659689563797,0.200366836957837,NA,0.22319191660808,0.705746411152706,NA,0.748724950350065,0.0137881781888843,-0.131385279372341,0.158961635750109,0.85232554715998,0.933586529535075,0
"secondary","Individual HMO containing Fucose","Difucosyllacto-N-hexaose","Dflnh_nmol.ml","Misame","3-4 mo.",157,NA,123,68.658121051614,NA,66.6536182028317,57.3574115272169,NA,53.6030251584237,51.3217042534646,NA,53.5071787010029,26.2323612920294,NA,28.1497238884665,94.7897445953882,NA,83.0165641949523,11.5308175522976,-0.612245288346292,23.6738803929415,0.0627238607110963,0.288553566867268,0
"secondary","Individual HMO containing Fucose","Difucosyllacto-N-hexaose","Dflnh_pct","Misame","3-4 mo.",157,NA,123,0.638323539990405,NA,0.623687882856319,0.520703821070097,NA,0.469166784873158,0.483983308531437,NA,0.542824163050002,0.241315743719756,NA,0.244775029464789,0.917110811223784,NA,0.882828837738904,0.103109852382131,-0.00758260819310064,0.213802312957363,0.0678949569099454,0.288553566867268,0
"secondary","Individual HMO containing Fucose","Difucosyllacto-N-hexaose","Dflnh_pct","Vital","1.5 mo.",50,NA,100,1.01934514209727,NA,0.852073467270346,0.974362596778115,NA,0.792649403343467,0.715229710630217,NA,0.552165184204095,0.25205168880227,NA,0.19638543681847,1.56075652722743,NA,1.36197530838268,-0.140470623184684,-0.434600857464342,0.153659611094974,0.349253122188022,0.659700341910708,0
"secondary","Individual HMO containing Fucose","Difucosyllacto-N-hexaose","Dflnh_nmol.ml","Vital","1.5 mo.",50,NA,100,94.8343467847968,NA,88.9286761754394,70.3700488875747,NA,79.0397256565677,80.369998065677,NA,66.354586052755,34.0601536218406,NA,24.7644321670946,144.354778393434,NA,127.861644053994,-5.30096824895753,-29.9026416679901,19.300705170075,0.672793593813079,0.788357275601937,0
"secondary","Individual HMO containing Fucose","Difucosyllacto-N-hexaose","Dflnh_nmol.ml","Vital","2 mo.",50,NA,100,96.9854087488378,NA,65.5414173229176,99.5593505759011,NA,62.9633513365787,58.4414333274464,NA,45.7059335420654,25.6803267871264,NA,15.0396546030153,137.026198813806,NA,104.061479679732,-24.4317792731797,-51.1269940509505,2.26343550459119,0.0728479010778766,0.328396401961104,0
"secondary","Individual HMO containing Fucose","Difucosyllacto-N-hexaose","Dflnh_pct","Vital","2 mo.",50,NA,100,1.05793395212164,NA,0.680894501447828,0.968130364417331,NA,0.673529543022582,0.792981529543009,NA,0.441746326096488,0.243930342837823,NA,0.152091251875036,1.79614290052278,NA,1.12295750296365,-0.294607007281543,-0.556505905143878,-0.032708109419207,0.0274723048993759,0.328396401961104,0
"secondary","Individual HMO containing Fucose","Difucosyllacto-N-tetrose","Dflnt_nmol.ml","Elicit","1 mo.",99,101,NA,1086.96642473445,1010.91218743527,NA,715.36636464999,639.02912366434,NA,1084.52359037123,1082.20412626961,NA,526.276562434962,583.395304014153,NA,1501.326046077,1414.34946481877,NA,-75.9166916283053,-263.202304736352,111.368921479741,0.426918199343998,0.93523065603239,0
"secondary","Individual HMO containing Fucose","Difucosyllacto-N-tetrose","Dflnt_pct","Elicit","1 mo.",99,101,NA,6.74293374836081,6.5772661378558,NA,3.69610935390031,3.59742570314126,NA,7.18038519370692,7.23235867343361,NA,4.68958514773005,4.6698798058638,NA,9.00585787997538,8.92722072631053,NA,-0.130814388365922,-1.10982853037801,0.848199753646168,0.7934082369937,0.941019071783225,0
"secondary","Individual HMO containing Fucose","Difucosyllacto-N-tetrose","Dflnt_nmol.ml","Elicit","5 mo.",99,100,NA,573.941431234826,527.081111175877,NA,398.887601677151,341.122134935861,NA,569.976270297709,550.56413801729,NA,258.300102069449,283.621006559305,NA,791.560761662516,706.179495782146,NA,-44.0646802156429,-138.958400399581,50.8290399682956,0.362756374077535,0.998181792785883,0
"secondary","Individual HMO containing Fucose","Difucosyllacto-N-tetrose","Dflnt_pct","Elicit","5 mo.",99,100,NA,6.27482025018905,6.10270316170124,NA,3.20264664974667,3.08354929381305,NA,6.51716344911661,6.29270980113471,NA,4.40119821322935,4.65676163348067,NA,8.5847698574343,8.21412989701626,NA,-0.146167537026781,-0.983261212029568,0.690926137976007,0.732173728954031,0.998181792785883,0
"secondary","Individual HMO containing Fucose","Difucosyllacto-N-tetrose","Dflnt_nmol.ml","Misame","1-2 mo.",163,NA,124,526.009625196239,NA,507.155424881644,572.902200680778,NA,583.880497356021,380.178825181873,NA,320.459827813077,18.4924214176983,NA,23.5934453698775,923.319447692599,NA,813.959741600409,46.9018762137297,-85.6888298013967,179.492582228856,0.488117272720628,0.805858733738183,0
"secondary","Individual HMO containing Fucose","Difucosyllacto-N-tetrose","Dflnt_pct","Misame","1-2 mo.",163,NA,124,3.75386832710453,NA,3.64243245433555,3.59269214592351,NA,3.45636627402127,3.15572362436547,NA,3.05544145549857,0.141320967041427,NA,0.229067307963517,6.68952049017087,NA,6.52888402828829,0.161299500538286,-0.58958767931161,0.912186680388182,0.673737860345273,0.936939259072536,0
"secondary","Individual HMO containing Fucose","Difucosyllacto-N-tetrose","Dflnt_nmol.ml","Misame","14-21 days",154,NA,122,926.977940876346,NA,919.737699697284,1074.65765455725,NA,1028.64926897893,722.762096982317,NA,547.633532956359,31.1747157712848,NA,41.0100714596193,1594.85034239499,NA,1691.71085689385,123.509913899142,-104.365570938093,351.385398736377,0.288093827655385,0.720528538676996,0
"secondary","Individual HMO containing Fucose","Difucosyllacto-N-tetrose","Dflnt_pct","Misame","14-21 days",154,NA,122,4.45742209778956,NA,4.76245627265985,4.18222121183296,NA,4.59973468592191,4.47553912234661,NA,3.67257883798188,0.18218150018723,NA,0.214501850505578,8.03013789651813,NA,8.36466455107471,0.487749002446383,-0.459620459332843,1.43511846422561,0.312936824744505,0.725444457362261,0
"secondary","Individual HMO containing Fucose","Difucosyllacto-N-tetrose","Dflnt_pct","Misame","3-4 mo.",157,NA,123,3.20299222928112,NA,3.21591141517156,3.09967527456075,NA,3.00336614070132,3.09026886834989,NA,2.70376648215579,0.144646193296917,NA,0.21923532718228,5.39168778180741,NA,5.65879080053407,0.389636577398164,-0.285865748385992,1.06513890318232,0.258254202529313,0.487813493666481,0
"secondary","Individual HMO containing Fucose","Difucosyllacto-N-tetrose","Dflnt_nmol.ml","Misame","3-4 mo.",157,NA,123,391.667180940709,NA,403.278558722319,440.161476702774,NA,449.16258292805,302.851069332591,NA,279.765350691689,15.4632621647706,NA,20.2037410651795,629.114509031618,NA,640.186614611323,41.2734873919795,-49.9176776696852,132.464652453644,0.375031756951553,0.587193536117579,0
"secondary","Individual HMO containing Fucose","Difucosyllacto-N-tetrose","Dflnt_pct","Vital","1.5 mo.",50,NA,100,6.43992660639548,NA,5.96746864466516,4.29099190179365,NA,3.68871096682702,6.41899997729037,NA,6.44813667012303,3.58659082088367,NA,4.03640121444975,9.6390459888517,NA,8.39070455031942,-0.472457961730325,-1.85686216980533,0.911946246344683,0.503571889782751,0.734036791409183,0
"secondary","Individual HMO containing Fucose","Difucosyllacto-N-tetrose","Dflnt_nmol.ml","Vital","1.5 mo.",50,NA,100,758.964153514949,NA,711.942657678777,618.341613784574,NA,525.754462988889,599.684337019936,NA,704.850910475308,271.417375340725,NA,340.742020087775,1124.27488472891,NA,997.346751766037,-47.0214958361721,-245.928250342737,151.885258670393,0.643124343926493,0.788357275601937,0
"secondary","Individual HMO containing Fucose","Difucosyllacto-N-tetrose","Dflnt_pct","Vital","2 mo.",50,NA,100,6.52646629562049,NA,6.07534717644402,4.06604302515726,NA,3.65961277312724,6.72457417926306,NA,6.71890701755755,3.74326748228983,NA,3.99040064042453,9.38381889029412,NA,8.93163512914254,-0.451119119176472,-1.77998921558087,0.877750977227924,0.505820157322103,0.889545793911285,0
"secondary","Individual HMO containing Fucose","Difucosyllacto-N-tetrose","Dflnt_nmol.ml","Vital","2 mo.",50,NA,100,659.319778531444,NA,690.80267449147,514.859281239824,NA,541.728405027059,608.205748836667,NA,670.156189685118,238.636860802543,NA,313.788119893699,997.826180866907,NA,973.76055197078,35.2224232133012,-131.115632917711,201.560479344314,0.67812259322269,0.899661167468582,0
"secondary","Individual HMO containing Fucose","Difucosyllactose","Dflac_nmol.ml","Elicit","1 mo.",99,101,NA,362.86649571839,311.003288469619,NA,322.220012403727,279.147764549745,NA,292.232699240606,244.099348641516,NA,134.772889548375,108.958760586362,NA,507.668067851594,463.022893071359,NA,-47.2544131712386,-127.049722385691,32.5408960432139,0.245771403438047,0.93523065603239,0
"secondary","Individual HMO containing Fucose","Difucosyllactose","Dflac_pct","Elicit","1 mo.",99,101,NA,2.22877793851205,2.00181234197015,NA,1.79335075953866,1.73437584625573,NA,1.8748852411593,1.63010558279905,NA,0.856914255190567,0.667047215200945,NA,3.25046753343545,2.95167728781357,NA,-0.188090079740338,-0.62805374208784,0.251873582607164,0.40208146929057,0.93523065603239,0
"secondary","Individual HMO containing Fucose","Difucosyllactose","Dflac_nmol.ml","Elicit","5 mo.",99,100,NA,384.854986205339,348.737685445676,NA,287.551940305848,309.73128900911,NA,374.903772350474,325.092183825665,NA,143.911443856165,106.718388215046,NA,542.02701992005,468.500245579684,NA,-33.8767848295697,-113.458926389257,45.7053567301178,0.404098519584454,0.998181792785883,0
"secondary","Individual HMO containing Fucose","Difucosyllactose","Dflac_pct","Elicit","5 mo.",99,100,NA,4.22656259102337,3.91336438737544,NA,2.7999638377161,3.24280848699478,NA,4.50433573608054,3.79689557021043,NA,2.29450798351352,0.869494994310522,NA,5.54598260386161,5.80996932220618,NA,-0.294294383745006,-1.07810421499186,0.489515447501844,0.461790984086267,0.998181792785883,0
"secondary","Individual HMO containing Fucose","Difucosyllactose","Dflac_nmol.ml","Misame","1-2 mo.",163,NA,124,389.341573653013,NA,369.720930833622,393.859062163264,NA,437.907152860624,314.367235974169,NA,263.221689053168,123.408823515429,NA,64.8702738858109,500.784875089483,NA,488.268784564779,8.62193227559652,-78.7945517766845,96.0384163278776,0.846714437479579,0.956254384348972,0
"secondary","Individual HMO containing Fucose","Difucosyllactose","Dflac_pct","Misame","1-2 mo.",163,NA,124,2.69900086898421,NA,2.58628858201205,2.172410974345,NA,2.39688605162692,2.19101135033534,NA,2.08750834575998,1.05412145920878,NA,0.552554034906003,3.84243591730297,NA,3.72261804864361,-0.0502352803678852,-0.548477454890679,0.448006894154909,0.843347533942198,0.956254384348972,0
"secondary","Individual HMO containing Fucose","Difucosyllactose","Dflac_nmol.ml","Misame","14-21 days",154,NA,122,545.885607237209,NA,449.617658407044,792.76321520773,NA,553.433631763196,322.255069935341,NA,315.983290712618,143.843352544301,NA,70.9596564265138,677.604865634121,NA,624.161444748014,13.7545181478054,-137.197529653062,164.706565948672,0.858260510754337,0.933586529535075,0
"secondary","Individual HMO containing Fucose","Difucosyllactose","Dflac_pct","Misame","14-21 days",154,NA,122,2.47786034816198,NA,2.21327996606442,2.5991447905042,NA,2.30060100499414,1.77261926687534,NA,1.86134566358577,0.857632793430016,NA,0.431886714628236,3.31549803537934,NA,3.10528034162334,0.0194927919102437,-0.526650020629578,0.565635604450066,0.94422984149378,0.945691422921106,0
"secondary","Individual HMO containing Fucose","Difucosyllactose","Dflac_nmol.ml","Misame","3-4 mo.",157,NA,123,392.045482481243,NA,335.046168943069,413.357716215035,NA,337.795937441771,284.818375792997,NA,271.085794532088,120.494220088729,NA,48.1643838816808,513.440717511134,NA,489.827317724376,-41.5634253640769,-125.654662442073,42.527811713919,0.332673316643582,0.56554463829409,0
"secondary","Individual HMO containing Fucose","Difucosyllactose","Dflac_pct","Misame","3-4 mo.",157,NA,123,3.11128144113505,NA,2.65821369553046,2.64276440095945,NA,2.17527690388535,2.50810818597369,NA,2.43080463760807,1.10104075642363,NA,0.582904375028826,4.39462298845856,NA,3.99907697167303,-0.244669506807705,-0.763614164467277,0.274275150851867,0.355447632719175,0.584768686086384,0
"secondary","Individual HMO containing Fucose","Difucosyllactose","Dflac_nmol.ml","Vital","1.5 mo.",50,NA,100,259.689722647038,NA,293.459992775145,272.442830859881,NA,299.255298322295,200.152224721398,NA,253.73669666686,33.2198350829557,NA,88.2367279826057,369.284546717004,NA,387.300900084401,29.1785870212128,-55.2577593608834,113.614933403309,0.498213810747058,0.734036791409183,0
"secondary","Individual HMO containing Fucose","Difucosyllactose","Dflac_pct","Vital","1.5 mo.",50,NA,100,2.07313472518899,NA,2.32931059284637,2.15690845183752,NA,2.11726270201855,1.49338015810604,NA,1.9847312396951,0.431822608033658,NA,0.784142825528419,2.95191403003071,NA,3.14685834471064,0.217122929145217,-0.345467635738652,0.779713494029086,0.449399161072098,0.734036791409183,0
"secondary","Individual HMO containing Fucose","Difucosyllactose","Dflac_nmol.ml","Vital","2 mo.",50,NA,100,278.675683184185,NA,297.807538586456,329.695677843748,NA,262.755442666225,152.652816862589,NA,286.277329203406,32.4617229332292,NA,65.554078800735,419.128491710816,NA,404.162306124944,14.6525063651917,-72.1978469290294,101.502859659413,0.74089743203295,0.899661167468582,0
"secondary","Individual HMO containing Fucose","Difucosyllactose","Dflac_pct","Vital","2 mo.",50,NA,100,2.45199069527786,NA,2.61201240828726,2.63253137747665,NA,2.30219236020086,1.55504035648944,NA,2.25048479931882,0.536938528547592,NA,0.677409705598706,3.81661421748448,NA,3.57472298281413,0.142295873800519,-0.621707165022084,0.906298912623122,0.715078500902936,0.899661167468582,0
"secondary","Individual HMO containing Fucose","Fucodisialyllacto-Nhexaose","Fdslnh_nmol.ml","Elicit","1 mo.",99,101,NA,337.676454716111,354.745851147528,NA,226.376882831688,288.41152549392,NA,305.825180482842,265.588770056274,NA,175.574000592279,152.61148556145,NA,423.562545447278,470.461607603235,NA,20.2852699269173,-48.2226359016139,88.7931757554485,0.561680236443922,0.93523065603239,0
"secondary","Individual HMO containing Fucose","Fucodisialyllacto-Nhexaose","Fdslnh_pct","Elicit","1 mo.",99,101,NA,2.60095880862606,2.66574960678112,NA,2.43946605049791,2.47183146189604,NA,1.8764189604003,2.08741383026562,NA,1.04267114620217,0.937481163367161,NA,3.30476845572442,3.43830060863336,NA,0.129505284992309,-0.484994452717737,0.744005022702356,0.679562138855266,0.93523065603239,0
"secondary","Individual HMO containing Fucose","Fucodisialyllacto-Nhexaose","Fdslnh_nmol.ml","Elicit","5 mo.",99,100,NA,191.620680166874,179.074242441402,NA,137.021680239249,108.095121737082,NA,170.604561249702,165.478154397408,NA,103.815611788155,102.285225954619,NA,232.435461379223,226.501925682524,NA,-12.3346422276611,-46.1502961877239,21.4810117324018,0.474659077323073,0.998181792785883,0
"secondary","Individual HMO containing Fucose","Fucodisialyllacto-Nhexaose","Fdslnh_pct","Elicit","5 mo.",99,100,NA,2.43191627363499,2.33367271946997,NA,1.80312815101846,1.5901294804132,NA,2.11899272143326,1.78911882926481,NA,1.23316921638885,1.223989757357,NA,3.21278181559342,2.98297058142458,NA,-0.0831833847086458,-0.529602645495033,0.363235876077742,0.714955222811496,0.998181792785883,0
"secondary","Individual HMO containing Fucose","Fucodisialyllacto-Nhexaose","Fdslnh_pct","Misame","1-2 mo.",163,NA,124,1.46669151123244,NA,1.70812843402705,1.12705631986148,NA,1.41189928215106,1.19198417808902,NA,1.20831879941714,0.690243315453037,NA,0.724987314110475,1.79616120710434,NA,2.20498883480849,0.176441086285794,-0.0815908392369205,0.434473011808508,0.180175560304898,0.706842582734601,0
"secondary","Individual HMO containing Fucose","Fucodisialyllacto-Nhexaose","Fdslnh_nmol.ml","Misame","1-2 mo.",163,NA,124,174.725074858192,NA,191.032239840358,123.795854893974,NA,139.774135348416,149.423495162011,NA,142.982031099477,92.9036612428146,NA,95.3206416067566,207.915630896131,NA,250.73236229558,4.41889036275597,-21.5139590700575,30.3517397955695,0.738400094738078,0.94146012079105,0
"secondary","Individual HMO containing Fucose","Fucodisialyllacto-Nhexaose","Fdslnh_nmol.ml","Misame","14-21 days",154,NA,122,166.892054840089,NA,195.054287243586,120.154225475051,NA,154.918121022738,128.874444575664,NA,147.056565592401,97.8397237555183,NA,98.4369883054302,192.805628963321,NA,218.511397679722,23.6754305106787,-6.82210920845429,54.1729702298117,0.128126317286483,0.565858837539457,0
"secondary","Individual HMO containing Fucose","Fucodisialyllacto-Nhexaose","Fdslnh_pct","Misame","14-21 days",154,NA,122,0.967907366846283,NA,1.2725247333861,0.86659651000428,NA,1.32341913772399,0.657068288854067,NA,0.773790328893855,0.461572225444988,NA,0.521179929480855,1.1470643641799,NA,1.39404494296259,0.199659387919686,-0.0403291689711895,0.439647944810562,0.102974864759081,0.565858837539457,0
"secondary","Individual HMO containing Fucose","Fucodisialyllacto-Nhexaose","Fdslnh_pct","Misame","3-4 mo.",157,NA,123,1.29171764040548,NA,1.5502389397071,0.973917712437382,NA,1.25654750278639,1.02580941166959,NA,1.2350303647873,0.643189428910039,NA,0.671599323248879,1.63538968654676,NA,2.07616793761992,0.196219785854808,-0.0433352071956653,0.435774778905281,0.108403851236159,0.331536397164895,0
"secondary","Individual HMO containing Fucose","Fucodisialyllacto-Nhexaose","Fdslnh_nmol.ml","Misame","3-4 mo.",157,NA,123,131.148579284465,NA,156.929371489641,82.8198062639179,NA,124.147924951994,113.803975896808,NA,132.420943084586,72.2641959462863,NA,80.6965583533986,167.277068627629,NA,199.388082422303,13.4667679871121,-8.21292808248804,35.1464640567123,0.22342543220041,0.455787881688837,0
"secondary","Individual HMO containing Fucose","Fucodisialyllacto-Nhexaose","Fdslnh_nmol.ml","Vital","1.5 mo.",50,NA,100,253.524645163347,NA,194.540830620406,211.11734793569,NA,205.391832275877,193.081530075976,NA,113.852512636888,83.800706566928,NA,52.6331507302871,376.907688236149,NA,295.218970160183,-52.231100752993,-118.05055817747,13.5883566714836,0.119867135678586,0.392034374015145,0
"secondary","Individual HMO containing Fucose","Fucodisialyllacto-Nhexaose","Fdslnh_pct","Vital","1.5 mo.",50,NA,100,2.85153945886327,NA,2.1248705265847,2.94268214045646,NA,2.61481481905144,1.43387210813948,NA,0.945614754475221,0.526740748186084,NA,0.343695054252377,4.42487038157591,NA,3.06621163989357,-0.517939180253134,-1.30249023158398,0.266611871077712,0.195694885758655,0.47525900827102,0
"secondary","Individual HMO containing Fucose","Fucodisialyllacto-Nhexaose","Fdslnh_pct","Vital","2 mo.",50,NA,100,2.88047514978687,NA,2.53780034374305,2.81175736403986,NA,2.63673145855267,1.73497840321383,NA,1.45021681231985,0.900295201707227,NA,0.774783885696955,4.2140865516406,NA,3.40561903552028,-0.254379554021682,-1.14040547299396,0.631646364950598,0.573633050560134,0.899661167468582,0
"secondary","Individual HMO containing Fucose","Fucodisialyllacto-Nhexaose","Fdslnh_nmol.ml","Vital","2 mo.",50,NA,100,229.440342779289,NA,220.473667682754,168.149867249582,NA,170.062630494808,192.650768938727,NA,160.611654140198,101.23057559494,NA,95.7164866230746,294.815919440084,NA,323.793343251462,-7.63739362471975,-64.207346583953,48.9325593345135,0.791309354835767,0.936277982302187,0
"secondary","Individual HMO containing Fucose","Fucosyllacto-N-hexaose","Flnh_nmol.ml","Elicit","1 mo.",99,101,NA,405.56263329045,432.135897691898,NA,165.304128831042,201.106799156004,NA,406.062822369719,409.925346424441,NA,293.490524006163,283.978268841497,NA,468.210444844917,579.327556767543,NA,26.5848464852758,-18.8357599711627,72.0054529417142,0.251309688956445,0.93523065603239,0
"secondary","Individual HMO containing Fucose","Fucosyllacto-N-hexaose","Flnh_pct","Elicit","1 mo.",99,101,NA,2.90519522646591,3.15467797547011,NA,1.86666179055832,2.21559836577567,NA,2.55466125158687,2.66229705000892,NA,1.866967432869,1.77401242758613,NA,3.41000646239234,3.84234632653572,NA,0.231469076453249,-0.288332989622263,0.751271142528762,0.382784884243187,0.93523065603239,0
"secondary","Individual HMO containing Fucose","Fucosyllacto-N-hexaose","Flnh_nmol.ml","Elicit","5 mo.",99,100,NA,93.1884732102236,93.7512484771218,NA,62.9535611695219,67.596557766506,NA,80.559544152989,77.2251330934092,NA,50.0776885771587,44.4330858929434,NA,119.020523434705,120.598968424712,NA,0.98224833762211,-15.9576712673121,17.9221679425563,0.909517612988267,0.998181792785883,0
"secondary","Individual HMO containing Fucose","Fucosyllacto-N-hexaose","Flnh_pct","Elicit","5 mo.",99,100,NA,1.13021489665847,1.15666768475229,NA,0.731987287565277,0.906336630445855,NA,0.960309583828741,0.848567075864035,NA,0.674195715297113,0.575117442984147,NA,1.38925033218222,1.57545128590667,NA,0.0230848569034892,-0.194488413033131,0.24065812684011,0.835263964836855,0.998181792785883,0
"secondary","Individual HMO containing Fucose","Fucosyllacto-N-hexaose","Flnh_pct","Misame","1-2 mo.",163,NA,124,2.17389396679432,NA,2.43784176440207,1.90356317501053,NA,2.1219184152031,1.66068869280703,NA,1.79724416968677,1.12280610783287,NA,1.1464979649173,2.51469293489136,NA,2.93214194815785,0.183955741956849,-0.241689725320612,0.609601209234311,0.396962491636273,0.805858733738183,0
"secondary","Individual HMO containing Fucose","Fucosyllacto-N-hexaose","Flnh_nmol.ml","Misame","1-2 mo.",163,NA,124,252.139078826214,NA,270.318201501403,146.618762692225,NA,176.721898749198,221.799931170995,NA,220.428121384015,143.471283579126,NA,149.975748667762,342.380325045788,NA,343.555227246861,-1.12690735599983,-37.2169083790707,34.963093667071,0.951200155498826,0.970224158608803,0
"secondary","Individual HMO containing Fucose","Fucosyllacto-N-hexaose","Flnh_pct","Misame","14-21 days",154,NA,122,2.5155259969424,NA,2.90816139762881,1.93816495956967,NA,2.13433704613013,2.08520658044232,NA,2.28098658230538,1.48475301854183,NA,1.45878533781812,2.93809773583863,NA,3.50824834547855,0.28738860618782,-0.165347319944298,0.740124532319939,0.213444430767326,0.640538558430885,0
"secondary","Individual HMO containing Fucose","Fucosyllacto-N-hexaose","Flnh_nmol.ml","Misame","14-21 days",154,NA,122,439.98483062181,NA,478.832710903314,233.930005715954,NA,305.703680521795,371.658263764341,NA,400.458885952506,292.806602206041,NA,297.338414265977,547.113106132686,NA,556.976690632571,15.0153645031593,-43.5514898227648,73.5822188290833,0.615319102357723,0.871702061673441,0
"secondary","Individual HMO containing Fucose","Fucosyllacto-N-hexaose","Flnh_pct","Misame","3-4 mo.",157,NA,123,1.36765343582252,NA,1.7164266929747,1.36707374130274,NA,1.82833912471891,0.975871642139668,NA,1.13103499835596,0.603134257874458,NA,0.684888078250012,1.53862542404759,NA,2.05007527781465,0.239551311902576,-0.108655302221338,0.58775792602649,0.177538861898206,0.39077162616434,0
"secondary","Individual HMO containing Fucose","Fucosyllacto-N-hexaose","Flnh_nmol.ml","Misame","3-4 mo.",157,NA,123,132.30849836889,NA,162.49085806487,90.1408829374484,NA,121.005743064029,111.405239263144,NA,131.778634150125,72.2185575808888,NA,74.6448603378156,176.475102783304,NA,222.407686355911,10.7885716828644,-13.2950679638793,34.8722113296081,0.379948758664316,0.587193536117579,0
"secondary","Individual HMO containing Fucose","Fucosyllacto-N-hexaose","Flnh_nmol.ml","Vital","1.5 mo.",50,NA,100,343.910546699231,NA,355.559678700022,168.418349662542,NA,150.345727655572,318.885825881465,NA,329.381995752625,239.271030813868,NA,242.337788410332,400.097776687992,NA,466.716722382911,18.0440022584768,-27.6410819831455,63.729086500099,0.438861680199747,0.734036791409183,0
"secondary","Individual HMO containing Fucose","Fucosyllacto-N-hexaose","Flnh_pct","Vital","1.5 mo.",50,NA,100,3.32976825618715,NA,3.37973781549759,2.21761910093929,NA,2.0706136070311,2.58533057050183,NA,2.87615459977791,1.77820857624803,NA,1.90915609600342,3.84633503367964,NA,4.01628286947424,0.129443485945403,-0.45287231882859,0.711759290719395,0.663067397396184,0.788357275601937,0
"secondary","Individual HMO containing Fucose","Fucosyllacto-N-hexaose","Flnh_nmol.ml","Vital","2 mo.",50,NA,100,260.122170742345,NA,286.729574874792,177.015715584288,NA,132.180031463543,214.291292290407,NA,267.856826056688,170.075447582195,NA,209.129214647738,265.609562614679,NA,347.468261291102,28.0523600476034,-25.217318913984,81.3220390091908,0.302007866090253,0.616096046824115,0
"secondary","Individual HMO containing Fucose","Fucosyllacto-N-hexaose","Flnh_pct","Vital","2 mo.",50,NA,100,2.9145038086975,NA,2.93122100006859,2.3054175362981,NA,1.86899411696849,2.08610121850964,NA,2.36579224883817,1.56813500493794,NA,1.721169267122,3.22889973624566,NA,3.60105447792208,0.023019605227371,-0.636787958369229,0.682827168823971,0.945483195349457,0.984074346180047,0
"secondary","Individual HMO containing Fucose","Lacto-N-fucopentaose I","Lnfp.i_nmol.ml","Elicit","1 mo.",99,101,NA,939.998197814861,1077.20554309343,NA,789.385871478066,928.950513741226,NA,749.944587584572,786.184590645252,NA,341.684308357084,325.023976636747,NA,1334.5342073427,1445.31940510614,NA,137.207345278573,-100.941909257251,375.356599814397,0.258807599631685,0.93523065603239,0
"secondary","Individual HMO containing Fucose","Lacto-N-fucopentaose I","Lnfp.i_pct","Elicit","1 mo.",99,101,NA,5.55805239349419,6.40877631996216,NA,3.79089307451361,4.54804729954352,NA,4.82378363231935,5.39491222041117,NA,2.52517169702773,2.67865047806028,NA,7.31891345472743,8.96813840003894,NA,0.858670845615086,-0.255588941786038,1.97293063301621,0.130944604389097,0.93523065603239,0
"secondary","Individual HMO containing Fucose","Lacto-N-fucopentaose I","Lnfp.i_nmol.ml","Elicit","5 mo.",99,100,NA,320.90419811533,395.350017118022,NA,316.525735132545,503.811801639169,NA,241.425154030434,227.445942989722,NA,118.861534035242,125.315463112983,NA,394.687959935484,419.045559379587,NA,79.8347153645276,-33.1582379295522,192.827668658607,0.166112209539853,0.998181792785883,0
"secondary","Individual HMO containing Fucose","Lacto-N-fucopentaose I","Lnfp.i_pct","Elicit","5 mo.",99,100,NA,3.26442224049507,3.80001117507915,NA,2.02715631613132,3.3563368686692,NA,2.75245984344371,2.71318371897731,NA,1.90906728148158,2.19762064238405,NA,4.10418537139915,4.24976951642221,NA,0.54960236587676,-0.201700212174427,1.30090494392795,0.151635725651362,0.998181792785883,0
"secondary","Individual HMO containing Fucose","Lacto-N-fucopentaose I","Lnfp.i_nmol.ml","Misame","1-2 mo.",163,NA,124,920.419885135262,NA,832.659725410686,746.191858362983,NA,869.90261279655,794.90283790177,NA,531.364433497042,304.310780452199,NA,215.299500186723,1364.50427901332,NA,1018.97060612424,-126.798951852785,-309.056342066389,55.4584383608199,0.172701782855782,0.706842582734601,0
"secondary","Individual HMO containing Fucose","Lacto-N-fucopentaose I","Lnfp.i_pct","Misame","1-2 mo.",163,NA,124,6.43066335931396,NA,5.86320210971198,4.41763776599875,NA,4.8884628410806,5.83040587793007,NA,4.11064055692633,2.64293083881743,NA,1.90900800863159,9.38336203454466,NA,8.43819651558654,-0.837804921678294,-1.90457381018517,0.228963966828582,0.123733333411342,0.706842582734601,0
"secondary","Individual HMO containing Fucose","Lacto-N-fucopentaose I","Lnfp.i_pct","Misame","14-21 days",154,NA,122,9.62601716100253,NA,8.23770550104899,6.04743558684337,NA,6.02203034748825,9.57620030169155,NA,6.70014398284153,4.25121649428286,NA,2.52719131622263,14.0901150884464,NA,12.4110051976457,-1.37607347084708,-2.65692056391141,-0.0952263777827416,0.0352321354561128,0.394208331222799,0
"secondary","Individual HMO containing Fucose","Lacto-N-fucopentaose I","Lnfp.i_nmol.ml","Misame","14-21 days",154,NA,122,2028.28314292094,NA,1656.74839961729,1514.76474891267,NA,1428.01029468566,1711.43125083902,NA,1328.44298821371,723.548985495488,NA,395.292749111295,3011.8709378942,NA,2600.24703642101,-283.054731206526,-612.439043924742,46.3295815116893,0.092126590171848,0.565858837539457,0
"secondary","Individual HMO containing Fucose","Lacto-N-fucopentaose I","Lnfp.i_nmol.ml","Misame","3-4 mo.",157,NA,123,627.054489325292,NA,619.137017282093,645.941266767989,NA,695.425069355398,429.305494337951,NA,359.816345702782,214.774383496041,NA,157.294062740321,910.642192786408,NA,803.352858041183,-140.470277465947,-290.829674719093,9.88911978719821,0.0670919783100546,0.288553566867268,0
"secondary","Individual HMO containing Fucose","Lacto-N-fucopentaose I","Lnfp.i_pct","Misame","3-4 mo.",157,NA,123,5.09835901206697,NA,4.88155814866639,3.97040589389499,NA,4.237718855267,3.67343103978811,NA,3.26764687119436,1.98359177859184,NA,1.72885896647986,7.86270505571593,NA,6.76597964873151,-0.731248118663812,-1.69150567809359,0.229009440765967,0.135558414315651,0.331536397164895,0
"secondary","Individual HMO containing Fucose","Lacto-N-fucopentaose I","Lnfp.i_pct","Vital","1.5 mo.",50,NA,100,6.70292617094654,NA,7.4161930930726,4.8345523977754,NA,4.78573842893608,5.11829649441945,NA,6.63029438875442,2.5422234304005,NA,3.03232609318315,10.6449286476069,NA,10.2850647159093,0.448852170425827,-0.960664782495767,1.85836912334742,0.532536495728231,0.734036791409183,0
"secondary","Individual HMO containing Fucose","Lacto-N-fucopentaose I","Lnfp.i_nmol.ml","Vital","1.5 mo.",50,NA,100,937.098711702576,NA,995.410904019431,855.97723073807,NA,817.678747744605,669.264756302605,NA,797.537160151189,209.846809296599,NA,300.851144387951,1555.04125239498,NA,1442.90355887792,58.3121923168553,-226.529262004969,343.153646638679,0.688243403371423,0.788357275601937,0
"secondary","Individual HMO containing Fucose","Lacto-N-fucopentaose I","Lnfp.i_nmol.ml","Vital","2 mo.",50,NA,100,640.861186679542,NA,847.496281325583,624.059137205688,NA,766.923050580693,334.05143392846,NA,626.536009068733,185.828723638578,NA,252.285288512552,1003.55605421012,NA,1221.46780679326,200.880476580685,-20.4535890501687,422.214542211538,0.0752655452613741,0.328396401961104,0
"secondary","Individual HMO containing Fucose","Lacto-N-fucopentaose I","Lnfp.i_pct","Vital","2 mo.",50,NA,100,5.68977232578551,NA,6.80984677919949,4.44471385121514,NA,4.82958294905142,3.54738166355908,NA,5.69301756113009,2.46407105776695,NA,2.96431363962125,7.71278614566827,NA,8.80530373650635,1.0234109065857,-0.448837047937511,2.49565886110892,0.173059278383754,0.44783977446224,0
"secondary","Individual HMO containing Fucose","Lacto-N-fucopentaose II","Lnfp.ii_nmol.ml","Elicit","1 mo.",99,101,NA,1522.26679067862,1637.8000805779,NA,867.571004380264,1065.67287505091,NA,1446.83624256187,1364.5960654086,NA,915.999633569783,919.63603978118,NA,2006.39822772468,2096.49874631436,NA,116.17709698809,-148.297246883012,380.651440859192,0.389257793912024,0.93523065603239,0
"secondary","Individual HMO containing Fucose","Lacto-N-fucopentaose II","Lnfp.ii_pct","Elicit","1 mo.",99,101,NA,10.7914843654859,11.7551146360661,NA,7.03345111052225,8.40239518626199,NA,9.30672301387394,9.51135812199407,NA,5.90772584981574,5.88858318824765,NA,14.2540713125931,15.2073708365949,NA,0.97704712410275,-1.13182447747847,3.08591872568397,0.363847717863495,0.93523065603239,0
"secondary","Individual HMO containing Fucose","Lacto-N-fucopentaose II","Lnfp.ii_nmol.ml","Elicit","5 mo.",99,100,NA,1172.70323391086,1215.13445858493,NA,707.979332819874,599.214391607103,NA,1079.67622243038,1140.54209478102,NA,672.574876776155,845.862559771926,NA,1467.50191055668,1458.9944372888,NA,41.6383143919752,-136.415769450348,219.692398234299,0.646707029690209,0.998181792785883,0
"secondary","Individual HMO containing Fucose","Lacto-N-fucopentaose II","Lnfp.ii_pct","Elicit","5 mo.",99,100,NA,14.6121613770889,15.5745380331149,NA,8.37965940791374,9.00795221118809,NA,13.3092110401974,13.2819123290558,NA,8.27955994355971,8.47773513653715,NA,18.8264589105771,19.7699212684924,NA,0.948800133646101,-1.43947275123071,3.33707301852291,0.436189516978828,0.998181792785883,0
"secondary","Individual HMO containing Fucose","Lacto-N-fucopentaose II","Lnfp.ii_pct","Misame","1-2 mo.",163,NA,124,7.34610707612977,NA,7.71989359248403,4.74226036684297,NA,4.76862897940042,6.50109564218272,NA,6.4141390580926,4.02158451658984,NA,4.4987118879886,9.66300613268959,NA,10.4472151269143,0.692541068305177,-0.292047603493516,1.67712974010387,0.168017612505536,0.706842582734601,0
"secondary","Individual HMO containing Fucose","Lacto-N-fucopentaose II","Lnfp.ii_nmol.ml","Misame","1-2 mo.",163,NA,124,908.553923180868,NA,909.605940244855,584.287588973218,NA,582.394414493898,804.500656917045,NA,739.948177963885,494.742405694916,NA,547.856137577412,1165.34877289879,NA,1124.30364377071,62.0434884521748,-55.4012796031542,179.488256507504,0.300479403146769,0.805858733738183,0
"secondary","Individual HMO containing Fucose","Lacto-N-fucopentaose II","Lnfp.ii_pct","Misame","14-21 days",154,NA,122,5.69388534361379,NA,6.54123699580211,5.16673829896606,NA,5.25348831480399,4.20123249437103,NA,4.84197337893971,2.3697860829295,NA,2.97124677686101,6.44121532606385,NA,7.72721488250016,0.564818526243559,-0.462046852255374,1.59168390474249,0.281006338009974,0.720528538676996,0
"secondary","Individual HMO containing Fucose","Lacto-N-fucopentaose II","Lnfp.ii_nmol.ml","Misame","14-21 days",154,NA,122,1032.89645535514,NA,1065.55499102087,920.890843284075,NA,778.720930962547,783.768211158778,NA,861.055184744328,461.695316535144,NA,556.651427014445,1249.35349282153,NA,1400.24494956975,34.6252505891903,-155.997679908165,225.248181086545,0.72183081877155,0.897887116032903,0
"secondary","Individual HMO containing Fucose","Lacto-N-fucopentaose II","Lnfp.ii_pct","Misame","3-4 mo.",157,NA,123,7.734152246037,NA,8.24162136277369,4.7460021062821,NA,4.8127433424408,7.21674666191781,NA,7.21900753292536,4.19518318184653,NA,4.87366895302548,10.4112007873397,NA,11.3164563173464,1.0811855378001,0.0132613641831136,2.14910971141709,0.0472221164811849,0.288553566867268,0
"secondary","Individual HMO containing Fucose","Lacto-N-fucopentaose II","Lnfp.ii_nmol.ml","Misame","3-4 mo.",157,NA,123,821.328182179867,NA,862.301717460176,484.843640483487,NA,503.548844109577,771.793646759661,NA,721.632076465869,467.872326029851,NA,515.939449457466,1096.56858876351,NA,1140.99357234857,93.384394848642,-14.1959668140442,200.964756511328,0.0888804202512254,0.302193428854167,0
"secondary","Individual HMO containing Fucose","Lacto-N-fucopentaose II","Lnfp.ii_nmol.ml","Vital","1.5 mo.",50,NA,100,1321.62190669068,NA,1092.43006493069,774.162817021631,NA,752.376714568118,1153.39295757483,NA,890.854497604429,785.695729438574,NA,561.141341492049,1859.79812332283,NA,1618.07126816051,-222.109377779263,-479.377407026016,35.1586514674895,0.0906245752467468,0.345087007916713,0
"secondary","Individual HMO containing Fucose","Lacto-N-fucopentaose II","Lnfp.ii_pct","Vital","1.5 mo.",50,NA,100,13.6974967429499,NA,10.8425874449205,10.1330748623793,NA,8.82671131459337,9.3007151281881,NA,7.53113764374859,4.90155880114851,NA,4.16647000841843,23.8983291196613,NA,14.3373396532254,-2.21106655210822,-5.11679866319635,0.694665558979917,0.135856333024213,0.392034374015145,0
"secondary","Individual HMO containing Fucose","Lacto-N-fucopentaose II","Lnfp.ii_pct","Vital","2 mo.",50,NA,100,14.9853663813568,NA,11.6950154105594,10.6193397191752,NA,9.03445614526094,11.8617722087341,NA,8.10670557248664,5.89211508359239,NA,4.63125908369226,26.0487798906822,NA,17.201108543209,-2.83036164360275,-6.03063436618931,0.369911078983815,0.0830215924449288,0.328396401961104,0
"secondary","Individual HMO containing Fucose","Lacto-N-fucopentaose II","Lnfp.ii_nmol.ml","Vital","2 mo.",50,NA,100,1296.69303462206,NA,1112.59169234649,839.521402799483,NA,731.403401427003,1060.63087765713,NA,916.215340181799,652.836039833384,NA,555.001396055606,1804.66709165642,NA,1595.33695478307,-184.101342275574,-455.952477859219,87.74979330807,0.184404613013864,0.44783977446224,0
"secondary","Individual HMO containing Fucose","Lacto-N-fucopentaose III","Lnfp.iii_nmol.ml","Elicit","1 mo.",99,101,NA,26.9831572608148,24.8451067374416,NA,20.6848246842667,14.9329561292287,NA,22.0921849056587,21.5848624652514,NA,12.6538372093835,13.7887024074071,NA,34.0361984147979,31.2420577695476,NA,-2.4119194275116,-6.71161992914028,1.88778107411707,0.271574924843743,0.93523065603239,0
"secondary","Individual HMO containing Fucose","Lacto-N-fucopentaose III","Lnfp.iii_pct","Elicit","1 mo.",99,101,NA,0.172739301039798,0.16333178902778,NA,0.124059686009521,0.0844989476969522,NA,0.14238733967279,0.145862113789159,NA,0.0949475720875399,0.0954482272093364,NA,0.218464424365705,0.204057336667312,NA,-0.010433208178919,-0.0373165252129112,0.0164501088550733,0.446867987482628,0.93523065603239,0
"secondary","Individual HMO containing Fucose","Lacto-N-fucopentaose III","Lnfp.iii_nmol.ml","Elicit","5 mo.",99,100,NA,9.98517643838174,10.3282618025181,NA,7.07280035474593,8.19059310594705,NA,8.18788436563925,8.41269202929466,NA,4.92289159453749,5.38960248681637,NA,13.8338395987625,12.6802281694687,NA,0.366299603667256,-1.72287304730714,2.45547225464166,0.731113172061207,0.998181792785883,0
"secondary","Individual HMO containing Fucose","Lacto-N-fucopentaose III","Lnfp.iii_pct","Elicit","5 mo.",99,100,NA,0.123894992098929,0.12095643712497,NA,0.103426337503886,0.0852707994500692,NA,0.0929837085011974,0.0972945482655426,NA,0.0640937625058463,0.0722094817886527,NA,0.142649868434371,0.141561972465294,NA,-0.00321330365832241,-0.0272107936405291,0.0207841863238843,0.79298036887994,0.998181792785883,0
"secondary","Individual HMO containing Fucose","Lacto-N-fucopentaose III","Lnfp.iii_pct","Misame","1-2 mo.",163,NA,124,0.157062666621436,NA,0.166129103008816,0.100193009298174,NA,0.104731297942839,0.129977459656863,NA,0.139109536682168,0.0915815814427382,NA,0.103988818727027,0.191082973785811,NA,0.198368823889099,0.00635826204798265,-0.0140846022785453,0.0268011263745106,0.542126989091607,0.864014888864749,0
"secondary","Individual HMO containing Fucose","Lacto-N-fucopentaose III","Lnfp.iii_nmol.ml","Misame","1-2 mo.",163,NA,124,19.4608324097158,NA,20.344289928473,10.9164964076949,NA,12.8380274416445,17.2870612131788,NA,16.3080616873022,11.9101852967755,NA,11.4926201241632,23.8523030406025,NA,26.6695902687274,-0.476713270718232,-3.04918793754964,2.09576139611318,0.716450248703356,0.94146012079105,0
"secondary","Individual HMO containing Fucose","Lacto-N-fucopentaose III","Lnfp.iii_pct","Misame","14-21 days",154,NA,122,0.25495982324465,NA,0.285329077773612,0.142858111800686,NA,0.254932507185877,0.213460206150933,NA,0.235970531367522,0.153620529699545,NA,0.168387920272351,0.323009893235843,NA,0.325895362387775,0.0263249209690413,-0.0148299192023159,0.0674797611403985,0.209950415270296,0.640538558430885,0
"secondary","Individual HMO containing Fucose","Lacto-N-fucopentaose III","Lnfp.iii_nmol.ml","Misame","14-21 days",154,NA,122,48.5277830909242,NA,51.6207662472939,28.8179967199941,NA,47.2857304091175,44.1533694909026,NA,39.9707987197035,28.1138260905646,NA,25.9895957483105,58.7714468162485,NA,61.6181102699326,1.58073664377477,-6.15037251033308,9.31184579788262,0.688609442517932,0.897887116032903,0
"secondary","Individual HMO containing Fucose","Lacto-N-fucopentaose III","Lnfp.iii_nmol.ml","Misame","3-4 mo.",157,NA,123,14.6272693848302,NA,14.8900864185086,8.91157176970697,NA,9.34305611542002,12.989634943891,NA,12.9211309233618,8.13165156903307,NA,9.15006109137202,17.9058921166445,NA,18.6454511553024,-1.84949230090705,-3.95200989455418,0.25302529274009,0.0846908466282817,0.302193428854167,0
"secondary","Individual HMO containing Fucose","Lacto-N-fucopentaose III","Lnfp.iii_pct","Misame","3-4 mo.",157,NA,123,0.138824899226896,NA,0.139177258701399,0.0999595274667868,NA,0.0838146528759049,0.115675180270725,NA,0.11465162469567,0.0798880159564748,NA,0.0822523722095611,0.173438566417197,NA,0.159923282427437,-0.00432940621598191,-0.0263943176858681,0.0177355052539043,0.700556788249428,0.834122377601671,0
"secondary","Individual HMO containing Fucose","Lacto-N-fucopentaose III","Lnfp.iii_nmol.ml","Vital","1.5 mo.",50,NA,100,31.4104043271462,NA,26.6125211511022,17.0964375545547,NA,12.7665746577897,27.3715503502102,NA,23.9349434065288,18.6632526279872,NA,17.1757515617011,42.3427753683696,NA,34.3410611611416,-4.85957105066368,-10.0455115627129,0.326369461385521,0.0662665204351953,0.307235685654087,0
"secondary","Individual HMO containing Fucose","Lacto-N-fucopentaose III","Lnfp.iii_pct","Vital","1.5 mo.",50,NA,100,0.275174536711613,NA,0.233539064951664,0.135432575854721,NA,0.110671844118057,0.258691962114467,NA,0.211105995868854,0.194693925839314,NA,0.159813366928361,0.320592426316411,NA,0.282505452971012,-0.0379257219150297,-0.0772358771925636,0.00138443336250424,0.0586326800226153,0.307235685654087,0
"secondary","Individual HMO containing Fucose","Lacto-N-fucopentaose III","Lnfp.iii_pct","Vital","2 mo.",50,NA,100,0.245310952571169,NA,0.217696456948136,0.123140620052983,NA,0.10335703241113,0.21955463903751,NA,0.203597836913326,0.168993122949063,NA,0.157478913115417,0.296857181092312,NA,0.261522802905581,-0.0185339602088815,-0.0532946778079421,0.016226757390179,0.296010410172908,0.616096046824115,0
"secondary","Individual HMO containing Fucose","Lacto-N-fucopentaose III","Lnfp.iii_nmol.ml","Vital","2 mo.",50,NA,100,23.7717817566769,NA,23.390091499211,13.2841636386953,NA,12.3506717511441,20.9580262446194,NA,21.6549183231269,14.0351745663793,NA,15.1545374476246,29.2017944534877,NA,28.8752381765239,-0.178738882180504,-4.42284532617283,4.06536756181182,0.934214833457565,0.984074346180047,0
"secondary","Individual HMO containing Sialic Acid","3’-sialyllactose","X3.sl_nmol.ml","Elicit","1 mo.",99,101,NA,332.387272326158,301.093263127365,NA,133.165226018416,110.570578660013,NA,302.242984451856,297.135979121163,NA,241.041905060436,209.665989211169,NA,381.372432971184,374.918145411039,NA,-31.1891339846621,-64.4328697860734,2.05460181674916,0.0659401915257363,0.93523065603239,0
"secondary","Individual HMO containing Sialic Acid","3’-sialyllactose","X3.sl_pct","Elicit","1 mo.",99,101,NA,2.24350939605741,2.08938967243873,NA,0.86707075601287,0.927850435249137,NA,2.08587734833631,1.9044715175937,NA,1.67049810324544,1.42254436359925,NA,2.70706674038525,2.5899681097751,NA,-0.154291716262496,-0.387215569968994,0.0786321374440017,0.194182544367156,0.93523065603239,0
"secondary","Individual HMO containing Sialic Acid","3’-sialyllactose","X3.sl_nmol.ml","Elicit","5 mo.",99,100,NA,235.886968447423,261.202554512459,NA,102.500673710617,164.382307253189,NA,212.40013387721,224.943618002594,NA,167.085451246032,163.897988931294,NA,285.503200557934,305.23401510294,NA,24.6508571104798,-10.4965328109794,59.7982470319391,0.16924498700226,0.998181792785883,0
"secondary","Individual HMO containing Sialic Acid","3’-sialyllactose","X3.sl_pct","Elicit","5 mo.",99,100,NA,3.04237025797181,3.174202923705,NA,1.5607929474478,1.63871776913855,NA,2.61026591231166,2.944401026349,NA,1.88145055181079,1.92834907926529,NA,3.91240748033521,4.17173048205555,NA,0.116690192035861,-0.292596681229943,0.525977065301665,0.576299775132992,0.998181792785883,0
"secondary","Individual HMO containing Sialic Acid","3’-sialyllactose","X3.sl_nmol.ml","Misame","1-2 mo.",163,NA,124,238.444866608024,NA,248.723084007883,108.452049286771,NA,131.551450685466,208.586424608709,NA,220.573240138567,170.05076613207,NA,165.795206666204,293.215811368134,NA,300.446674632306,-22.3001365572337,-47.0690553173964,2.46878220292907,0.077629450663721,0.706842582734601,0
"secondary","Individual HMO containing Sialic Acid","3’-sialyllactose","X3.sl_pct","Misame","1-2 mo.",163,NA,124,1.91808340149903,NA,2.09619348641912,0.945718191001142,NA,1.10052458837295,1.73724502995719,NA,1.79189434792613,1.34007955881307,NA,1.30141951888253,2.19532260153059,NA,2.72166126779657,-0.116763608990234,-0.327426126554872,0.0938989085744039,0.277325764238725,0.805858733738183,0
"secondary","Individual HMO containing Sialic Acid","3’-sialyllactose","X3.sl_nmol.ml","Misame","14-21 days",154,NA,122,320.620304914589,NA,342.707865195491,165.348765941306,NA,231.496697928809,280.825378040515,NA,292.466171774265,216.945293168569,NA,227.158653501454,400.109315083033,NA,395.463010562287,-16.009986861472,-59.4371791739761,27.4172054510321,0.469946775424668,0.785510826465983,0
"secondary","Individual HMO containing Sialic Acid","3’-sialyllactose","X3.sl_pct","Misame","14-21 days",154,NA,122,1.67552625438453,NA,1.93576507119896,0.768128439487347,NA,1.07510606963687,1.51661045287201,NA,1.70302421986806,1.19672922573097,NA,1.28425689428026,1.99223777609377,NA,2.11838290554646,-0.055089061213327,-0.260143922903236,0.149965800476582,0.598502942491086,0.871702061673441,0
"secondary","Individual HMO containing Sialic Acid","3’-sialyllactose","X3.sl_nmol.ml","Misame","3-4 mo.",157,NA,123,209.858882850788,NA,219.188014151769,88.9470784493082,NA,102.841022150313,200.005543154775,NA,196.533604479381,146.834966380418,NA,148.788103643379,257.473877074872,NA,251.365895895728,-22.7405643416712,-42.0241977434663,-3.456930939876,0.0208150729282366,0.288553566867268,0
"secondary","Individual HMO containing Sialic Acid","3’-sialyllactose","X3.sl_pct","Misame","3-4 mo.",157,NA,123,1.97108914585735,NA,2.07244159178102,1.030218719686,NA,0.984052505853212,1.73045901598925,NA,1.77177612147681,1.42872024084187,NA,1.42162519487298,2.29331284681392,NA,2.50782760462097,-0.0485548830526019,-0.263378991112544,0.16626922500734,0.657769969761185,0.818201669702937,0
"secondary","Individual HMO containing Sialic Acid","3’-sialyllactose","X3.sl_nmol.ml","Vital","1.5 mo.",50,NA,100,174.608478931039,NA,158.693259501792,64.8529099435229,NA,64.8394170043941,176.070353621433,NA,151.973353969042,148.928032871388,NA,115.347440386216,204.992328374189,NA,192.458635346972,-15.4880591128504,-36.309028655875,5.33291043017425,0.144852928497411,0.392034374015145,0
"secondary","Individual HMO containing Sialic Acid","3’-sialyllactose","X3.sl_pct","Vital","1.5 mo.",50,NA,100,1.62785278343459,NA,1.45625386263692,0.835199663763945,NA,0.789414130549801,1.4350352583976,NA,1.33149913006414,1.13001248248986,NA,0.963621221530528,1.99224786436311,NA,1.80148073562759,-0.137580241894482,-0.394894960102693,0.119734476313729,0.294662789709661,0.601112091007707,0
"secondary","Individual HMO containing Sialic Acid","3’-sialyllactose","X3.sl_pct","Vital","2 mo.",50,NA,100,1.69133757840954,NA,1.4969852648042,0.997687797198445,NA,0.838035317363881,1.3698414168781,NA,1.27304600355695,1.09527427213783,NA,0.99274328688874,1.99892368934943,NA,1.80164689104913,-0.120037390695445,-0.416313957296356,0.176239175905466,0.427145585565004,0.837862494762124,0
"secondary","Individual HMO containing Sialic Acid","3’-sialyllactose","X3.sl_nmol.ml","Vital","2 mo.",50,NA,100,154.66815072744,NA,150.457046004396,69.4240680568463,NA,63.4705719140695,138.979381223449,NA,147.304773208704,111.067901858782,NA,103.601773534607,181.866627701301,NA,182.562928113124,-1.36414104944257,-22.4385991566265,19.7103170577413,0.89904513805756,0.984074346180047,0
"secondary","Individual HMO containing Sialic Acid","6’-sialyllactose","X6.sl_nmol.ml","Elicit","1 mo.",99,101,NA,812.217412402984,776.541918002399,NA,340.252398355884,353.920482456035,NA,756.657215434756,662.56961040631,NA,587.02986196402,548.532081450655,NA,1020.7883719227,976.569769219981,NA,-25.8184250038688,-114.546369776067,62.9095197683294,0.568461735453143,0.93523065603239,0
"secondary","Individual HMO containing Sialic Acid","6’-sialyllactose","X6.sl_pct","Elicit","1 mo.",99,101,NA,5.48014644964969,5.31077151816318,NA,2.32663553326459,2.45053505534126,NA,5.04901124248666,4.7380966372327,NA,3.68745986767996,3.71414040996492,NA,6.89740096192568,6.38571321252714,NA,-0.139935750027005,-0.777161562276445,0.497290062222435,0.666896659510777,0.93523065603239,0
"secondary","Individual HMO containing Sialic Acid","6’-sialyllactose","X6.sl_nmol.ml","Elicit","5 mo.",99,100,NA,130.453895531656,139.239380015767,NA,89.216659191847,164.57453790351,NA,104.351026771009,108.624993570809,NA,75.3552597045552,76.7513515543494,NA,149.567432952841,160.236171534973,NA,9.82884768010172,-24.2900218820576,43.947717242261,0.572332431631143,0.998181792785883,0
"secondary","Individual HMO containing Sialic Acid","6’-sialyllactose","X6.sl_pct","Elicit","5 mo.",99,100,NA,1.53067609209643,1.62233099498714,NA,0.784245804673845,1.12446469565643,NA,1.3851594419995,1.3984547876185,NA,0.906948209220114,1.00276967504935,NA,1.98851866644278,1.82973313769445,NA,0.116241201526749,-0.137214670220758,0.369697073274255,0.368712053742216,0.998181792785883,0
"secondary","Individual HMO containing Sialic Acid","6’-sialyllactose","X6.sl_pct","Misame","1-2 mo.",163,NA,124,5.24450649648788,NA,5.54254168567296,3.52684804022536,NA,3.76185218441019,4.22652827808115,NA,4.74867754105127,3.1956206377235,NA,3.25074310147863,6.16721605090527,NA,6.70504229394104,0.323670379389153,-0.499640425392581,1.14698118417089,0.440988006398702,0.805858733738183,0
"secondary","Individual HMO containing Sialic Acid","6’-sialyllactose","X6.sl_nmol.ml","Misame","1-2 mo.",163,NA,124,658.582265427082,NA,677.529383236795,395.258167837125,NA,451.593882254976,543.348132616683,NA,558.02369087252,372.392243917,NA,387.414558766942,836.715835508534,NA,804.272102120889,7.70717749487835,-79.5149364395069,94.9292914292636,0.862503954510837,0.956254384348972,0
"secondary","Individual HMO containing Sialic Acid","6’-sialyllactose","X6.sl_pct","Misame","14-21 days",154,NA,122,9.20661096898066,NA,9.28203514072563,4.07739365730787,NA,4.36382751238075,8.31908224389508,NA,8.40931399357626,6.37139071766036,NA,6.04343198174069,10.8132537564309,NA,11.2573196584493,0.652541651347228,-0.247536383363904,1.55261968605836,0.155333798540243,0.565858837539457,0
"secondary","Individual HMO containing Sialic Acid","6’-sialyllactose","X6.sl_nmol.ml","Misame","14-21 days",154,NA,122,1717.91876726423,NA,1637.79754488258,670.521284982177,NA,844.528565959259,1625.56556182769,NA,1498.09952659797,1212.97988738654,NA,1099.97671013701,2067.27603481777,NA,1885.86012214429,61.1610350213314,-107.584018276749,229.906088319412,0.477467365106774,0.785510826465983,0
"secondary","Individual HMO containing Sialic Acid","6’-sialyllactose","X6.sl_pct","Misame","3-4 mo.",157,NA,123,3.66879728520735,NA,4.04820470368258,2.65246556275158,NA,3.21815106893819,2.89293708321307,NA,3.10282094736448,2.1045969565565,NA,2.23411502531205,4.18122482031522,NA,4.6766786096274,0.359310421117547,-0.284078239962433,1.00269908219753,0.273704003311948,0.489359060656101,0
"secondary","Individual HMO containing Sialic Acid","6’-sialyllactose","X6.sl_nmol.ml","Misame","3-4 mo.",157,NA,123,385.270941766694,NA,425.77106289344,230.772454240748,NA,291.6238757197,322.04147181547,NA,327.714606357301,245.957558759815,NA,225.775022017191,465.021221848835,NA,555.125121482334,10.9263376041967,-48.734972964685,70.5876481730784,0.719634992440658,0.834122377601671,0
"secondary","Individual HMO containing Sialic Acid","6’-sialyllactose","X6.sl_pct","Vital","1.5 mo.",50,NA,100,4.30459060712817,NA,4.18820536647099,1.78000469808233,NA,2.0715668879417,4.10796481819342,NA,3.5698016487547,2.87383326191518,NA,2.81063715317272,5.38582787384412,NA,5.22218274403831,-0.116385240657171,-0.752355471185666,0.519584989871324,0.719833223972264,0.788357275601937,0
"secondary","Individual HMO containing Sialic Acid","6’-sialyllactose","X6.sl_nmol.ml","Vital","1.5 mo.",50,NA,100,464.920408472494,NA,468.503515497325,178.198074532012,NA,219.584707898796,421.538280585744,NA,423.149333041031,340.112530639985,NA,342.918443508831,563.148489105732,NA,581.941697809241,2.01225270287881,-57.8472776046968,61.8717830104544,0.947468083835954,0.947468083835954,0
"secondary","Individual HMO containing Sialic Acid","6’-sialyllactose","X6.sl_nmol.ml","Vital","2 mo.",50,NA,100,319.527558140262,NA,329.626759471687,154.364886465229,NA,195.5164447668,294.96255116578,NA,273.836005174332,227.350572094011,NA,187.050623081741,415.306252735594,NA,410.499853499745,14.1718466478471,-39.1176545771109,67.461347872805,0.602203652176754,0.899661167468582,0
"secondary","Individual HMO containing Sialic Acid","6’-sialyllactose","X6.sl_pct","Vital","2 mo.",50,NA,100,3.25145451330258,NA,3.1076650747148,1.25494873916022,NA,1.71486209688816,2.98651619286551,NA,2.68317296449009,2.52517247821321,NA,1.94453935526405,3.9481112881082,NA,3.67746022641426,-0.131086530021316,-0.606804089469217,0.344631029426584,0.589142822106377,0.899661167468582,0
"secondary","Individual HMO containing Sialic Acid","Disialyllacto-N-hexaose","Dslnh_nmol.ml","Elicit","1 mo.",99,101,NA,263.3785036489,250.030293176835,NA,118.561488518808,114.303568976529,NA,264.26742455502,224.458702616672,NA,169.234532181625,173.219048144531,NA,335.436697982862,327.790531274496,NA,-11.7473286111101,-43.3356683198316,19.8410110976115,0.466070577849337,0.93523065603239,0
"secondary","Individual HMO containing Sialic Acid","Disialyllacto-N-hexaose","Dslnh_pct","Elicit","1 mo.",99,101,NA,1.79702106727555,1.71309860615161,NA,0.880661208317948,0.762810288073876,NA,1.69633152732554,1.62471252153756,NA,1.22220691889637,1.19487040534172,NA,2.23729003596214,2.15031138790594,NA,-0.060134845623355,-0.274664957232184,0.154395265985474,0.582733250198672,0.93523065603239,0
"secondary","Individual HMO containing Sialic Acid","Disialyllacto-N-hexaose","Dslnh_nmol.ml","Elicit","5 mo.",99,100,NA,42.8998483580844,39.4830082080062,NA,39.8541631727075,26.5851755739058,NA,33.1034371099619,34.6339839834899,NA,22.1879521669852,20.519043261052,NA,48.2343104374252,49.6865013828712,NA,-3.03060283700619,-11.6582619205582,5.59705624654577,0.491157734212583,0.998181792785883,0
"secondary","Individual HMO containing Sialic Acid","Disialyllacto-N-hexaose","Dslnh_pct","Elicit","5 mo.",99,100,NA,0.480804630250988,0.469299752637125,NA,0.332046109199021,0.290856288333474,NA,0.399232266316915,0.414055788895175,NA,0.291510615443624,0.252873822242713,NA,0.588609320117259,0.599459010526002,NA,-0.0082929469902106,-0.0900997571684984,0.0735138631880772,0.842508284849891,0.998181792785883,0
"secondary","Individual HMO containing Sialic Acid","Disialyllacto-N-hexaose","Dslnh_nmol.ml","Misame","1-2 mo.",163,NA,124,148.077729030257,NA,145.64532085767,91.8539838562506,NA,95.9546595859924,135.778997840363,NA,132.788529645607,82.9537023202587,NA,81.5631115398065,198.515175759626,NA,188.022194377252,-7.19478768456028,-26.675653262372,12.2860778932514,0.469148367855111,0.805858733738183,0
"secondary","Individual HMO containing Sialic Acid","Disialyllacto-N-hexaose","Dslnh_pct","Misame","1-2 mo.",163,NA,124,1.16531473052893,NA,1.24687338334362,0.698812735909535,NA,0.935065151171286,1.01941975386374,NA,1.07179320752317,0.712324055495625,NA,0.672552143111393,1.49180170141172,NA,1.52211261990135,-0.00246910918398902,-0.186424406962297,0.181486188594319,0.979012241608259,0.979012241608259,0
"secondary","Individual HMO containing Sialic Acid","Disialyllacto-N-hexaose","Dslnh_nmol.ml","Misame","14-21 days",154,NA,122,355.54901400992,NA,338.945759902812,180.980906775399,NA,189.025313045759,329.752139491056,NA,317.130942778021,247.212838015482,NA,211.896300329562,465.43964995091,NA,444.262821258909,-14.9278979395888,-53.8030237364436,23.947227857266,0.451679143850065,0.785510826465983,0
"secondary","Individual HMO containing Sialic Acid","Disialyllacto-N-hexaose","Dslnh_pct","Misame","14-21 days",154,NA,122,1.92388109834097,NA,1.95761800727973,1.07823622663603,NA,1.125336330918,1.81707568940341,NA,1.78803407630997,1.37146524483406,NA,1.24939506117469,2.30496630630656,NA,2.5348574045519,0.00808836796912837,-0.223479608938829,0.239656344877086,0.94542026435511,0.945691422921106,0
"secondary","Individual HMO containing Sialic Acid","Disialyllacto-N-hexaose","Dslnh_nmol.ml","Misame","3-4 mo.",157,NA,123,81.2716663077476,NA,78.1714245165596,61.5884376425447,NA,57.6308867287443,67.6187947071923,NA,65.6522405161083,43.0293795366638,NA,37.8382487220229,107.445123806981,NA,102.565665237143,-2.51231022470347,-16.0450461730461,11.0204257236392,0.715961658456665,0.834122377601671,0
"secondary","Individual HMO containing Sialic Acid","Disialyllacto-N-hexaose","Dslnh_pct","Misame","3-4 mo.",157,NA,123,0.746041738176565,NA,0.741917492192564,0.614193833440182,NA,0.557429938974774,0.629266383065098,NA,0.607392847506368,0.430985365689094,NA,0.395185475139703,0.92044989231779,NA,0.918229076709442,0.0130971654895409,-0.125610865682026,0.151805196661107,0.853178218046456,0.909859422997614,0
"secondary","Individual HMO containing Sialic Acid","Disialyllacto-N-hexaose","Dslnh_nmol.ml","Vital","1.5 mo.",50,NA,100,128.059518837829,NA,122.243473048678,60.0053176794677,NA,60.0360419892615,118.039816608136,NA,110.530635788246,91.0815607002788,NA,83.5962378896308,147.821136386866,NA,151.048125891897,-5.35847700110932,-24.5539570211942,13.8370030189756,0.58428946060337,0.778958719181114,0
"secondary","Individual HMO containing Sialic Acid","Disialyllacto-N-hexaose","Dslnh_pct","Vital","1.5 mo.",50,NA,100,1.17556623876433,NA,1.12175871964487,0.5572588591229,NA,0.631141386379879,1.11069297730848,NA,0.97050488680221,0.815730307975832,NA,0.682768565871284,1.38872764885672,NA,1.37543688847671,-0.0386246949423341,-0.22188665721002,0.144637267325352,0.679543366157024,0.788357275601937,0
"secondary","Individual HMO containing Sialic Acid","Disialyllacto-N-hexaose","Dslnh_pct","Vital","2 mo.",50,NA,100,0.972477452517739,NA,0.913680186972591,0.522070414388106,NA,0.553957556473523,0.876621989738359,NA,0.825178077799924,0.628137066215638,NA,0.538628876034536,1.1349834657524,NA,1.0995016319176,-0.0560532520891285,-0.231983076839715,0.119876572661458,0.532320990287631,0.899661167468582,0
"secondary","Individual HMO containing Sialic Acid","Disialyllacto-N-hexaose","Dslnh_nmol.ml","Vital","2 mo.",50,NA,100,95.0930495627238,NA,94.1330244188589,56.9472338979232,NA,57.1036131639821,87.4606854825091,NA,82.5315198709212,52.5845816867491,NA,55.4027378549626,116.921801358889,NA,113.577689608143,2.90638494445727,-13.6331338359619,19.4459037248765,0.730536416755413,0.899661167468582,0
"secondary","Individual HMO containing Sialic Acid","Disialyllacto-N-tetraose","Dslnt_pct","Elicit","1 mo.",99,101,NA,1.49925190696292,1.55290913323634,NA,0.795560807759433,0.554421236300673,NA,1.40834808644733,1.53598759365406,NA,0.980000277740556,1.11125157151882,NA,1.84063060113003,1.8423142398946,NA,0.050158738132376,-0.119345839193996,0.219663315458748,0.561927884301511,0.93523065603239,0
"secondary","Individual HMO containing Sialic Acid","Disialyllacto-N-tetraose","Dslnt_nmol.ml","Elicit","1 mo.",99,101,NA,230.978603735747,232.494751798067,NA,125.798356387989,96.3807852183108,NA,217.209835557093,220.780339503327,NA,144.393355334169,155.256819654984,NA,294.957800855632,292.005103919433,NA,0.811472069708032,-26.5462451062352,28.1691892456513,0.953640654657315,0.979621118040079,0
"secondary","Individual HMO containing Sialic Acid","Disialyllacto-N-tetraose","Dslnt_nmol.ml","Elicit","5 mo.",99,100,NA,93.4820813102676,98.0195773434987,NA,50.2575389394969,50.4045316492184,NA,81.920096487643,85.3305889697087,NA,54.6205062995579,58.8755257486626,NA,117.633716072833,124.966425415743,NA,4.72315031871695,-8.81011697454987,18.2564176119838,0.493954183561474,0.998181792785883,0
"secondary","Individual HMO containing Sialic Acid","Disialyllacto-N-tetraose","Dslnt_pct","Elicit","5 mo.",99,100,NA,1.14830541684893,1.16458515652477,NA,0.658553742859619,0.534892517998675,NA,1.01760869302684,1.05378325287341,NA,0.696308245395356,0.780850430954863,NA,1.37847093452514,1.40119894356522,NA,0.00562083225528376,-0.150227265841123,0.16146893035169,0.943645875326177,0.998181792785883,0
"secondary","Individual HMO containing Sialic Acid","Disialyllacto-N-tetraose","Dslnt_pct","Misame","1-2 mo.",163,NA,124,1.3853404346349,NA,1.48266112389244,0.748625888652935,NA,0.814205408964688,1.25095275176738,NA,1.31070054942664,0.903761744893233,NA,0.901956626516636,1.69402758721476,NA,1.76225229676449,0.0738100751970969,-0.0868919527543916,0.234512103148585,0.368010106275719,0.805858733738183,0
"secondary","Individual HMO containing Sialic Acid","Disialyllacto-N-tetraose","Dslnt_nmol.ml","Misame","1-2 mo.",163,NA,124,178.071315591473,NA,185.728178211465,102.466084609126,NA,107.3328168656,160.174580676937,NA,153.90327092099,106.485350146776,NA,106.27314793121,233.866925511133,NA,236.487363636621,2.51596562353828,-19.7125026226575,24.744433869734,0.824437087375843,0.956254384348972,0
"secondary","Individual HMO containing Sialic Acid","Disialyllacto-N-tetraose","Dslnt_pct","Misame","14-21 days",154,NA,122,2.02955006765871,NA,2.17347084013586,0.877631490922659,NA,0.867371013710265,1.89519026635717,NA,2.01246299488745,1.44439001561545,NA,1.50351771866771,2.44197237124845,NA,2.64884576207611,0.233732313113216,0.0607369211313191,0.406727705095113,0.00809485972455093,0.394208331222799,0
"secondary","Individual HMO containing Sialic Acid","Disialyllacto-N-tetraose","Dslnt_nmol.ml","Misame","14-21 days",154,NA,122,385.697571153064,NA,391.11039355057,168.51384163829,NA,176.241860672969,374.722280236148,NA,346.677349216572,262.724786643305,NA,250.218877008189,477.845282127766,NA,520.56004047115,17.3775697636274,-19.0217901239924,53.7769296512472,0.349420174121834,0.742517870008896,0
"secondary","Individual HMO containing Sialic Acid","Disialyllacto-N-tetraose","Dslnt_pct","Misame","3-4 mo.",157,NA,123,1.06037078529981,NA,1.15341957012533,0.62287471174813,NA,0.627556622900066,0.885587526769106,NA,1.02228439731234,0.633827759394566,NA,0.728489863245672,1.36252932180396,NA,1.35147826873671,0.109517267383217,-0.0279100501672031,0.246944584933637,0.11830782390339,0.331536397164895,0
"secondary","Individual HMO containing Sialic Acid","Disialyllacto-N-tetraose","Dslnt_nmol.ml","Misame","3-4 mo.",157,NA,123,115.566935185476,NA,127.761317316501,73.1016433325745,NA,83.2210947118347,98.0326534295284,NA,107.948591635894,67.359857926723,NA,79.826619177622,138.924407983253,NA,150.431750512192,-0.945840456264662,-18.3284153630483,16.436734450519,0.91506840239779,0.91506840239779,0
"secondary","Individual HMO containing Sialic Acid","Disialyllacto-N-tetraose","Dslnt_pct","Vital","1.5 mo.",50,NA,100,1.65628058101552,NA,1.40950029322129,0.82253380069761,NA,0.670650917742239,1.49767122905976,NA,1.2569931439348,0.962028110630399,NA,0.915640010994008,2.08326991233931,NA,1.76061020275956,-0.245651482265927,-0.506767902222412,0.0154649376905588,0.0652002320758379,0.307235685654087,0
"secondary","Individual HMO containing Sialic Acid","Disialyllacto-N-tetraose","Dslnt_nmol.ml","Vital","1.5 mo.",50,NA,100,182.696670770535,NA,159.654452790318,88.509836252487,NA,80.0251341082543,172.364176591265,NA,141.003274902088,123.444781164628,NA,103.535517176622,229.418463496224,NA,186.813358138563,-19.3013110017106,-46.9135972602502,8.31097525682897,0.170675119290958,0.435221554191943,0
"secondary","Individual HMO containing Sialic Acid","Disialyllacto-N-tetraose","Dslnt_pct","Vital","2 mo.",50,NA,100,1.35492065288212,NA,1.19014605891064,0.742167756191904,NA,0.604698566732461,1.31890988782581,NA,1.05218863794952,0.88786911859002,NA,0.814146863238748,1.59681986393184,NA,1.46478206432387,-0.136152184268918,-0.355370012650997,0.0830656441131607,0.223490935611106,0.49864533256733,0
"secondary","Individual HMO containing Sialic Acid","Disialyllacto-N-tetraose","Dslnt_nmol.ml","Vital","2 mo.",50,NA,100,130.636384964636,NA,127.566260951559,74.6329218493651,NA,73.9738250157245,112.794944602093,NA,109.250773689895,83.5690682219857,NA,74.2480753522575,162.159559381691,NA,156.944759641983,0.100193951272374,-23.5919334861972,23.792321388742,0.993386663461572,0.993386663461572,0
"secondary","Individual HMO containing Sialic Acid","Sialyl-lacto-N-tetraose b","Lstb_nmol.ml","Elicit","1 mo.",99,101,NA,134.120902445134,132.249502858366,NA,72.7877601932255,55.4771173894416,NA,113.647474686556,119.831659253812,NA,83.3107688607015,90.286667619444,NA,183.527857026565,162.556645349949,NA,-2.25267626915647,-18.7074184993848,14.2020659610719,0.78845170669688,0.941019071783225,0
"secondary","Individual HMO containing Sialic Acid","Sialyl-lacto-N-tetraose b","Lstb_pct","Elicit","1 mo.",99,101,NA,0.896361729185904,0.906767564180667,NA,0.49306458571051,0.394616321055539,NA,0.792506799517561,0.794245175070466,NA,0.525419529278668,0.649931123476955,NA,1.1357678400099,1.13950816168577,NA,0.00493243980737113,-0.111190235624626,0.121055115239368,0.933651444163981,0.979621118040079,0
"secondary","Individual HMO containing Sialic Acid","Sialyl-lacto-N-tetraose b","Lstb_nmol.ml","Elicit","5 mo.",99,100,NA,66.4491080048643,65.215470692365,NA,41.9452651785453,35.2938278521901,NA,53.5454883486218,51.6721167659481,NA,35.250557586315,40.2136223924384,NA,83.3545436713874,78.2164978738726,NA,-1.28011416950692,-11.6987600816033,9.13853174258945,0.809697651347681,0.998181792785883,0
"secondary","Individual HMO containing Sialic Acid","Sialyl-lacto-N-tetraose b","Lstb_pct","Elicit","5 mo.",99,100,NA,0.828052062085425,0.800277897230827,NA,0.585314357849188,0.434866899724156,NA,0.692817417510632,0.651204188720336,NA,0.444817017818729,0.490856585428949,NA,1.00814204691656,1.03964117769644,NA,-0.0385557964797151,-0.169426729693589,0.0923151367341584,0.563653298799178,0.998181792785883,0
"secondary","Individual HMO containing Sialic Acid","Sialyl-lacto-N-tetraose b","Lstb_pct","Misame","1-2 mo.",163,NA,124,0.728815673401249,NA,0.790440659625375,0.440612680081046,NA,0.463297757539078,0.6372317658217,NA,0.682848428979422,0.423663009110415,NA,0.479323205013402,0.887208479986996,NA,0.959001495150524,0.0656340050652922,-0.0262843679737488,0.157552378104333,0.161661393241433,0.706842582734601,0
"secondary","Individual HMO containing Sialic Acid","Sialyl-lacto-N-tetraose b","Lstb_nmol.ml","Misame","1-2 mo.",163,NA,124,91.21494729927,NA,96.848424428979,51.4314364762825,NA,56.58299411102,86.077951087425,NA,87.662844248793,56.7654684790579,NA,56.5604350615244,114.243860105315,NA,126.875218930982,5.14495042121375,-5.66970348980459,15.9596043322321,0.351113879613767,0.805858733738183,0
"secondary","Individual HMO containing Sialic Acid","Sialyl-lacto-N-tetraose b","Lstb_pct","Misame","14-21 days",154,NA,122,0.824086241078143,NA,0.865615732630738,0.417567834521967,NA,0.396525340058891,0.756134574653425,NA,0.829134048684364,0.546780518008685,NA,0.562282723997688,0.972991842717927,NA,1.06826475846088,0.0451682614227322,-0.0396644474166096,0.130000970262074,0.296688221808175,0.720528538676996,0
"secondary","Individual HMO containing Sialic Acid","Sialyl-lacto-N-tetraose b","Lstb_nmol.ml","Misame","14-21 days",154,NA,122,153.331856225947,NA,153.249718965863,79.4317276862553,NA,76.4194388382961,141.387664312584,NA,139.794116656553,98.1486908291575,NA,103.23628366748,192.802925583451,NA,186.701062772651,-1.64359590005284,-18.1018323597542,14.8146405596485,0.844820638885781,0.933586529535075,0
"secondary","Individual HMO containing Sialic Acid","Sialyl-lacto-N-tetraose b","Lstb_pct","Misame","3-4 mo.",157,NA,123,0.578585152031342,NA,0.645030036154651,0.370256971448644,NA,0.373497874770956,0.485052343880785,NA,0.583865052685128,0.306396111615728,NA,0.377216505368791,0.718176444662409,NA,0.79060934955298,0.0822723477271472,0.00388753783024796,0.160657157624046,0.0396699263799986,0.288553566867268,0
"secondary","Individual HMO containing Sialic Acid","Sialyl-lacto-N-tetraose b","Lstb_nmol.ml","Misame","3-4 mo.",157,NA,123,60.5759302350078,NA,68.9440715001898,32.6807819717805,NA,40.8083702567842,54.275796221379,NA,59.9725290436506,34.2559437937518,NA,40.5533507945804,78.8606132354584,NA,86.1777577544094,4.54312649816676,-3.66949196403227,12.7557449603658,0.278262995275038,0.489359060656101,0
"secondary","Individual HMO containing Sialic Acid","Sialyl-lacto-N-tetraose b","Lstb_nmol.ml","Vital","1.5 mo.",50,NA,100,155.349376785632,NA,124.253937942658,68.4107353460696,NA,57.535038483871,143.803931251535,NA,111.297663912326,104.721617640905,NA,82.1199533992168,198.447771517954,NA,156.682210682229,-30.0998956377818,-51.3888185398596,-8.81097273570392,0.00558593915898741,0.141532588047431,0
"secondary","Individual HMO containing Sialic Acid","Sialyl-lacto-N-tetraose b","Lstb_pct","Vital","1.5 mo.",50,NA,100,1.42813873649405,NA,1.12674268383461,0.680127001162871,NA,0.557373705000472,1.37700920137334,NA,1.01287920955684,0.892024303295301,NA,0.729046508772752,1.7990594578787,NA,1.52569533965297,-0.27017621791509,-0.47086597945779,-0.0694864563723911,0.00832544635573126,0.141532588047431,0
"secondary","Individual HMO containing Sialic Acid","Sialyl-lacto-N-tetraose b","Lstb_pct","Vital","2 mo.",50,NA,100,1.5041056206584,NA,1.14465779981901,0.87709556262145,NA,0.596328916678022,1.41977268358363,NA,0.963795988511507,0.79759580481285,NA,0.710108433983412,2.04168500513707,NA,1.58159577125271,-0.31883237305815,-0.564162071660607,-0.0735026744556938,0.0108596048479893,0.328396401961104,0
"secondary","Individual HMO containing Sialic Acid","Sialyl-lacto-N-tetraose b","Lstb_nmol.ml","Vital","2 mo.",50,NA,100,141.216910552049,NA,120.41243797562,83.6165423844122,NA,70.3631881653816,126.480052181833,NA,100.770943923768,84.8707327548401,NA,74.1823045900683,193.843644164084,NA,149.136545629452,-17.3365770714649,-42.8779673863444,8.20481324341456,0.183401973721397,0.44783977446224,0
"secondary","Individual HMO containing Sialic Acid","Sialyl-lacto-N-tetraose c","Lstc_nmol.ml","Elicit","1 mo.",99,101,NA,247.315255687211,218.543811374215,NA,127.299948672894,105.326396212786,NA,232.496723712498,192.638322327399,NA,166.406735147792,144.104937091917,NA,304.058412217689,276.866917835903,NA,-28.7714443129951,-61.1047666516756,3.56187802568535,0.0811500274690064,0.93523065603239,0
"secondary","Individual HMO containing Sialic Acid","Sialyl-lacto-N-tetraose c","Lstc_pct","Elicit","1 mo.",99,101,NA,1.58029806290829,1.41956755786908,NA,0.664992890003711,0.531097116026101,NA,1.52339964211997,1.31390287660699,NA,1.20621016443595,0.973155965349991,NA,1.84645838071465,1.8210099669052,NA,-0.159065378611274,-0.315076660386869,-0.00305409683567884,0.0456806252932013,0.93523065603239,0
"secondary","Individual HMO containing Sialic Acid","Sialyl-lacto-N-tetraose c","Lstc_nmol.ml","Elicit","5 mo.",99,100,NA,34.7128910765279,34.6412903220342,NA,28.8580035908284,25.3463294839719,NA,25.533907683295,30.7251731512292,NA,14.5999878692769,17.1104060158034,NA,44.6569984432648,41.7591560610288,NA,-0.00862050367872769,-7.42303807889137,7.40579707153392,0.998181792785883,0.998181792785883,0
"secondary","Individual HMO containing Sialic Acid","Sialyl-lacto-N-tetraose c","Lstc_pct","Elicit","5 mo.",99,100,NA,0.372389985812478,0.370264992135241,NA,0.245116529978354,0.196941162473868,NA,0.310946305692635,0.337167279903859,NA,0.212919382352055,0.206408799200181,NA,0.438542779273833,0.490843394349833,NA,-0.00233460682369285,-0.0605407068406432,0.0558714931932575,0.937340595283869,0.998181792785883,0
"secondary","Individual HMO containing Sialic Acid","Sialyl-lacto-N-tetraose c","Lstc_nmol.ml","Misame","1-2 mo.",163,NA,124,177.522243396745,NA,163.511062531956,113.614155924691,NA,101.323937168711,152.290224491297,NA,137.197249807876,100.438291637531,NA,93.7232700192211,215.389053776859,NA,216.222534979804,1.3492809767792,-20.5926268053391,23.2911887588975,0.904067504862789,0.960571723916714,0
"secondary","Individual HMO containing Sialic Acid","Sialyl-lacto-N-tetraose c","Lstc_pct","Misame","1-2 mo.",163,NA,124,1.34364226172207,NA,1.27442175603263,0.76364888543755,NA,0.641856541363141,1.17666931367659,NA,1.17463188116416,0.904918998730774,NA,0.802174419813052,1.61171543896255,NA,1.64161177253659,0.0105292037119356,-0.138579128948157,0.159637536372028,0.889922882855231,0.960571723916714,0
"secondary","Individual HMO containing Sialic Acid","Sialyl-lacto-N-tetraose c","Lstc_pct","Misame","14-21 days",154,NA,122,2.89459039654816,NA,2.71691706348387,1.07527736054885,NA,1.08644319437976,2.82949509618315,NA,2.65434348220174,2.0932355309573,NA,1.87790948574496,3.60380628540697,NA,3.26536820041801,0.0566191975690891,-0.158382774252601,0.271621169390779,0.605755104698221,0.871702061673441,0
"secondary","Individual HMO containing Sialic Acid","Sialyl-lacto-N-tetraose c","Lstc_nmol.ml","Misame","14-21 days",154,NA,122,560.079862162588,NA,497.697196761073,254.532624807602,NA,237.677131186111,502.768666812761,NA,452.256414861045,360.24425661052,NA,315.480206347657,714.614832545803,NA,643.791237583948,10.1004420454537,-44.363664277433,64.5645483683405,0.71624786893142,0.897887116032903,0
"secondary","Individual HMO containing Sialic Acid","Sialyl-lacto-N-tetraose c","Lstc_pct","Misame","3-4 mo.",157,NA,123,0.899992239605048,NA,0.803170643498713,0.56832266349596,NA,0.496353465395423,0.756080919508263,NA,0.701138507193455,0.531210619903245,NA,0.454684786354849,1.106485077891,NA,0.947205569682272,0.0901429780743929,-0.0234746769185634,0.203760633067349,0.119942847606553,0.331536397164895,0
"secondary","Individual HMO containing Sialic Acid","Sialyl-lacto-N-tetraose c","Lstc_nmol.ml","Misame","3-4 mo.",157,NA,123,104.015740810694,NA,88.9759656231609,85.5604069678028,NA,58.9254159250067,80.5206553189084,NA,79.7743899949948,54.8005150167986,NA,46.6987431117913,121.588351829949,NA,112.391698804433,4.81492160599248,-11.0961274400603,20.7259706520452,0.553104567645415,0.75009834433879,0
"secondary","Individual HMO containing Sialic Acid","Sialyl-lacto-N-tetraose c","Lstc_nmol.ml","Vital","1.5 mo.",50,NA,100,122.614830812825,NA,128.339114403278,58.0863323144139,NA,64.1950317531247,120.882964846431,NA,119.001907061587,82.481876453564,NA,77.1148377380265,160.628596322619,NA,169.083131143978,5.82041882984036,-12.0993951502293,23.7402328099101,0.524383327258062,0.734036791409183,0
"secondary","Individual HMO containing Sialic Acid","Sialyl-lacto-N-tetraose c","Lstc_pct","Vital","1.5 mo.",50,NA,100,1.0480468878458,NA,1.08947332103031,0.389747552495035,NA,0.433716370821373,1.01606448592146,NA,1.03242252130455,0.720264454331765,NA,0.768344071379536,1.33042207826708,NA,1.39104587194635,0.0450487720569854,-0.0901105334178821,0.180208077531853,0.513589615090416,0.734036791409183,0
"secondary","Individual HMO containing Sialic Acid","Sialyl-lacto-N-tetraose c","Lstc_nmol.ml","Vital","2 mo.",50,NA,100,93.2404507137823,NA,102.773929119234,50.8572606538951,NA,68.6733498175106,90.1922605131487,NA,83.7266179485966,50.0353647590955,NA,55.7061984471767,130.280121032206,NA,121.834694874567,11.1708508117864,-6.86924668729001,29.2109483108628,0.224879267628404,0.49864533256733,0
"secondary","Individual HMO containing Sialic Acid","Sialyl-lacto-N-tetraose c","Lstc_pct","Vital","2 mo.",50,NA,100,0.898584231750107,NA,0.915549079495439,0.361045701486606,NA,0.47931599024011,0.814330772659953,NA,0.787719649028281,0.633244457322817,NA,0.611146810864675,1.2109520212124,NA,1.11275402849206,0.0169648477453317,-0.119696995182533,0.153626690673196,0.807769239633259,0.936277982302187,0
"secondary","Other individual HMO","Lacto-N-hexaose","Lnh_nmol.ml","Elicit","1 mo.",99,101,NA,195.670209314208,188.627163517262,NA,132.566907170174,127.345746152199,NA,158.507139960699,146.436269596843,NA,112.251936454148,111.507369770646,NA,240.198677449915,249.401834527374,NA,-7.23167510172019,-42.2499115761578,27.7865613727174,0.685657264265596,0.93523065603239,0
"secondary","Other individual HMO","Lacto-N-hexaose","Lnh_pct","Elicit","1 mo.",99,101,NA,1.29508567377566,1.29412866727493,NA,0.862690355197915,0.918274577354501,NA,1.19810738688859,1.08136829519618,NA,0.77981698789219,0.712036202649992,NA,1.5890529894461,1.62722999451456,NA,0.00614575953141694,-0.234677345096228,0.246968864159062,0.960108119490049,0.979621118040079,0
"secondary","Other individual HMO","Lacto-N-hexaose","Lnh_nmol.ml","Elicit","5 mo.",99,100,NA,58.1683112304255,57.0146376197347,NA,49.4119602515426,47.5214727306796,NA,43.5839652984375,46.088634527538,NA,31.3291387112767,28.839998681025,NA,63.0255758619413,66.8824910455802,NA,-2.07019944721281,-15.1293504582861,10.9889515638605,0.756026476896777,0.998181792785883,0
"secondary","Other individual HMO","Lacto-N-hexaose","Lnh_pct","Elicit","5 mo.",99,100,NA,0.714673604023441,0.652814919390949,NA,0.708964371958625,0.401948746780786,NA,0.564891646671235,0.54171746952918,NA,0.39944206190372,0.353835666348237,NA,0.78656289632206,0.890335020176995,NA,-0.0645333584931035,-0.222052758761591,0.0929860417753839,0.42199315474968,0.998181792785883,0
"secondary","Other individual HMO","Lacto-N-hexaose","Lnh_nmol.ml","Misame","1-2 mo.",163,NA,124,158.573836752037,NA,160.734755513133,113.618418246392,NA,120.015750526181,121.35838354911,NA,116.203821458017,81.1919823578813,NA,81.3916103742561,195.663066257917,NA,233.070464611703,9.39353496159282,-15.4275270942419,34.2145970174276,0.458239614759168,0.805858733738183,0
"secondary","Other individual HMO","Lacto-N-hexaose","Lnh_pct","Misame","1-2 mo.",163,NA,124,1.30447181780283,NA,1.24657763136315,1.24432297392764,NA,0.784678179973569,0.991779846066397,NA,1.01984351666249,0.640951899602837,NA,0.684789826131654,1.62608719196273,NA,1.59592741645045,0.0809438022764624,-0.12771732807857,0.289604932631495,0.447069898048975,0.805858733738183,0
"secondary","Other individual HMO","Lacto-N-hexaose","Lnh_nmol.ml","Misame","14-21 days",154,NA,122,259.116137271221,NA,264.16278786598,165.197712873312,NA,144.724575937094,208.615732804811,NA,231.440886098845,151.336413543393,NA,160.925168227657,318.368729355273,NA,314.692190170035,24.207573761571,-8.59382705682307,57.008974579965,0.148047723591871,0.565858837539457,0
"secondary","Other individual HMO","Lacto-N-hexaose","Lnh_pct","Misame","14-21 days",154,NA,122,1.45867132938759,NA,1.50412736709234,1.23868799283714,NA,0.81357383733193,1.15961054171702,NA,1.35853449861359,0.75133864867424,NA,0.905576163195764,1.71965628012373,NA,1.94874650329803,0.158814148959663,-0.0578047476051888,0.375433045524514,0.150732871863161,0.565858837539457,0
"secondary","Other individual HMO","Lacto-N-hexaose","Lnh_pct","Misame","3-4 mo.",157,NA,123,0.934543790876138,NA,0.912239389680551,1.05424217380801,NA,0.629436441750995,0.669056253661935,NA,0.63118887443231,0.413583905965617,NA,0.482402486379012,1.10585266413651,NA,1.20425550076003,0.0673397410926997,-0.123448217712307,0.258127699897707,0.489074928416525,0.697842373334101,0
"secondary","Other individual HMO","Lacto-N-hexaose","Lnh_nmol.ml","Misame","3-4 mo.",157,NA,123,96.5555911947285,NA,101.381321232493,80.0360896519513,NA,79.5083661619956,71.3393118834412,NA,65.8955560333785,48.294384093857,NA,47.8660409759618,116.331988633171,NA,125.622359953914,4.93321646440762,-11.6095421489857,21.475975077801,0.558896805585765,0.75009834433879,0
"secondary","Other individual HMO","Lacto-N-hexaose","Lnh_nmol.ml","Vital","1.5 mo.",50,NA,100,110.002309528039,NA,126.764065379141,72.2316035389965,NA,75.6182175557298,101.024447166501,NA,106.591531301027,69.9684297340097,NA,73.989724018305,123.510650472268,NA,154.395399554475,15.4092548926136,-8.70937657388087,39.5278863591081,0.210493457176692,0.487962105273241,0
"secondary","Other individual HMO","Lacto-N-hexaose","Lnh_pct","Vital","1.5 mo.",50,NA,100,1.01872079257755,NA,1.16107351561822,0.810551565302194,NA,0.842297400688325,0.857709157562747,NA,0.986596957989348,0.688374978829511,NA,0.657401636732212,1.13756780896919,NA,1.30927004701693,0.14235272304067,-0.135065928398097,0.419771374479438,0.314549023638458,0.617000007906206,0
"secondary","Other individual HMO","Lacto-N-hexaose","Lnh_nmol.ml","Vital","2 mo.",50,NA,100,92.1657783959549,NA,100.301250905736,83.2738857327092,NA,55.5383259330042,75.1371420066104,NA,88.339709342328,49.5272809876373,NA,59.1238852589344,95.4601772735165,NA,129.041372115037,8.58863219007543,-14.9093214663022,32.0865858464531,0.473758166702401,0.862916660779372,0
"secondary","Other individual HMO","Lacto-N-hexaose","Lnh_pct","Vital","2 mo.",50,NA,100,0.96685680832598,NA,0.980198507032568,0.892896409419203,NA,0.59382465328781,0.781324881490581,NA,0.871954633583211,0.552465770698766,NA,0.579203293116759,1.08285921959962,NA,1.20103077522749,0.0133829070714164,-0.258196839336261,0.284962653479094,0.923057471954836,0.984074346180047,0
"secondary","Other individual HMO","Lacto-N-neotetraose","Lnnt_nmol.ml","Elicit","1 mo.",99,101,NA,1476.45761131934,1431.42233668822,NA,1016.89785733409,961.837258579439,NA,1165.56814988676,1176.06788364549,NA,789.609093045378,798.695546735952,NA,1882.77472835098,1922.33996691894,NA,-46.7170717424704,-318.096307258742,224.662163773801,0.735814206976299,0.938163113894781,0
"secondary","Other individual HMO","Lacto-N-neotetraose","Lnnt_pct","Elicit","1 mo.",99,101,NA,9.43522082548364,9.18122083030545,NA,5.64378064511787,5.5013236025467,NA,7.48835682053898,8.60353336031725,NA,5.37633768587131,5.34079819550678,NA,12.3381621252818,12.1578122718532,NA,-0.392893828716176,-1.85003671593322,1.06424905850087,0.597172472172038,0.93523065603239,0
"secondary","Other individual HMO","Lacto-N-neotetraose","Lnnt_nmol.ml","Elicit","5 mo.",99,100,NA,725.851524701167,762.724800434351,NA,703.547200619698,771.002538340532,NA,456.101589808257,529.052995243763,NA,286.957998907757,295.27255284814,NA,964.514271453005,1003.65162003785,NA,27.873722461369,-165.632215198139,221.379660120877,0.777694601858681,0.998181792785883,0
"secondary","Other individual HMO","Lacto-N-neotetraose","Lnnt_pct","Elicit","5 mo.",99,100,NA,7.99789238859027,7.9405844999943,NA,6.75126219858869,5.92307874259598,NA,6.0589155639239,5.84941674580835,NA,3.55177350395237,4.14332086689338,NA,9.35562358553032,10.047446787971,NA,-0.176908862750345,-1.83211841178169,1.478300686281,0.834072743526907,0.998181792785883,0
"secondary","Other individual HMO","Lacto-N-neotetraose","Lnnt_nmol.ml","Misame","1-2 mo.",163,NA,124,321.44296119429,NA,304.122994358823,209.849980528284,NA,229.781901957486,260.370839952526,NA,270.26003374355,177.751227110318,NA,126.084152258208,437.64017636901,NA,428.886960298323,18.5217188254113,-28.7269498694605,65.770387520283,0.442299550564079,0.805858733738183,0
"secondary","Other individual HMO","Lacto-N-neotetraose","Lnnt_pct","Misame","1-2 mo.",163,NA,124,2.53367738413109,NA,2.29644202564989,1.87047315321181,NA,1.47386238593526,2.09685565072004,NA,2.10952978133531,1.35083008137142,NA,1.1749338849116,3.29985705136737,NA,3.02998994550574,0.0757435756096139,-0.27242637067351,0.423913521892737,0.669826832263893,0.936939259072536,0
"secondary","Other individual HMO","Lacto-N-neotetraose","Lnnt_nmol.ml","Misame","14-21 days",154,NA,122,389.003225669022,NA,372.980728623847,231.943426432077,NA,229.50990196922,327.416966004961,NA,314.733038181292,214.516764102546,NA,209.019655337481,533.753369318646,NA,489.101647278396,4.26790051937127,-45.6119140971194,54.1477151358619,0.866817933478734,0.933586529535075,0
"secondary","Other individual HMO","Lacto-N-neotetraose","Lnnt_pct","Misame","14-21 days",154,NA,122,2.06418326166378,NA,2.03481089145379,1.30792432668692,NA,1.04847838657689,1.76183924224768,NA,1.81450187517385,1.14657036761139,NA,1.27715052770509,2.74889758688019,NA,2.74820681968636,0.0196726964673171,-0.232907045293896,0.27225243822853,0.878669674856541,0.933586529535075,0
"secondary","Other individual HMO","Lacto-N-neotetraose","Lnnt_pct","Misame","3-4 mo.",157,NA,123,2.53626799065294,NA,2.19202593270442,2.16339294409973,NA,1.60961388581969,2.0807260002971,NA,1.72308560457941,1.14430206187126,NA,1.04896020540127,3.35270319971162,NA,2.8911262792595,0.13952322532485,-0.25899806890722,0.53804451955692,0.49259461647113,0.697842373334101,0
"secondary","Other individual HMO","Lacto-N-neotetraose","Lnnt_nmol.ml","Misame","3-4 mo.",157,NA,123,278.287683159458,NA,256.228496679365,209.598877883931,NA,236.385488221841,208.135484945016,NA,195.021696713486,124.380153296721,NA,101.066621027433,378.841596164694,NA,317.805686807178,3.38724220156877,-45.517953559243,52.2924379623805,0.892019042154523,0.909859422997614,0
"secondary","Other individual HMO","Lacto-N-neotetraose","Lnnt_pct","Vital","1.5 mo.",50,NA,100,6.56490514018901,NA,8.03490317349617,3.85189645131584,NA,4.21973039119856,6.16787036684582,NA,7.53159420102152,3.36123419354654,NA,4.58163213727844,8.82947146949627,NA,10.6252917785209,1.1798431422772,0.0127193237685523,2.34696696078584,0.0475549857768668,0.307235685654087,0
"secondary","Other individual HMO","Lacto-N-neotetraose","Lnnt_nmol.ml","Vital","1.5 mo.",50,NA,100,817.282368861458,NA,966.96053811108,609.961995143943,NA,572.055417583723,711.889298673467,NA,858.152940727768,328.155750262661,NA,546.461060106848,1180.06599294124,NA,1338.1005156975,149.678169249622,-52.138029720755,351.494368219998,0.146052021691917,0.392034374015145,0
"secondary","Other individual HMO","Lacto-N-neotetraose","Lnnt_nmol.ml","Vital","2 mo.",50,NA,100,733.646271232904,NA,943.584099407763,517.25305760625,NA,557.244843035333,579.25046719982,NA,862.397112813162,350.010573876535,NA,535.393398451657,968.756315929212,NA,1364.68689412084,201.628029810831,23.1726813436086,380.083378278053,0.0267965946783075,0.328396401961104,0
"secondary","Other individual HMO","Lacto-N-neotetraose","Lnnt_pct","Vital","2 mo.",50,NA,100,6.96026402936829,NA,8.56390014128223,3.91053088630447,NA,4.84585917051892,6.57286289009936,NA,7.81868716835002,4.13165962021334,NA,5.06802593766625,8.88111861526737,NA,11.5203126158483,1.38992939270271,0.168362404871116,2.6114963805343,0.0257410758983237,0.328396401961104,0
"secondary","Other individual HMO","Lacto-N-tetrose","Lnt_nmol.ml","Elicit","1 mo.",99,101,NA,2486.68489734296,2446.25499297201,NA,1533.85624092416,1042.21354014107,NA,2129.22150695625,2284.94240969253,NA,1440.20025690683,1798.03269023206,NA,2976.58270638003,2964.39312130021,NA,-56.0380811931764,-411.060192278088,298.984029891735,0.757041308641742,0.941019071783225,0
"secondary","Other individual HMO","Lacto-N-tetrose","Lnt_pct","Elicit","1 mo.",99,101,NA,16.7857869523411,16.9323072983331,NA,10.6009969532527,8.33874179052213,NA,14.4633964415054,14.4654896577523,NA,10.2514868864239,10.7756953154569,NA,19.8420688866145,20.6804374819685,NA,-0.0226373386760024,-2.54704278161099,2.50176810425898,0.985977286727872,0.985977286727872,0
"secondary","Other individual HMO","Lacto-N-tetrose","Lnt_nmol.ml","Elicit","5 mo.",99,100,NA,1019.17398073203,1024.5458018173,NA,674.457878992947,578.46501544103,NA,824.373796732506,883.255318704057,NA,521.50597525142,629.861582183567,NA,1328.08467526717,1262.17403269911,NA,4.12737264730083,-166.371139061548,174.625884356149,0.962157630371029,0.998181792785883,0
"secondary","Other individual HMO","Lacto-N-tetrose","Lnt_pct","Elicit","5 mo.",99,100,NA,12.6597924227433,12.5097399684769,NA,9.30366151428048,7.82371500579919,NA,10.8713413859871,10.5040608435917,NA,6.67478532991625,7.81474258279615,NA,15.2452552359623,16.3250725142026,NA,-0.219505144969421,-2.53909528146696,2.10008499152812,0.852857772666325,0.998181792785883,0
"secondary","Other individual HMO","Lacto-N-tetrose","Lnt_nmol.ml","Misame","1-2 mo.",163,NA,124,1399.41382600031,NA,1463.131696545,883.110909171614,NA,904.721363824874,1248.97455566231,NA,1210.02127290982,757.281684276077,NA,849.107325863348,1782.66607490898,NA,1832.70188965378,133.10746588286,-57.4271229107312,323.642054676452,0.170927121893502,0.706842582734601,0
"secondary","Other individual HMO","Lacto-N-tetrose","Lnt_pct","Misame","1-2 mo.",163,NA,124,11.6672158833602,NA,12.5991034454714,8.19532264226327,NA,9.76363836303773,9.71595115146234,NA,10.3247790277267,5.7532671821742,NA,6.83642402648341,14.8408423876079,NA,14.3521354370871,1.63821782546186,-0.268071958761479,3.54450760968521,0.0921151887098962,0.706842582734601,0
"secondary","Other individual HMO","Lacto-N-tetrose","Lnt_pct","Misame","14-21 days",154,NA,122,14.7342632530841,NA,15.8590795698916,10.5457754272371,NA,11.1600665927688,12.0901228295317,NA,12.1741090591207,7.4526919985806,NA,8.71709964018177,19.452413760187,NA,18.6542262151706,2.22485415433956,-0.0392590856635189,4.48896739434264,0.0541070258541096,0.394208331222799,0
"secondary","Other individual HMO","Lacto-N-tetrose","Lnt_nmol.ml","Misame","14-21 days",154,NA,122,2615.66578667425,NA,2698.85228498194,1733.55369629707,NA,1810.28931425849,2188.39504156115,NA,2215.39106827218,1492.91659178472,NA,1486.70557740852,3462.36007748169,NA,3195.97783520632,240.742215320571,-151.294112745228,632.77854338637,0.228752951880806,0.648133363662284,0
"secondary","Other individual HMO","Lacto-N-tetrose","Lnt_pct","Misame","3-4 mo.",157,NA,123,9.85538273811394,NA,11.2760138518841,8.78949975320715,NA,10.1457939827176,6.72491388490897,NA,7.40157691913646,4.34071526719386,NA,5.3622817669096,11.6410752862211,NA,12.4964334718679,2.26736547048693,0.247742267892347,4.28698867308151,0.0277793784039557,0.288553566867268,0
"secondary","Other individual HMO","Lacto-N-tetrose","Lnt_nmol.ml","Misame","3-4 mo.",157,NA,123,961.636698483415,NA,1112.0164753822,666.705179306337,NA,748.592900978285,757.860063866421,NA,868.886230751259,524.332201364659,NA,598.975705282832,1249.03121701117,NA,1476.40375257954,121.940464894662,-38.5805249159499,282.461454705273,0.136514987067898,0.331536397164895,0
"secondary","Other individual HMO","Lacto-N-tetrose","Lnt_nmol.ml","Vital","1.5 mo.",50,NA,100,2154.55602102095,NA,1800.58856697759,1188.28781751619,NA,871.737290081632,1976.17762775177,NA,1658.52012685042,1268.61764037424,NA,1201.62977376861,2685.51457944509,NA,2171.61417259934,-359.747304256786,-727.156542036501,7.66193352292851,0.054972818846294,0.307235685654087,0
"secondary","Other individual HMO","Lacto-N-tetrose","Lnt_pct","Vital","1.5 mo.",50,NA,100,19.9932780991317,NA,16.6926853438939,12.5103596876229,NA,9.35549160206427,18.1612849944502,NA,15.1977201130947,11.471743122166,NA,9.33287526874686,25.0600920444663,NA,22.7042396160868,-2.77066854442194,-6.02054505420462,0.479207965360745,0.0947297668790976,0.345087007916713,0
"secondary","Other individual HMO","Lacto-N-tetrose","Lnt_pct","Vital","2 mo.",50,NA,100,19.1287218627938,NA,15.8038492333148,13.3329439655717,NA,9.72274862954927,16.8638244556052,NA,12.8276691362899,7.4825456193822,NA,8.62565170165317,24.8423083759907,NA,21.0407886604806,-2.95334214129984,-6.68934063265175,0.782656350052062,0.121292785212312,0.363878355636937,0
"secondary","Other individual HMO","Lacto-N-tetrose","Lnt_nmol.ml","Vital","2 mo.",50,NA,100,1758.72778969633,NA,1618.50350925763,1183.36034942368,NA,948.247530370421,1556.13875818652,NA,1306.80175972363,875.299980245347,NA,931.862972895784,2327.87068199613,NA,2142.40901611018,-138.859953619749,-513.272490393174,235.552583153677,0.467287159906198,0.862916660779372,0
