"study","visit","biomarker","label","category","outcome_class","arm","mean","mean_cil","mean_ciu","N","raw_mean","raw_sd","raw_median","raw_q25","raw_q75"
"Elicit","1 mo.","Nmn","nicotinamide mononucleotide","B3 or related","primary","Control",1513.66983504538,1327.22054934768,1700.11912074307,98,1515.73109955532,964.715306989332,1290.71504332308,936.211991980587,1828.52218399957
"Elicit","1 mo.","Nmn","nicotinamide mononucleotide","B3 or related","primary","Nico",4295.65016932734,3909.7278719192,4681.57246673549,101,4288.81065559669,2024.64260152755,4276.98919519465,2635.58661626732,5783.69302141133
"Elicit","1 mo.","B3","vitamin B3 ( expressed as NAM)","B3 or related","primary","Control",1800.44194347255,1583.04655872161,2017.83732822349,98,1785.00783221017,1129.55463831895,1450.91722951714,1111.28466790858,2057.76920420863
"Elicit","1 mo.","B3","vitamin B3 ( expressed as NAM)","B3 or related","primary","Nico",5107.08845091352,4630.44434265113,5583.7325591759,101,5107.08845091352,2450.04222267606,4819.59518135656,3461.14631585592,5980.17267685424
"Elicit","1 mo.","Nufa","nudifloramide (niacin catabolite)","B3 or related","primary","Control",215.228091957171,112.948834429506,317.507349484837,98,214.743691608564,528.920472337487,120.343880952297,80.8379530086041,213.023410684113
"Elicit","1 mo.","Nufa","nudifloramide (niacin catabolite)","B3 or related","primary","Nico",2549.89717569819,2073.10154945485,3026.69280194152,101,2540.79147527302,2500.11485355597,1672.54173647837,899.480352949094,3695.1024239569
"Elicit","1 mo.","Nr","nicotinamide riboside","B3 or related","primary","Control",629.156853746407,450.459611093366,807.854096399449,98,629.482606981803,910.217913776524,326.939438608654,199.668813231741,637.941845713323
"Elicit","1 mo.","Nr","nicotinamide riboside","B3 or related","primary","Nico",2861.61373785158,2358.67279946347,3364.55467623969,101,2860.97817510642,2680.73212401943,2112.76388261138,555.582995449612,4298.6431394239
"Elicit","1 mo.","Nam","nicotinamide","B3 or related","primary","Control",405.48115422033,343.50540875297,467.456899687689,98,405.115978251872,346.796942304479,329.949335798112,173.009945778206,487.162628913515
"Elicit","1 mo.","Nam","nicotinamide","B3 or related","primary","Nico",1264.26795588323,1054.08089242012,1474.45501934634,101,1264.26795588323,1080.40185794436,936.644692327329,560.783530763069,1459.53514656833
"Elicit","1 mo.","Nad","nicotinamide adenine dinucleotide","B3 or related","primary","Control",2863.81154925788,2451.59092376611,3276.03217474966,98,2851.55709416949,2213.56683071383,2210.52121766587,1411.47945961615,3376.58914131231
"Elicit","1 mo.","Nad","nicotinamide adenine dinucleotide","B3 or related","primary","Nico",4865.01113211009,4374.17107502105,5355.85118919914,101,4927.12568865949,2766.77470310354,4110.27279218579,3196.68452386142,5861.59421203706
"Elicit","1 mo.","Trp","tryptophan","B3 or related","primary","Control",370.219553453738,318.259699717234,422.179407190241,98,370.29297406907,284.369646341217,312.297650450558,177.979902248502,477.079874875904
"Elicit","1 mo.","Trp","tryptophan","B3 or related","primary","Nico",456.866902677921,387.149510870936,526.584294484905,101,449.692819743155,434.691740636646,337.933110085509,219.703095827245,536.584635120542
"Elicit","1 mo.","Fat","Total Fat","Macronutrient","primary","Control",3.49740702248757,3.27256859261553,3.7222454523596,97,3.49126804123711,1.19219401660922,3.346,2.624,4.478
"Elicit","1 mo.","Fat","Total Fat","Macronutrient","primary","Nico",3.77475970088532,3.55597502187163,3.99354437989902,101,3.78866336633663,1.25702320008206,3.598,2.878,4.472
"Elicit","1 mo.","Bio","biotin","Other B vitamins","primary","Control",13.7005678662903,12.5126035949377,14.888532137643,98,13.6611488388651,6.21166481690335,12.8175897542191,9.33705695615652,17.2995734560965
"Elicit","1 mo.","Bio","biotin","Other B vitamins","primary","Nico",15.2428176588809,14.022251327474,16.4633839902878,101,15.2428176588809,6.2739452679388,14.638855858706,11.1141414031222,19.1748393642205
"Elicit","1 mo.","Kcal.l","Total Energy","Macronutrient","primary","Control",636.601192535522,615.224125795127,657.978259275917,97,636.590721649485,108.221889231563,623.9,562.8,724.6
"Elicit","1 mo.","Kcal.l","Total Energy","Macronutrient","primary","Nico",662.449475438912,640.302031673893,684.596919203932,101,662.990099009901,118.87456036087,646,574.6,725.6
"Elicit","1 mo.","Fe","Iron","Micronutrient","primary","Control",662.729705281748,532.278670013493,793.180740550003,98,663.71075156398,672.762929114612,464.135538713758,369.803829841616,779.3160269556
"Elicit","1 mo.","Fe","Iron","Micronutrient","primary","Nico",543.226096424812,487.152974860646,599.299217988979,99,553.66846639798,351.324221871282,450.423410198755,343.162151482127,658.304710183049
"Elicit","1 mo.","Mn","Manganese","Micronutrient","primary","Control",11.1046307036388,8.2921386910978,13.9171227161799,98,11.2782132242532,15.7155445770535,6.87355090431535,4.33596147634902,13.3347271915559
"Elicit","1 mo.","Mn","Manganese","Micronutrient","primary","Nico",8.6496527520004,7.05205861385168,10.2472468901491,99,9.01084774652781,9.40249737513157,6.18379673330821,3.28261384366615,10.5274885111313
"Elicit","1 mo.","B2","vitamin B2 (expressed as riboflavin)","B2","primary","Control",77.0418476726215,68.127395358071,85.9562999871721,98,76.9357252505192,45.5118836644616,68.2565954705905,48.6677358218798,94.9619053092716
"Elicit","1 mo.","B2","vitamin B2 (expressed as riboflavin)","B2","primary","Nico",86.2075242809175,77.7798775603279,94.6351710015071,101,86.2075242809175,43.319722084712,77.7254420895731,57.8814579926494,110.071975635221
"Elicit","1 mo.","Fmn","flavin mononucleotide","B2","primary","Control",9.3958257156775,7.1985448748443,11.5931065565107,98,9.11453900915457,11.6762651522559,3.76726579424545,1.0486203757178,12.3726107822789
"Elicit","1 mo.","Fmn","flavin mononucleotide","B2","primary","Nico",11.8653434692751,9.14286597649509,14.5878209620551,101,11.8770032056784,14.6099095775675,6.5358455163787,1.99737214422439,15.9013015704086
"Elicit","1 mo.","T","free thiamin","B1","primary","Control",32.6175596882507,29.1398961881418,36.0952231883595,98,32.5709810066828,18.4008524236086,29.6861301022438,20.3131181303876,38.515134223164
"Elicit","1 mo.","T","free thiamin","B1","primary","Nico",29.5679426774693,26.7632500138536,32.3726353410849,101,29.5234121152579,14.8962113165936,28.3216460126344,18.19594273258,36.2660116996949
"Elicit","1 mo.","P","Phosphorus","Micronutrient","primary","Control",189.049482800552,182.992886505318,195.106079095785,98,188.417343630532,32.7621259169212,187.431380974065,170.734249801783,210.019079996773
"Elicit","1 mo.","P","Phosphorus","Micronutrient","primary","Nico",194.446565228209,188.410366737425,200.482763718993,99,194.900296925507,35.0796091873599,191.093356519896,169.564215560532,214.504782922804
"Elicit","1 mo.","Ca","Calcium","Micronutrient","primary","Control",282.869021243954,270.299187396134,295.438855091774,98,282.551804740111,67.1181207701342,286.82744270112,230.632202684728,329.593438815183
"Elicit","1 mo.","Ca","Calcium","Micronutrient","primary","Nico",293.901708963393,281.438393886489,306.365024040296,99,294.094312443645,64.9771761584851,292.671531181757,257.771393607291,331.290810721073
"Elicit","1 mo.","Na","Sodium","Micronutrient","primary","Control",176.895576371641,162.534790692454,191.256362050828,98,177.010206263694,74.9529710601846,153.376685001043,130.299987017288,196.804934742924
"Elicit","1 mo.","Na","Sodium","Micronutrient","primary","Nico",190.453657957587,171.800850073094,209.10646584208,99,188.383702274842,98.9949898366701,163.107316711563,138.507015193083,193.493348677989
"Elicit","1 mo.","Cu","Copper","Micronutrient","primary","Control",587.789935001851,372.343923054469,803.235946949232,98,587.53404393294,1101.3928236056,472.925617202416,400.847340959303,548.852762156103
"Elicit","1 mo.","Cu","Copper","Micronutrient","primary","Nico",463.398515554684,429.785387373159,497.011643736209,99,463.229182518777,172.429047629795,429.967583793372,371.220649163868,504.219162222608
"Elicit","1 mo.","Fad","flavin adenine dinucleotide","B2","primary","Control",108.387415673016,95.4770757745649,121.297755571468,98,108.185681208168,67.9173107983296,94.7385781795471,56.1123053394368,147.292444987719
"Elicit","1 mo.","Fad","flavin adenine dinucleotide","B2","primary","Nico",119.128728579022,106.138943120054,132.118514037991,101,118.091239190062,69.5085092836999,100.132254020651,74.2777720787937,151.007841769773
"Elicit","1 mo.","Pl","pyridoxal","B6","primary","Control",102.376874051881,92.4690039012104,112.284744202552,98,102.873897441513,54.424089394435,89.5360706440367,63.0498027343963,136.929651042066
"Elicit","1 mo.","Pl","pyridoxal","B6","primary","Nico",110.277776650146,99.5412831945727,121.014270105719,101,109.393720849883,66.6486812688101,91.518999792352,66.8320564802571,138.731598561764
"Elicit","1 mo.","Tmp","thiamine monophosphate","B1","primary","Control",229.63707827559,213.371573562483,245.902582988698,98,229.45711526095,83.5050795353706,219.042312830174,191.852575340141,243.948263690731
"Elicit","1 mo.","Tmp","thiamine monophosphate","B1","primary","Nico",241.090059814814,226.390041418478,255.79007821115,101,240.28459074464,83.0658895451041,226.479768065349,190.991725891961,276.787137770394
"Elicit","1 mo.","Pm","pyridoxamine","B6","primary","Control",1.35670961333162,1.20115453906191,1.51226468760133,98,1.37367952404585,0.935339904701114,1.1261071810099,0.775026706930344,1.57434200011777
"Elicit","1 mo.","Pm","pyridoxamine","B6","primary","Nico",1.48465650008618,1.26325593633808,1.70605706383427,101,1.4765536595886,1.20166822204013,0.998040089836225,0.70657705475131,1.78410706324706
"Elicit","1 mo.","Pn","pyridoxine","B6","primary","Control",0.0817051088805337,0.053706706034374,0.109703511726693,98,0.0835225451170114,0.167059682772985,0,0,0.105553697111534
"Elicit","1 mo.","Pn","pyridoxine","B6","primary","Nico",0.107394609545892,0.0597409389717747,0.15504828012001,101,0.104508611001519,0.270859446149143,0,0,0.0671705345255215
"Elicit","1 mo.","Mg","Magnesium","Micronutrient","primary","Control",33.3269416878958,32.1064606872234,34.5474226885683,98,33.29964897746,7.4123928942201,32.4340354200584,28.175362375975,37.6316790555137
"Elicit","1 mo.","Mg","Magnesium","Micronutrient","primary","Nico",34.0551038217882,32.6493677551087,35.4608398884677,99,34.0557370691297,7.15908200945024,34.4573784659157,28.2694851365487,38.50503675124
"Elicit","1 mo.","Se","Selenium","Micronutrient","primary","Control",13.6403587432975,12.8088102367291,14.4719072498659,98,13.6390358565119,4.22769091271215,13.1060421667238,10.7543058097582,15.7015747090068
"Elicit","1 mo.","Se","Selenium","Micronutrient","primary","Nico",13.2079677607663,12.386988607428,14.0289469141047,99,13.2106359518844,4.19840810080459,12.3655010886661,10.2663503968913,15.5580042663004
"Elicit","1 mo.","A.tocopherol","α-Tocopherol","Micronutrient","primary","Control",4.69560565510494,4.24212204995946,5.14908926025042,98,4.69224602515053,2.3255160610101,4.5380423291911,3.11876178629747,6.09790261853009
"Elicit","1 mo.","A.tocopherol","α-Tocopherol","Micronutrient","primary","Nico",4.4836847386247,4.05920302993895,4.90816644731045,101,4.47650135002414,2.20517478371994,4.19256626179377,3.017696663655,5.42835946610056
"Elicit","1 mo.","Tpp","thiamine pyrophosphate","B1","primary","Control",7.43321948604162,6.25258032033327,8.61385865174998,98,7.42322563173709,6.09231227922983,5.66976825495562,3.47306435239667,9.78701983915266
"Elicit","1 mo.","Tpp","thiamine pyrophosphate","B1","primary","Nico",6.83010595668662,5.6231385135745,8.03707339979873,101,6.84911110086992,7.02034044343696,5.35312781417126,2.90987303816587,8.36829741664099
"Elicit","1 mo.","Ribo","riboflavin","B2","primary","Control",17.5989697742987,12.7433165900679,22.4546229585295,98,17.5864649931366,24.9792639865254,11.0312307760766,7.31055214804546,19.4245585404826
"Elicit","1 mo.","Ribo","riboflavin","B2","primary","Nico",20.038346229962,16.1909038084987,23.8857886514253,101,19.8341699155867,20.7451905855388,13.8944092515536,9.95572211016131,23.0943685153961
"Elicit","1 mo.","Plp","pyridoxal 5-phosphate","B6","primary","Control",54.6433549534935,48.8263237911998,60.4603861157871,98,54.3178175443549,35.3858111966363,43.468622684789,31.7387192303742,71.87960046561
"Elicit","1 mo.","Plp","pyridoxal 5-phosphate","B6","primary","Nico",51.9633904099622,46.6169447763829,57.3098360435416,101,51.8220682693419,28.4769007656362,46.3880995583553,34.3481461193468,64.690677530898
"Elicit","1 mo.","B6","vitamin B6 (expressed as PL)","B6","primary","Control",140.780633341643,128.275543316466,153.285723366819,98,141.061053651608,68.1746019052408,127.378710658547,90.9145262698375,189.886372621935
"Elicit","1 mo.","B6","vitamin B6 (expressed as PL)","B6","primary","Nico",147.241736339778,134.82419537093,159.659277308627,101,146.015787376868,76.2859355751898,125.017766652745,96.0644872734947,177.203516128679
"Elicit","1 mo.","Cho","Total Carbohydrates","Macronutrient","primary","Control",6.84923560328156,6.79572236722948,6.90274883933364,97,6.85012371134021,0.278516915170484,6.864,6.647,7.064
"Elicit","1 mo.","Cho","Total Carbohydrates","Macronutrient","primary","Nico",6.82362287457273,6.7643447320972,6.88290101704825,101,6.82518811881188,0.3112070922351,6.849,6.649,7.011
"Elicit","1 mo.","Cr","Chromium","Micronutrient","primary","Control",9.26387436334946,8.27881116238966,10.2489375643093,98,9.20279818638578,5.69786236866408,7.955996770027,6.32777069150243,11.0121739445614
"Elicit","1 mo.","Cr","Chromium","Micronutrient","primary","Nico",9.76596738258409,8.32913604117872,11.2027987239895,99,9.84175194769931,7.76750168155178,8.34429418076453,6.2615988955158,10.2605251072413
"Elicit","1 mo.","B1","total vitamin B1 (expressed as thiamin)","B1","primary","Control",213.552837331957,198.917634439745,228.188040224169,98,213.517831858343,76.5920301812392,201.91204623701,174.019265873952,232.062500091514
"Elicit","1 mo.","B1","total vitamin B1 (expressed as thiamin)","B1","primary","Nico",219.047801524651,206.201323863929,231.894279185374,101,218.431916127779,71.4174766809134,203.026416105725,173.243147731998,247.809093220622
"Elicit","1 mo.","Protein","Total Protein","Macronutrient","primary","Control",1.21170166294388,1.16809991973245,1.25530340615531,97,1.21079381443299,0.228093316893197,1.207,1.071,1.336
"Elicit","1 mo.","Protein","Total Protein","Macronutrient","primary","Nico",1.2269702970297,1.18298467014493,1.27095592391447,101,1.2269702970297,0.226091682971557,1.188,1.091,1.344
"Elicit","1 mo.","Mo","Molybdenum","Micronutrient","primary","Control",5.85926428859084,4.89627742323515,6.82225115394653,98,5.84369547456646,5.07933387881433,4.06414058513162,2.61555916616949,7.07831602630585
"Elicit","1 mo.","Mo","Molybdenum","Micronutrient","primary","Nico",6.22573574011736,5.06682937224081,7.38464210799392,99,6.23999112417535,6.13080716136291,3.55010696934356,2.32194934454971,7.50084156601448
"Elicit","1 mo.","Vitamin.a","Vitamin A","Micronutrient","primary","Control",0.571375723958553,0.518610963633585,0.624140484283521,98,0.571175535467213,0.27122028440602,0.498316217472436,0.394115647142548,0.693788405307059
"Elicit","1 mo.","Vitamin.a","Vitamin A","Micronutrient","primary","Nico",0.58964965472481,0.545640254469027,0.633659054980593,101,0.588509819762051,0.237705002608915,0.549498978258028,0.410178444085415,0.757086541785969
"Elicit","1 mo.","K","Potassium","Micronutrient","primary","Control",558.111556010583,543.874119549389,572.348992471777,98,558.388804573003,97.3070319920012,565.833388011915,495.873773435963,634.285242561774
"Elicit","1 mo.","K","Potassium","Micronutrient","primary","Nico",554.446542667057,538.965503677514,569.927581656601,99,555.158477096733,91.9175953492826,555.189249260102,494.800183511302,613.435478549415
"Elicit","1 mo.","B12","vitamin B12 (expressed as cyanocobalamin)","Other B vitamins","primary","Control",218.086940755079,198.766422323569,237.407459186588,98,218.038315097902,109.60624925821,203.853485424588,161.072306717364,264.401711026616
"Elicit","1 mo.","B12","vitamin B12 (expressed as cyanocobalamin)","Other B vitamins","primary","Nico",213.555767435629,192.570946696293,234.540588174965,101,213.092793484672,108.880189098316,201.048162230672,169.254499366286,248.73865652725
"Elicit","1 mo.","G.tocopherol","γ-Tocopherol","Micronutrient","primary","Control",0.687212206399147,0.628631435220579,0.745792977577715,98,0.683790996975574,0.329737360027911,0.61018464001847,0.465533543747059,0.794718335368062
"Elicit","1 mo.","G.tocopherol","γ-Tocopherol","Micronutrient","primary","Nico",0.68207929967467,0.611732703473313,0.752425895876027,101,0.688678287859802,0.383956622540236,0.638690166998072,0.406814562852855,0.865850514171109
"Elicit","1 mo.","Pa","pantothenic acid","Other B vitamins","primary","Control",2870.21531407871,2687.05111777283,3053.37951038459,98,2870.21531407871,927.5530528588,2733.89777923016,2229.4905714133,3274.25011338331
"Elicit","1 mo.","Pa","pantothenic acid","Other B vitamins","primary","Nico",2883.62373680862,2698.06901907019,3069.17845454705,101,2883.62373680862,953.786871998071,2733.67459458923,2326.91314700814,3377.22998653728
"Elicit","1 mo.","Zn","Zinc","Micronutrient","primary","Control",3063.99316093206,2904.5199181582,3223.46640370591,98,3061.6234794226,836.807798784183,3008.79650507865,2538.96927398481,3552.82354508098
"Elicit","1 mo.","Zn","Zinc","Micronutrient","primary","Nico",3057.10098577734,2904.30678879164,3209.89518276304,99,3062.01623054404,832.039418260659,3038.54909650451,2412.89724698839,3503.16339273642
"Elicit","5 mo.","Nmn","nicotinamide mononucleotide","B3 or related","primary","Control",569.075190266355,510.141950874206,628.008429658504,99,570.479302115382,316.771477242326,508.100928778928,365.409987756862,700.227867144642
"Elicit","5 mo.","Nmn","nicotinamide mononucleotide","B3 or related","primary","Nico",3208.94774457786,2662.26409895558,3755.63139020014,101,3207.00967562836,2905.53288014256,3166.85256932795,776.206767402409,4280.8471999723
"Elicit","5 mo.","Nad","nicotinamide adenine dinucleotide","B3 or related","primary","Control",1728.417579707,1508.04785581462,1948.78730359939,99,1728.417579707,1121.59879394613,1413.69917023466,904.819622790868,2394.97258248083
"Elicit","5 mo.","Nad","nicotinamide adenine dinucleotide","B3 or related","primary","Nico",4983.40802836065,4179.40091247452,5787.41514424677,101,4989.6252851731,4262.90112277677,4029.42333619995,2233.57074934852,6550.12628524994
"Elicit","5 mo.","Nufa","nudifloramide (niacin catabolite)","B3 or related","primary","Control",99.2007302477897,84.8705837913175,113.530876704262,99,99.5945641070014,79.4048069300273,83.6242571852575,43.1907920024141,129.983612526942
"Elicit","5 mo.","Nufa","nudifloramide (niacin catabolite)","B3 or related","primary","Nico",2443.67482605914,1815.88498678636,3071.46466533191,101,2443.67482605914,3227.00104124051,1521.65857272496,118.797651087155,3454.99615666632
"Elicit","5 mo.","Nr","nicotinamide riboside","B3 or related","primary","Control",144.57104285053,130.903913919668,158.238171781392,99,143.927393886619,77.278434939467,124.731692809041,95.1425112844292,170.940829494931
"Elicit","5 mo.","Nr","nicotinamide riboside","B3 or related","primary","Nico",1271.82168882206,898.300967466485,1645.34241017763,101,1271.82168882206,1919.99245820163,697.161696453952,164.389223510046,1766.14569840935
"Elicit","5 mo.","B3","vitamin B3 ( expressed as NAM)","B3 or related","primary","Control",706.060784597647,642.075393343719,770.046175851575,99,705.468311671953,332.003298310579,665.352670269113,447.011693559544,911.636480867965
"Elicit","5 mo.","B3","vitamin B3 ( expressed as NAM)","B3 or related","primary","Nico",5289.52532357731,2148.17424941169,8430.87639774294,101,5272.7932105641,16375.4706587624,3424.10567812971,1331.31518373669,5132.9411491127
"Elicit","5 mo.","K","Potassium","Micronutrient","primary","Control",515.881125141088,501.53264273987,530.229607542306,99,515.87763570172,77.4053130268921,511.489459297337,456.166303645795,570.322466187068
"Elicit","5 mo.","K","Potassium","Micronutrient","primary","Nico",492.243368849702,479.598178847954,504.88855885145,100,491.90362935434,74.3495061073885,483.326050011317,446.374608628178,541.27129929443
"Elicit","5 mo.","Cho","Total Carbohydrates","Macronutrient","primary","Control",6.8340363315963,6.79156960094029,6.87650306225232,98,6.83333673469388,0.2357663942492,6.827,6.64175,6.97475
"Elicit","5 mo.","Cho","Total Carbohydrates","Macronutrient","primary","Nico",6.73732195624407,6.6678517313477,6.80679218114045,101,6.73894059405941,0.375583514595148,6.777,6.56,6.994
"Elicit","5 mo.","Fat","Total Fat","Macronutrient","primary","Control",3.08968108867673,2.87980567361463,3.29955650373884,98,3.09613265306122,1.19388492285726,2.984,2.24725,3.8135
"Elicit","5 mo.","Fat","Total Fat","Macronutrient","primary","Nico",3.44469300410622,3.16416283315951,3.72522317505293,101,3.44372277227723,1.51497512929297,3.348,2.221,4.365
"Elicit","5 mo.","Kcal.l","Total Energy","Macronutrient","primary","Control",585.185982655302,565.724977165377,604.646988145228,98,585.361224489796,110.815709959116,570.55,514,657.95
"Elicit","5 mo.","Kcal.l","Total Energy","Macronutrient","primary","Nico",614.396114974451,589.624143598266,639.168086350636,101,613.752475247525,138.591565107015,609.6,503.3,683.5
"Elicit","5 mo.","Tpp","thiamine pyrophosphate","B1","primary","Control",5.09322258920707,4.28948082108844,5.8969643573257,98,5.09058221559377,4.17195601067851,3.99636814675518,2.15516849940314,6.3386886369175
"Elicit","5 mo.","Tpp","thiamine pyrophosphate","B1","primary","Nico",6.19269402361215,5.2097615824784,7.1756264647459,101,6.22775259619138,5.7466362315646,4.12632119401411,2.45051864002531,7.85589100128553
"Elicit","5 mo.","Nam","nicotinamide","B3 or related","primary","Control",110.006199549949,91.8659808098078,128.14641829009,99,110.006199549949,92.3268727731257,98.4634403645535,43.3050238917484,142.925468711425
"Elicit","5 mo.","Nam","nicotinamide","B3 or related","primary","Nico",2574.05011514885,-296.024727196821,5444.12495749452,101,2574.05011514885,14752.9219577947,783.268403782486,296.363149329397,1689.62319172141
"Elicit","5 mo.","Vitamin.a","Vitamin A","Micronutrient","primary","Control",0.416679487205245,0.383858274706283,0.449500699704208,99,0.418214396674017,0.180412524666673,0.385131744327105,0.279991923527479,0.51561408935853
"Elicit","5 mo.","Vitamin.a","Vitamin A","Micronutrient","primary","Nico",0.456861774651501,0.418720940959518,0.495002608343485,101,0.456861774651501,0.196053682838174,0.450409159428997,0.332418362061965,0.531045810707269
"Elicit","5 mo.","Pm","pyridoxamine","B6","primary","Control",1.22680928548618,0.984661502692166,1.46895706828019,99,1.22660706133532,1.26072185394802,0.945046810729877,0.750738120673267,1.15260382056307
"Elicit","5 mo.","Pm","pyridoxamine","B6","primary","Nico",1.02035614375521,0.895593487631105,1.14511879987931,101,1.0206015849013,0.644017314799882,0.892053531623529,0.759570333857658,1.1216910744177
"Elicit","5 mo.","Na","Sodium","Micronutrient","primary","Control",120.702532802936,104.918136117661,136.48692948821,99,120.702532802936,80.3356125541241,104.792302810078,92.4903435212048,123.750114960076
"Elicit","5 mo.","Na","Sodium","Micronutrient","primary","Nico",143.408714205433,113.884709418076,172.932718992789,100,143.446813908064,151.069677578982,111.515603400228,90.5723570781333,135.285292563795
"Elicit","5 mo.","Ca","Calcium","Micronutrient","primary","Control",266.022173590952,258.177852338462,273.866494843442,99,266.365410520321,44.8904743316958,257.160519791659,240.547373817539,284.365751591632
"Elicit","5 mo.","Ca","Calcium","Micronutrient","primary","Nico",257.832996564046,248.676847918119,266.989145209973,100,257.858526978142,47.4104358916225,255.933056328056,223.701676293409,284.722133162733
"Elicit","5 mo.","A.tocopherol","α-Tocopherol","Micronutrient","primary","Control",4.60988108552408,4.18564619586239,5.03411597518577,99,4.61451154839554,2.25986308618194,4.23654601768422,2.93705814458374,6.09878885136536
"Elicit","5 mo.","A.tocopherol","α-Tocopherol","Micronutrient","primary","Nico",5.01832559244303,4.56654540250906,5.470105782377,101,5.00685665826649,2.39491404146075,4.53466606399127,3.13700277152797,6.79349843995491
"Elicit","5 mo.","B1","total vitamin B1 (expressed as thiamin)","B1","primary","Control",201.520886434264,186.336542163644,216.705230704884,98,201.071925848088,77.5632276793516,185.130504339877,155.211200698254,224.853804581053
"Elicit","5 mo.","B1","total vitamin B1 (expressed as thiamin)","B1","primary","Nico",216.822315811021,197.041523124534,236.603108497509,101,216.986494062715,103.677667929106,195.240216578023,160.026330868125,234.124281953313
"Elicit","5 mo.","Pa","pantothenic acid","Other B vitamins","primary","Control",2100.37284365288,1943.07357887319,2257.67210843257,99,2100.66964910815,806.384244207629,1885.36465339425,1575.63892803039,2439.02127197611
"Elicit","5 mo.","Pa","pantothenic acid","Other B vitamins","primary","Nico",2252.4250062149,2056.34945942443,2448.50055300537,101,2252.40375259889,1011.64084952417,2102.59770389846,1672.51594116963,2467.70793782351
"Elicit","5 mo.","Mn","Manganese","Micronutrient","primary","Control",12.6827204674342,10.147269038284,15.2181718965843,99,12.3892663445749,14.5650587569236,8.48966873180605,3.22473646531711,13.5283156119008
"Elicit","5 mo.","Mn","Manganese","Micronutrient","primary","Nico",15.0691055252471,11.748837746982,18.3893733035122,100,15.0893901284595,17.2204970022748,9.66353848547084,5.94668399994314,17.6227148974849
"Elicit","5 mo.","Cu","Copper","Micronutrient","primary","Control",335.221867960544,206.249001874796,464.194734046291,99,346.945118033501,726.424520204206,200.869944830317,156.712680865931,277.766819285
"Elicit","5 mo.","Cu","Copper","Micronutrient","primary","Nico",260.56891455234,221.490655000391,299.647174104289,100,262.259720288111,205.989075234914,215.960487264662,149.980458929311,281.005928722331
"Elicit","5 mo.","Protein","Total Protein","Macronutrient","primary","Control",0.834875756888368,0.803529915625954,0.866221598150783,98,0.834438775510204,0.1670470065535,0.796,0.72825,0.942
"Elicit","5 mo.","Protein","Total Protein","Macronutrient","primary","Nico",0.858184487596215,0.811341889854682,0.905027085337749,101,0.857554455445545,0.256113548069895,0.831,0.729,0.945
"Elicit","5 mo.","Mg","Magnesium","Micronutrient","primary","Control",39.2295867617264,37.9553061682794,40.5038673551733,99,39.2052329875248,7.23560485993039,39.3741222791083,33.3538676927492,43.3312799001481
"Elicit","5 mo.","Mg","Magnesium","Micronutrient","primary","Nico",38.1934650412921,36.6437290513322,39.7432010312519,100,38.2037522708296,8.36860061660137,37.7575839905443,31.26814378698,42.6557237335346
"Elicit","5 mo.","Fe","Iron","Micronutrient","primary","Control",591.057719521766,471.406245550877,710.709193492655,99,583.294976565785,633.067634734704,410.223810257398,241.677325486659,565.218067150546
"Elicit","5 mo.","Fe","Iron","Micronutrient","primary","Nico",679.861035576029,545.553812776832,814.168258375225,100,679.861035576029,686.973109291282,458.412421707204,286.877587978677,820.78956624803
"Elicit","5 mo.","Zn","Zinc","Micronutrient","primary","Control",1440.82382173195,1317.53420842092,1564.11343504299,99,1440.82382173195,627.489716863427,1368.56353126229,966.898489654571,1796.05096565253
"Elicit","5 mo.","Zn","Zinc","Micronutrient","primary","Nico",1510.08721973797,1393.20199339418,1626.97244608176,100,1510.08721973797,597.860678659551,1434.8588830076,1094.48863048302,1901.57927775302
"Elicit","5 mo.","Mo","Molybdenum","Micronutrient","primary","Control",2.6358444611782,1.95485622811902,3.31683269423737,99,2.6358444611782,3.46592954648661,1.62946415329305,0.921914181243709,2.85240813447524
"Elicit","5 mo.","Mo","Molybdenum","Micronutrient","primary","Nico",2.98501985778786,2.37080132804716,3.59923838752857,100,3.00844325377861,3.17922476439604,1.9821209056195,0.957949229484131,3.60594334100801
"Elicit","5 mo.","G.tocopherol","γ-Tocopherol","Micronutrient","primary","Control",0.696943840732148,0.623022646681381,0.770865034782914,99,0.696652240225862,0.386494072921182,0.60347029692656,0.394676472386232,0.893695920474017
"Elicit","5 mo.","G.tocopherol","γ-Tocopherol","Micronutrient","primary","Nico",0.743712778052243,0.672916249949528,0.814509306154959,101,0.740567712244161,0.393957930932615,0.636218046068143,0.455962329396529,0.92854567392833
"Elicit","5 mo.","Fmn","flavin mononucleotide","B2","primary","Control",11.6135668421181,9.52365555719144,13.7034781270447,99,11.8413232422327,12.2799876872627,9.46532466124115,2.65761460300967,15.6849195881176
"Elicit","5 mo.","Fmn","flavin mononucleotide","B2","primary","Nico",13.0374165077636,10.6170186393055,15.4578143762216,101,12.9899503905515,13.5770515012,8.12264671984586,4.66053500319025,18.1649900005296
"Elicit","5 mo.","Fad","flavin adenine dinucleotide","B2","primary","Control",138.736463307058,125.158028699361,152.314897914754,99,138.699855961808,73.8292597398981,133.455967412881,86.24754557073,193.448352775569
"Elicit","5 mo.","Fad","flavin adenine dinucleotide","B2","primary","Nico",147.460810749173,132.8574037577,162.064217740645,101,143.630139505167,102.695269202367,115.742615673101,70.5936280987547,195.716140292607
"Elicit","5 mo.","Pn","pyridoxine","B6","primary","Control",0.216190733621675,0.0765790558539837,0.355802411389366,99,0.211204321401315,0.726109594751451,0,0,0.110351592434786
"Elicit","5 mo.","Pn","pyridoxine","B6","primary","Nico",0.146156451871226,0.0685733818685269,0.223739521873925,101,0.146692086714859,0.40610568837256,0.009595790646503,0,0.12474527840454
"Elicit","5 mo.","Plp","pyridoxal 5-phosphate","B6","primary","Control",13.4264153883132,11.7715483362418,15.0812824403846,99,13.4541346222677,8.83411647783702,11.254236707864,6.41283508507652,19.3232394125098
"Elicit","5 mo.","Plp","pyridoxal 5-phosphate","B6","primary","Nico",12.5062845339571,10.9388633406899,14.0737057272244,101,12.516935814914,8.36900253214711,11.1695025505837,6.94049779177651,16.2689581978157
"Elicit","5 mo.","Bio","biotin","Other B vitamins","primary","Control",13.1891199505337,11.8293984560171,14.5488414450503,99,13.1799190151705,7.02275345424998,11.8603205079254,9.19469383747695,15.6452158355788
"Elicit","5 mo.","Bio","biotin","Other B vitamins","primary","Nico",13.8470520808952,12.7422112357534,14.951892926037,101,13.8829558171544,6.64254938157599,13.0286798957095,10.0930542070756,16.2293955294708
"Elicit","5 mo.","B2","vitamin B2 (expressed as riboflavin)","B2","primary","Control",93.6642935337215,85.1981600503781,102.130427017065,99,93.6500545575549,44.3185577947872,91.0324335615604,59.8927506228297,119.806120617542
"Elicit","5 mo.","B2","vitamin B2 (expressed as riboflavin)","B2","primary","Nico",98.4991379437571,90.0268323561022,106.971443531412,101,97.2750779095031,56.6631074331923,87.9355463912851,56.9854216259275,125.176778540058
"Elicit","5 mo.","T","free thiamin","B1","primary","Control",63.6838079857837,57.4355164689992,69.9320995025682,98,63.1895881871425,37.3740769224369,55.9127168317133,36.3662703429024,78.8065883501833
"Elicit","5 mo.","T","free thiamin","B1","primary","Nico",68.6133309621415,56.525137782767,80.7015241415161,101,68.6133309621415,62.1356336351247,51.0231441686968,37.3359831171905,83.3072303797249
"Elicit","5 mo.","Cr","Chromium","Micronutrient","primary","Control",12.5259713851553,8.04228549672624,17.0096572735844,99,12.4574206273108,24.0534758190426,8.62643936850303,6.56341601288801,11.4407335505494
"Elicit","5 mo.","Cr","Chromium","Micronutrient","primary","Nico",10.9521642460624,9.80798915428313,12.0963393378418,100,10.9883740337054,6.11863877263099,9.37256912546713,6.95100768367189,12.0424651082366
"Elicit","5 mo.","Tmp","thiamine monophosphate","B1","primary","Control",174.821377786889,157.652183520333,191.990572053446,98,175.306919474859,90.7108029306655,167.343788665052,122.332159312462,214.658663182002
"Elicit","5 mo.","Tmp","thiamine monophosphate","B1","primary","Nico",182.489316090128,165.09747732974,199.881154850516,101,188.036348298253,109.942008670709,171.917772542669,120.026316459183,216.723398310941
"Elicit","5 mo.","P","Phosphorus","Micronutrient","primary","Control",162.745538389474,156.963038709009,168.52803806994,99,162.745538389474,29.4303712195463,159.404260474396,145.390745290273,173.667703211616
"Elicit","5 mo.","P","Phosphorus","Micronutrient","primary","Nico",161.174642535094,155.50712916466,166.842155905527,100,161.174614503938,30.0645380773759,154.801686228288,142.110363449066,178.252718601933
"Elicit","5 mo.","Se","Selenium","Micronutrient","primary","Control",10.0668503357898,9.40052269904747,10.7331779725321,99,10.078155541357,3.71236201090403,9.28926210070574,7.80747840001144,11.4820682709122
"Elicit","5 mo.","Se","Selenium","Micronutrient","primary","Nico",10.23869567937,9.39637031574915,11.081021042991,100,10.2601741907681,4.51104920178765,9.42799107287725,7.74881178757779,11.9248925083737
"Elicit","5 mo.","B12","vitamin B12 (expressed as cyanocobalamin)","Other B vitamins","primary","Control",197.935101586204,174.371327098475,221.498876073934,99,197.935101586204,119.92768251292,177.670468948036,146.811913814956,220.217870722434
"Elicit","5 mo.","B12","vitamin B12 (expressed as cyanocobalamin)","Other B vitamins","primary","Nico",200.961263330389,180.794903613703,221.127623047075,99,200.961263330389,102.636561337125,175.800253485425,154.760329531052,219.282762991128
"Elicit","5 mo.","Ribo","riboflavin","B2","primary","Control",17.5008876200362,14.1850749764949,20.8167002635775,99,17.4324598724323,17.2705340294554,13.7781380444276,8.23345485460786,20.0713171301208
"Elicit","5 mo.","Ribo","riboflavin","B2","primary","Nico",17.8927469446698,15.2928113142873,20.4926825750523,101,17.7480514877337,14.7783494925749,13.4002566212682,8.93834904780906,18.9812745633149
"Elicit","5 mo.","Pl","pyridoxal","B6","primary","Control",143.399430028401,128.898577274545,157.900282782256,99,143.797812443182,76.9153677573213,127.411066545721,97.4258204828363,173.747609315745
"Elicit","5 mo.","Pl","pyridoxal","B6","primary","Nico",145.788460357397,129.087419137254,162.489501577539,101,145.875815240238,86.8483873993971,131.188074447274,91.9491590255844,172.126643424662
"Elicit","5 mo.","Trp","tryptophan","B3 or related","primary","Control",440.710289291141,361.320531272803,520.100047309479,99,441.271440475865,419.542792881743,343.335725598554,227.463840252972,511.944394132731
"Elicit","5 mo.","Trp","tryptophan","B3 or related","primary","Nico",432.081952932167,385.624310756326,478.539595108007,101,429.989888413077,257.475341248832,400.950550924608,261.610135215188,547.840901198539
"Elicit","5 mo.","B6","vitamin B6 (expressed as PL)","B6","primary","Control",154.059875606847,139.139933674504,168.97981753919,99,154.325667743758,80.4816781065644,139.773341588932,103.245600210408,179.888282698281
"Elicit","5 mo.","B6","vitamin B6 (expressed as PL)","B6","primary","Nico",155.617440642189,138.865667360928,172.369213923451,101,155.501284253758,88.3685917078864,145.263288762263,103.867020934512,184.436807525135
"Misame","14-21 days","Pa","pantothenic acid","Other B vitamins","primary","Control",2215.9091238613,2048.41516232944,2383.40308539317,153,2882.19977524642,1424.68008291555,2501.22531123236,1742.95301384682,3899.10511225085
"Misame","14-21 days","Pa","pantothenic acid","Other B vitamins","primary","BEP",3470.05507953532,3245.72353535942,3694.38662371122,119,2871.18559121996,1348.83348274179,2658.66471660235,1997.88938969195,3462.65514776752
"Misame","14-21 days","Ribo","riboflavin","B2","primary","Control",21.1987356024053,19.8556501215648,22.5418210832458,153,27.343253899615,15.7841543082919,23.192126114334,18.0453803190982,31.3887953437836
"Misame","14-21 days","Ribo","riboflavin","B2","primary","BEP",33.5368146948005,30.7882936466406,36.2853357429603,119,28.2462256203761,16.4038410346316,23.4674664243672,18.9222333064347,31.1918211219906
"Misame","14-21 days","Nufa","nudifloramide (niacin catabolite)","B3 or related","primary","Control",131.640622557103,111.667074347574,151.614170766631,153,190.891081791989,145.501098488963,157.870686876344,88.8904632191196,261.233904933282
"Misame","14-21 days","Nufa","nudifloramide (niacin catabolite)","B3 or related","primary","BEP",245.929303867538,221.838051519809,270.020556215267,119,193.773700024346,163.35643402158,149.974602117553,90.4139110967847,246.543514684369
"Misame","14-21 days","T","free thiamin","B1","primary","Control",19.7599182770864,17.8980460761834,21.6217904779894,152,26.289834612994,18.8411106415861,23.008586815477,13.3831144107637,34.059099418836
"Misame","14-21 days","T","free thiamin","B1","primary","BEP",31.2816382053452,28.6521507581537,33.9111256525366,122,25.3703801568695,13.7397345585736,23.3230419744308,15.4149732666373,35.2698063904386
"Misame","14-21 days","B1","total vitamin B1 (expressed as thiamin)","B1","primary","Control",138.713573541928,131.626344041795,145.800803042061,152,154.745431105743,55.2420024125175,154.765521020965,118.945177460503,181.518670631055
"Misame","14-21 days","B1","total vitamin B1 (expressed as thiamin)","B1","primary","BEP",170.230542813233,162.272481127619,178.188604498847,122,156.038757853164,48.0665297904003,155.530310797982,126.274838269818,183.17432294731
"Misame","14-21 days","Fmn","flavin mononucleotide","B2","primary","Control",6.34473422683565,5.74882059073138,6.94064786293993,153,7.71010306585976,5.87179613571564,6.32057318527897,4.31654313390716,8.45554207721659
"Misame","14-21 days","Fmn","flavin mononucleotide","B2","primary","BEP",10.0452197184944,8.92268411107492,11.1677553259138,119,8.86517639362567,8.91831763055411,6.35830132578098,4.18338499095887,10.1200188640702
"Misame","14-21 days","Nmn","nicotinamide mononucleotide","B3 or related","primary","Control",824.840908917725,738.323251206683,911.358566628768,153,1008.80215529587,564.12055049098,953.318079243632,547.139858181028,1425.57525438345
"Misame","14-21 days","Nmn","nicotinamide mononucleotide","B3 or related","primary","BEP",1136.74782179523,1044.15600962174,1229.33963396872,119,970.682528430298,652.392613788954,831.977880520821,477.598047392589,1260.41186042193
"Misame","14-21 days","Tmp","thiamine monophosphate","B1","primary","Control",147.415413266904,139.391876791632,155.438949742177,152,160.030732575593,56.2748830637606,157.994493990555,121.72000341284,188.181259111888
"Misame","14-21 days","Tmp","thiamine monophosphate","B1","primary","BEP",174.152867046161,166.195946678162,182.109787414161,122,162.890904060523,54.3475273335485,158.734294437464,130.305698514978,195.038006590695
"Misame","14-21 days","B2","vitamin B2 (expressed as riboflavin)","B2","primary","Control",124.773332980269,118.024896106478,131.52176985406,153,135.284179336303,45.1150120260612,129.720283644178,101.165760402214,160.591563962731
"Misame","14-21 days","B2","vitamin B2 (expressed as riboflavin)","B2","primary","BEP",146.800342135779,139.897757305427,153.702926966131,119,136.807915659902,48.4695031073271,129.551052679257,103.266850519226,163.46667229742
"Misame","14-21 days","Nr","nicotinamide riboside","B3 or related","primary","Control",485.315174692352,412.838397602656,557.791951782047,153,565.023225893246,449.281586977702,374.529521959165,230.385667365385,761.135861342532
"Misame","14-21 days","Nr","nicotinamide riboside","B3 or related","primary","BEP",727.716711243177,641.924574134345,813.508848352009,119,677.40676791928,651.461533790165,438.951563372319,246.413999693212,871.2398847384
"Misame","14-21 days","B3","vitamin B3 ( expressed as NAM)","B3 or related","primary","Control",1537.10025780607,1415.02856801059,1659.17194760154,153,1745.15848168638,771.109289090609,1639.27015911037,1134.90054181689,2200.34436538698
"Misame","14-21 days","B3","vitamin B3 ( expressed as NAM)","B3 or related","primary","BEP",1885.22687163414,1772.2032907727,1998.25045249558,119,1702.42074533693,831.55448811406,1542.84708361114,1105.33618746699,2119.28602457219
"Misame","14-21 days","Pl","pyridoxal","B6","primary","Control",35.1825010504422,31.1964850003588,39.1685171005255,153,45.948283350819,67.951432407906,35.5122676254904,21.4030447754669,57.6875006830527
"Misame","14-21 days","Pl","pyridoxal","B6","primary","BEP",56.1847995053199,46.4886410174258,65.8809579932139,119,46.1495723982208,36.7432376931378,42.4283887607786,21.9984481043923,60.236981016601
"Misame","14-21 days","Pm","pyridoxamine","B6","primary","Control",0.613381556946084,0.584806513639851,0.641956600252316,153,0.681926392652361,0.506714191455054,0.64475156246057,0.520119220858603,0.741905907488876
"Misame","14-21 days","Pm","pyridoxamine","B6","primary","BEP",0.718251646465749,0.649009165064836,0.787494127866663,119,0.65186021583587,0.204801663199679,0.653583775644962,0.48135561854933,0.786066973410832
"Misame","14-21 days","B6","vitamin B6 (expressed as PL)","B6","primary","Control",43.7634192321227,39.6625710912752,47.8642673729701,153,61.9886508298531,153.189183252002,43.1323883486565,29.8280485719372,66.6059630977044
"Misame","14-21 days","B6","vitamin B6 (expressed as PL)","B6","primary","BEP",73.2940128682058,52.4106108177262,94.1774149186854,119,55.4680513204607,37.9747802775616,51.0167798986861,29.0803232215537,70.5396032665932
"Misame","14-21 days","Fe","Iron","Micronutrient","primary","Control",784.611765612786,649.662693999338,919.560837226235,150,714.666982004578,742.950859609305,546.248765016909,384.014666235578,833.207693161294
"Misame","14-21 days","Fe","Iron","Micronutrient","primary","BEP",606.283056721464,554.347660695948,658.21845274698,119,675.377736921511,568.718135241388,513.877190523436,387.455109663874,811.53330539435
"Misame","14-21 days","Plp","pyridoxal 5-phosphate","B6","primary","Control",11.3824010011768,10.6462475314374,12.1185544709161,153,11.8652545409961,5.89332887390427,10.2728611044541,8.50936355232976,13.5215173405457
"Misame","14-21 days","Plp","pyridoxal 5-phosphate","B6","primary","BEP",12.6669130361762,11.8064556661519,13.5273704062006,119,12.4637953027765,6.51664410681949,10.8952720052039,8.49780889451882,14.5871135608887
"Misame","14-21 days","Mn","Manganese","Micronutrient","primary","Control",6.952245746003,6.18079021326022,7.72370127874578,150,6.68854291316718,5.80923141543156,5.30859236259049,3.13022259440018,7.8297332796802
"Misame","14-21 days","Mn","Manganese","Micronutrient","primary","BEP",5.95417266556148,5.39721641782887,6.51112891329409,119,6.0279704636931,3.67427912507007,5.04179584516198,3.58758400904338,7.42605920937797
"Misame","14-21 days","Nad","nicotinamide adenine dinucleotide","B3 or related","primary","Control",3666.2360679995,3264.22204131429,4068.25009468471,153,4148.84382780649,3023.54006145292,3294.80238106245,2007.09764747638,5313.1010010747
"Misame","14-21 days","Nad","nicotinamide adenine dinucleotide","B3 or related","primary","BEP",4197.97384547459,3775.70081491407,4620.2468760351,119,3641.59065610667,2425.15547907021,3087.61739790876,2080.72735413777,4553.78215823039
"Misame","14-21 days","Mg","Magnesium","Micronutrient","primary","Control",31.0809397919213,29.7654341495187,32.3964454343238,150,30.4248429425016,8.26091395717124,29.6347520613368,25.0359529173755,35.1341913360573
"Misame","14-21 days","Mg","Magnesium","Micronutrient","primary","BEP",29.6535695494774,28.5997465898937,30.7073925090612,119,30.019428441277,7.96910647425144,28.871624640582,25.0683587726705,33.3593670601185
"Misame","14-21 days","Fad","flavin adenine dinucleotide","B2","primary","Control",205.411186334575,193.766071275357,217.056301393793,153,212.027992215673,82.1066785806645,203.971035299688,147.169905516016,259.816357204073
"Misame","14-21 days","Fad","flavin adenine dinucleotide","B2","primary","BEP",218.032951901172,207.324711703661,228.741192098682,119,211.335302859661,81.913093514945,199.243734791301,148.16111368713,245.062604810961
"Misame","14-21 days","Cu","Copper","Micronutrient","primary","Control",724.891141394743,586.360115070224,863.422167719261,150,670.322705509296,710.716393001827,572.307998318297,492.01024840606,672.308047835588
"Misame","14-21 days","Cu","Copper","Micronutrient","primary","BEP",610.18269394397,561.80277276552,658.562615122419,119,652.742877277821,454.801009943785,567.877514095766,468.846164320791,656.720546407672
"Misame","14-21 days","Tpp","thiamine pyrophosphate","B1","primary","Control",9.43244466936397,7.90018972880756,10.9646996099204,152,8.79539799659743,6.84625348747404,6.82530796604592,3.84242418141896,10.9276559727288
"Misame","14-21 days","Tpp","thiamine pyrophosphate","B1","primary","BEP",8.0716368944989,7.28527724867926,8.85799654031855,122,8.81947037683115,9.83814560432436,6.28479530556302,4.13068613273062,9.36602604937432
"Misame","14-21 days","Na","Sodium","Micronutrient","primary","Control",304.138041433847,269.455059282469,338.821023585226,150,286.431301979746,185.242710729355,222.013637875916,168.878730249144,366.17157570619
"Misame","14-21 days","Na","Sodium","Micronutrient","primary","BEP",273.005638415062,241.755984488912,304.255292341212,119,293.127702201777,262.366875352031,207.864942928095,154.526024889772,304.018648629818
"Misame","14-21 days","Se","Selenium","Micronutrient","primary","Control",9.39886029581309,8.58167793765517,10.216042653971,150,9.80978040493591,4.67799597679966,8.80194603514699,7.09520311624897,11.0334416851131
"Misame","14-21 days","Se","Selenium","Micronutrient","primary","BEP",10.0578295531736,9.49834622430599,10.6173128820412,119,9.72031881003606,4.3709840584853,8.81797232179657,6.96902621604834,11.5026563793144
"Misame","14-21 days","A.tocopherol","α-Tocopherol","Micronutrient","primary","Control",7.70337721924173,7.03112881024398,8.37562562823948,153,7.96602941557459,4.93287635271976,6.24705489875605,4.64504734739105,10.3888955565296
"Misame","14-21 days","A.tocopherol","α-Tocopherol","Micronutrient","primary","BEP",8.34012019931172,7.54145548812558,9.13878491049785,122,8.15457984449189,4.92946421290364,6.69529961121999,4.81367446646125,10.4461706793919
"Misame","14-21 days","Pn","pyridoxine","B6","primary","Control",0.248201648411971,0.220738572123174,0.275664724700768,153,7.42588760867489,88.4363339350844,0.239894766162577,0.12474527840454,0.355044253920614
"Misame","14-21 days","Pn","pyridoxine","B6","primary","BEP",7.48060800395018,-5.59676682205253,20.5579828299529,119,0.243281515802519,0.172134050086958,0.191915812930061,0.12474527840454,0.316661091334601
"Misame","14-21 days","Bio","biotin","Other B vitamins","primary","Control",8.24906476277287,7.52921932825947,8.96891019728626,153,8.11175911546544,4.52376552513022,7.50106363249588,4.95527609846125,10.4366893211297
"Misame","14-21 days","Bio","biotin","Other B vitamins","primary","BEP",8.74732543687153,8.12198926071341,9.37266161302966,119,9.02348584997641,4.49977771623099,8.89524038094407,5.65351954869896,11.771957192883
"Misame","14-21 days","As","Arsenic","Micronutrient","primary","Control",0.203984394923461,0.111612338569555,0.296356451277367,150,0.29637708278843,0.917826988906687,0,0,0
"Misame","14-21 days","As","Arsenic","Micronutrient","primary","BEP",0.287624991595135,0.143375568616451,0.431874414573819,119,0.186159042810343,0.628201712475544,0,0,0
"Misame","14-21 days","Cr","Chromium","Micronutrient","primary","Control",15.5775044908162,11.6009650212402,19.5540439603922,150,12.7361985671595,13.4342343870355,8.35850503243546,5.65576795986237,13.8240445097758
"Misame","14-21 days","Cr","Chromium","Micronutrient","primary","BEP",13.2170446931394,9.4844543294746,16.9496350568041,119,16.2406413164829,34.7953008853721,9.57374901939934,6.30947449713991,14.5116404121415
"Misame","14-21 days","Vitamin.a","Vitamin A","Micronutrient","primary","Control",0.770014797682378,0.701978178201036,0.83805141716372,153,0.793610783332544,0.487673670456244,0.680103030447463,0.451510685413911,1.01186660865365
"Misame","14-21 days","Vitamin.a","Vitamin A","Micronutrient","primary","BEP",0.809589440394924,0.741909283744379,0.877269597045468,122,0.788148084915002,0.41417289554809,0.721330650554782,0.523269938734838,0.96360842962122
"Misame","14-21 days","Fat","Total Fat","Macronutrient","primary","Control",2.72034688274189,2.55927746243035,2.88141630305342,152,2.72025,1.20595674556985,2.419,1.84475,3.39875
"Misame","14-21 days","Fat","Total Fat","Macronutrient","primary","BEP",2.79926316114392,2.60530901845434,2.99321730383349,120,2.81068333333333,1.18504265060524,2.576,2.023,3.40575
"Misame","14-21 days","Total carbohydrate","Total Carbohydrate","Macronutrient","primary","Control",7.01602821932604,6.96174126730755,7.07031517134453,152,7.06653947368421,0.413886263955585,7.114,6.78775,7.37725
"Misame","14-21 days","Total carbohydrate","Total Carbohydrate","Macronutrient","primary","BEP",7.04191225548022,6.98168347277536,7.10214103818508,120,6.95739166666667,0.48969366682134,7.016,6.7095,7.271
"Misame","14-21 days","K","Potassium","Micronutrient","primary","Control",698.447836424475,676.071385207374,720.824287641576,150,712.803026060395,147.413067259668,684.204656589866,612.520761958786,782.751790848943
"Misame","14-21 days","K","Potassium","Micronutrient","primary","BEP",707.572358205565,689.17070622415,725.974010186979,119,691.593995869393,102.747387139908,679.351884817865,624.458378012765,753.803164880231
"Misame","14-21 days","B12","vitamin B12 (expressed as cyanocobalamin)","Other B vitamins","primary","Control",324.385939256173,282.891268229117,365.880610283228,144,334.094312420786,262.033300500171,264.167934093789,159.202091254753,398.823447401775
"Misame","14-21 days","B12","vitamin B12 (expressed as cyanocobalamin)","Other B vitamins","primary","BEP",342.813223206583,301.945930872976,383.68051554019,114,333.067214550953,287.865549750629,219.750316856781,158.266983523447,382.692839036755
"Misame","14-21 days","Trp","tryptophan","B3 or related","primary","Control",327.307576265503,279.797112819092,374.818039711915,153,320.057803026135,238.268222694815,261.737601642901,150.420189810584,424.796578016671
"Misame","14-21 days","Trp","tryptophan","B3 or related","primary","BEP",309.028300650169,277.861121458459,340.19547984188,119,323.26811672211,346.800219622113,259.482426383372,146.851129834634,392.79760210592
"Misame","14-21 days","Kcal.l","Total Energy","Macronutrient","primary","Control",585.002744779616,567.886979094369,602.118510464863,152,586.823026315789,110.376060528543,562.07,503.9175,654.5225
"Misame","14-21 days","Kcal.l","Total Energy","Macronutrient","primary","BEP",592.130665606334,573.723487346204,610.537843866464,120,590.982833333333,107.151251906742,573.755,530.96,658.7425
"Misame","14-21 days","Nam","nicotinamide","B3 or related","primary","Control",327.230347292387,281.202037565939,373.258657018835,153,334.272276066665,221.994385388619,296.174250642846,177.952007665089,409.277339215079
"Misame","14-21 days","Nam","nicotinamide","B3 or related","primary","BEP",343.144765518776,313.111006737759,373.178524299793,119,344.112980480802,324.629995606243,262.588064174131,174.04180485349,385.090436557983
"Misame","14-21 days","Protein","Total Protein","Macronutrient","primary","Control",1.49355923029255,1.43406354266517,1.55305491791994,152,1.48347368421053,0.28782856715605,1.472,1.3095,1.607
"Misame","14-21 days","Protein","Total Protein","Macronutrient","primary","BEP",1.47551847227595,1.43363650390035,1.51740044065154,120,1.49314166666667,0.430748270105499,1.4365,1.24025,1.596
"Misame","14-21 days","Ca","Calcium","Micronutrient","primary","Control",270.357998630049,261.410377656548,279.305619603551,150,267.081869318381,71.0459318193157,260.490405938545,223.414461631154,303.994637551088
"Misame","14-21 days","Ca","Calcium","Micronutrient","primary","BEP",267.703294365368,258.174886704311,277.231702026426,119,270.408955144981,55.2100356503376,270.855500291489,240.576306127007,300.727167928563
"Misame","14-21 days","P","Phosphorus","Micronutrient","primary","Control",184.986902788776,178.55862308098,191.415182496572,150,183.898345020202,42.8496861848612,179.992051109215,157.862174159288,202.866096196725
"Misame","14-21 days","P","Phosphorus","Micronutrient","primary","BEP",183.623894149008,178.546760119072,188.701028178943,119,184.79448839205,31.2160572746466,181.708396318296,164.230477880865,203.283312515186
"Misame","14-21 days","Zn","Zinc","Micronutrient","primary","Control",3738.46713787937,3544.1105790887,3932.82369667003,150,3780.85552603844,1263.17095495069,3724.03146623711,3085.890020099,4408.51994103046
"Misame","14-21 days","Zn","Zinc","Micronutrient","primary","BEP",3774.97914667491,3619.42849197343,3930.5298013764,119,3714.00557443581,1043.31629898764,3727.42769382162,3070.35058541599,4206.25068606665
"Misame","14-21 days","Mo","Molybdenum","Micronutrient","primary","Control",5.71286765550814,4.85632556694369,6.56940974407259,150,5.33477909296135,4.40618000934548,4.22837478912327,2.21533002015759,6.61621876743359
"Misame","14-21 days","Mo","Molybdenum","Micronutrient","primary","BEP",5.57980349045483,4.94448722121169,6.21511975969797,119,6.02875661405342,5.93629731894081,3.95531707035984,1.7285405341966,8.67398882187982
"Misame","14-21 days","G.tocopherol","γ-Tocopherol","Micronutrient","primary","Control",0.997842021234132,0.916185056766743,1.07949898570152,153,0.964813215643036,0.54543219194676,0.885568481042053,0.540861204719317,1.23765428452483
"Misame","14-21 days","G.tocopherol","γ-Tocopherol","Micronutrient","primary","BEP",1.01328176880295,0.924973083812739,1.10159045379317,122,1.05803998388462,0.58980652985759,0.901707462124514,0.663388728668523,1.34641283330627
"Misame","1-2 mo.","Pa","pantothenic acid","Other B vitamins","primary","Control",2202.25988317762,2085.14795812931,2319.37180822593,163,2989.15148194923,1350.44051403515,2736.48176140625,1876.63069444589,3842.50052765258
"Misame","1-2 mo.","Pa","pantothenic acid","Other B vitamins","primary","BEP",3640.3855868214,3446.47962745674,3834.29154618607,124,2943.09906246274,1211.12285189022,2871.97467708489,2008.85767487894,3675.37490886627
"Misame","1-2 mo.","Nufa","nudifloramide (niacin catabolite)","B3 or related","primary","Control",121.38402055521,104.227244479233,138.540796631187,163,176.578590930932,127.244231874355,153.52477976104,77.0769410606184,236.265342340077
"Misame","1-2 mo.","Nufa","nudifloramide (niacin catabolite)","B3 or related","primary","BEP",231.910591330888,209.319909054325,254.501273607451,124,181.355730669323,163.41354797367,138.552143588363,84.8727094971077,232.97275660894
"Misame","1-2 mo.","Fmn","flavin mononucleotide","B2","primary","Control",7.6196712516862,6.87723729047352,8.36210521289888,162,10.5431384528666,8.08604671248705,8.15593625558293,4.93794780099919,13.0679921954533
"Misame","1-2 mo.","Fmn","flavin mononucleotide","B2","primary","BEP",13.2882889997866,11.8873341276612,14.689243871912,124,10.638116596156,9.64393581656029,7.3236978621561,4.77427425029191,14.6196544445313
"Misame","1-2 mo.","Ribo","riboflavin","B2","primary","Control",22.1111546889162,19.8721215849921,24.3501877928403,163,35.1737000011113,40.6904723573231,23.7385707296306,17.3909175821732,35.4568549832423
"Misame","1-2 mo.","Ribo","riboflavin","B2","primary","BEP",44.558361071578,37.4840983594827,51.6326237836733,124,32.6359859378735,33.1449920396677,22.7162815785331,14.0836568581976,38.4099732496299
"Misame","1-2 mo.","T","free thiamin","B1","primary","Control",37.9821126616556,34.7690169215465,41.1952084017647,163,46.8970694861235,27.5635679586751,40.1119289956564,28.5541983205752,58.4771477333729
"Misame","1-2 mo.","T","free thiamin","B1","primary","BEP",51.1618134245384,46.9628710192022,55.3607558298746,124,42.6672136480068,22.6182204102187,38.8617218808844,28.4705632484275,49.7603105237272
"Misame","1-2 mo.","Nmn","nicotinamide mononucleotide","B3 or related","primary","Control",582.411844697459,527.604507307108,637.21918208781,163,676.245037466528,359.494487552154,635.41508644159,407.984005237167,874.322457188359
"Misame","1-2 mo.","Nmn","nicotinamide mononucleotide","B3 or related","primary","BEP",768.747137773485,710.328542929975,827.165732616995,124,687.333722926182,381.402598752756,630.732794299545,398.062814536917,933.250505934303
"Misame","1-2 mo.","B2","vitamin B2 (expressed as riboflavin)","B2","primary","Control",117.587779587891,110.356124770175,124.819434405606,163,136.793668898779,67.7455715182543,123.825450906651,92.2646173634356,161.725298558613
"Misame","1-2 mo.","B2","vitamin B2 (expressed as riboflavin)","B2","primary","BEP",144.63013988381,134.574659819382,154.685619948237,124,125.969607974291,53.2772582070761,115.320231296498,93.2891068030733,158.215914961071
"Misame","1-2 mo.","Pl","pyridoxal","B6","primary","Control",67.6705649850482,62.592535847585,72.7485941225113,163,76.6707516527288,41.0023249346236,68.1784898525699,45.0469393777118,98.5090873323789
"Misame","1-2 mo.","Pl","pyridoxal","B6","primary","BEP",84.1446487178521,77.5006819721936,90.7886154635106,124,76.2007536670673,38.6007747323569,68.5255898842636,52.9541753642036,89.3445973268052
"Misame","1-2 mo.","Nam","nicotinamide","B3 or related","primary","Control",159.543858834614,141.249745100347,177.837972568881,163,201.130977448125,152.652169328772,173.843461232611,95.5496781245089,276.56184451172
"Misame","1-2 mo.","Nam","nicotinamide","B3 or related","primary","BEP",217.814064562405,193.211812666413,242.416316458396,124,176.190375075353,139.28868595865,144.002191224764,85.7647261611826,220.040996262167
"Misame","1-2 mo.","B6","vitamin B6 (expressed as PL)","B6","primary","Control",75.8470420367711,70.2613504065205,81.4327336670216,163,84.8257211161727,41.5266414590116,75.3344888494981,53.9471520587622,106.629194771477
"Misame","1-2 mo.","B6","vitamin B6 (expressed as PL)","B6","primary","BEP",92.6466170985649,85.5942616147572,99.6989725823726,124,84.5876426141301,39.0983917778941,77.279027720343,61.7330685637741,99.2040386880392
"Misame","1-2 mo.","B1","total vitamin B1 (expressed as thiamin)","B1","primary","Control",180.183518758317,172.680134469482,187.686903047152,163,192.971697586722,53.550692784178,190.829235956781,158.004951756221,224.72517308766
"Misame","1-2 mo.","B1","total vitamin B1 (expressed as thiamin)","B1","primary","BEP",198.227032828284,191.52534396772,204.928721688849,124,187.248761900979,44.3929483496769,182.57618930657,155.019437579916,213.436272065095
"Misame","1-2 mo.","Nr","nicotinamide riboside","B3 or related","primary","Control",478.879005681937,420.335775280812,537.422236083063,163,563.755888876296,472.501258833394,423.392473439297,232.991197504962,771.570330384915
"Misame","1-2 mo.","Nr","nicotinamide riboside","B3 or related","primary","BEP",650.394768278981,569.664574383952,731.124962174011,124,578.289208712376,471.534325696908,436.623874124403,232.463299810807,812.576558873076
"Misame","1-2 mo.","Se","Selenium","Micronutrient","primary","Control",5.26669120963825,4.85660038806067,5.67678203121582,158,5.85772786705534,2.52905913999498,5.3864688142636,4.22891321599085,7.31250150927813
"Misame","1-2 mo.","Se","Selenium","Micronutrient","primary","BEP",6.13440960032305,5.77092134918017,6.49789785146594,119,5.54568931168116,2.36030722612051,5.36578401820552,3.93264211658644,6.58252634354738
"Misame","1-2 mo.","B3","vitamin B3 ( expressed as NAM)","B3 or related","primary","Control",960.671260759941,871.860411707239,1049.48210981264,163,1076.90859151127,593.788935186941,980.887878398215,648.112239768023,1342.1335279045
"Misame","1-2 mo.","B3","vitamin B3 ( expressed as NAM)","B3 or related","primary","BEP",1147.39433633204,1055.30433136414,1239.48434129995,124,1034.88747098479,566.197851831266,952.182128638982,618.097531831157,1305.74184765839
"Misame","1-2 mo.","G.tocopherol","γ-Tocopherol","Micronutrient","primary","Control",0.95127001793736,0.868819759778351,1.03372027609637,163,0.869775720911184,0.516696940596612,0.770426456806515,0.451134645326979,1.07506272148259
"Misame","1-2 mo.","G.tocopherol","γ-Tocopherol","Micronutrient","primary","BEP",0.798617769135316,0.724362781056811,0.872872757213821,124,0.865499280126249,0.532857944683312,0.784674220333474,0.503549421048019,1.01648603527271
"Misame","1-2 mo.","Mn","Manganese","Micronutrient","primary","Control",5.16873395654347,3.71899527578981,6.61847263729712,158,4.88106176782777,9.82365413670598,3.00924974544275,1.89188452843092,4.845749319278
"Misame","1-2 mo.","Mn","Manganese","Micronutrient","primary","BEP",3.52937563125754,3.14653882881885,3.91221243369624,119,3.59874915188741,2.34776943182919,3.30268195938664,2.22361148089619,4.61854091703978
"Misame","1-2 mo.","Fat","Total Fat","Macronutrient","primary","Control",2.62323051172792,2.3833584272532,2.86310259620265,160,2.626625,1.55155246963734,2.276,1.3775,3.56525
"Misame","1-2 mo.","Fat","Total Fat","Macronutrient","primary","BEP",2.28915220300911,2.08879942918909,2.48950497682913,122,2.19585245901639,1.25167022082021,2.146,1.1545,2.99025
"Misame","1-2 mo.","Cu","Copper","Micronutrient","primary","Control",333.246581892754,298.872742373156,367.620421412352,158,320.414627803497,208.075674516501,301.572987564905,238.067012673701,346.910317785718
"Misame","1-2 mo.","Cu","Copper","Micronutrient","primary","BEP",294.518307512703,276.363432346154,312.673182679252,119,303.263758146739,94.7753540644166,280.86012033711,244.50486211678,355.288116348595
"Misame","1-2 mo.","B12","vitamin B12 (expressed as cyanocobalamin)","Other B vitamins","primary","Control",141.718349975457,124.592973751024,158.843726199891,161,155.722207369971,135.696282754189,144.006590621039,81.3543726235742,187.956653992395
"Misame","1-2 mo.","B12","vitamin B12 (expressed as cyanocobalamin)","Other B vitamins","primary","BEP",166.644480712799,148.110567675219,185.178393750379,120,153.988865652725,112.849663761561,147.747021546261,81.5881495564005,203.853485424588
"Misame","1-2 mo.","Tpp","thiamine pyrophosphate","B1","primary","Control",5.68787777071895,4.83466356212935,6.54109197930855,163,5.31929653312235,5.80699374701986,3.55941234126432,1.86588321137361,6.79210468049059
"Misame","1-2 mo.","Tpp","thiamine pyrophosphate","B1","primary","BEP",4.56578722293027,3.76319220805331,5.36838223780724,124,4.63517858164608,5.16561428978132,3.36001614038241,1.79144981423172,5.43520938014253
"Misame","1-2 mo.","Kcal.l","Total Energy","Macronutrient","primary","Control",560.636637193973,537.207491414163,584.065782973784,160,563.683625,142.738539442306,539.72,457.6325,649.51
"Misame","1-2 mo.","Kcal.l","Total Energy","Macronutrient","primary","BEP",531.884070771335,512.302280271038,551.465861271632,122,521.164098360656,118.472648018516,519.76,425.88,586.5925
"Misame","1-2 mo.","P","Phosphorus","Micronutrient","primary","Control",156.750406210915,151.609155759203,161.891656662627,158,153.440320980349,29.9929217841078,152.310534517628,133.1347497715,171.289096889237
"Misame","1-2 mo.","P","Phosphorus","Micronutrient","primary","BEP",150.857550450534,146.899715278757,154.815385622311,119,153.942175820629,29.7398859921021,149.375041118463,134.235822366596,168.995922282512
"Misame","1-2 mo.","Trp","tryptophan","B3 or related","primary","Control",306.248320306979,279.924466888952,332.572173725007,163,330.998388662264,174.636423044099,321.686043107076,196.564478570428,416.972100377088
"Misame","1-2 mo.","Trp","tryptophan","B3 or related","primary","BEP",338.029267483969,311.133746991208,364.92478797673,124,312.608851054343,179.011408941806,282.607777903367,189.701911043141,424.178856097757
"Misame","1-2 mo.","Fe","Iron","Micronutrient","primary","Control",563.820428109894,368.197181102919,759.443675116869,158,522.854888136414,1070.82221519283,324.870564227394,245.434189003676,503.072258848066
"Misame","1-2 mo.","Fe","Iron","Micronutrient","primary","BEP",396.15324954639,354.842769340245,437.463729752534,119,413.769082876932,266.910852778998,352.806347024726,255.796399505586,484.529203896377
"Misame","1-2 mo.","Mo","Molybdenum","Micronutrient","primary","Control",3.25550253033109,2.22349971872615,4.28750534193603,158,2.72494935455802,5.10350728137461,1.28576447042432,0.663525334849891,2.73898699882751
"Misame","1-2 mo.","Mo","Molybdenum","Micronutrient","primary","BEP",2.32071002763837,1.8769067598893,2.76451329538744,119,2.75718355926465,4.76247319784157,1.36402481743521,0.512404680095325,3.08126695509414
"Misame","1-2 mo.","Zn","Zinc","Micronutrient","primary","Control",2122.14847846497,1995.66337494309,2248.63358198685,158,2076.43869680683,717.714805617012,2104.39255586373,1505.50068834633,2501.9354244726
"Misame","1-2 mo.","Zn","Zinc","Micronutrient","primary","BEP",1996.86956134421,1897.45069421871,2096.28842846972,119,2037.19878967445,773.600168897905,1958.02155907742,1528.07216214941,2383.70301692555
"Misame","1-2 mo.","Vitamin.a","Vitamin A","Micronutrient","primary","Control",0.526965025039588,0.464780667191771,0.589149382887405,163,0.520558093601429,0.37499502301572,0.43418092766071,0.252249890919479,0.659964197168812
"Misame","1-2 mo.","Vitamin.a","Vitamin A","Micronutrient","primary","BEP",0.475826178018991,0.42170621421782,0.529946141820163,124,0.471341319237171,0.381015209101908,0.424154665477887,0.252279319661409,0.595943345992751
"Misame","1-2 mo.","Plp","pyridoxal 5-phosphate","B6","primary","Control",10.6660091964577,10.0013678413378,11.3306505515775,163,10.805459154429,3.6842071716877,11.9838308153554,7.64456160772365,13.287856482591
"Misame","1-2 mo.","Plp","pyridoxal 5-phosphate","B6","primary","BEP",11.201007413627,10.6299225429134,11.7720922843405,124,11.0642868305063,4.70358436949191,11.9783285973501,7.45891677222774,13.1915676674997
"Misame","1-2 mo.","K","Potassium","Micronutrient","primary","Control",554.77996174975,538.464255154963,571.095668344538,158,550.562266359774,85.0154072461368,545.14747912236,486.803149029482,602.029585568268
"Misame","1-2 mo.","K","Potassium","Micronutrient","primary","BEP",566.7177377607,553.235024786301,580.200450735099,119,574.702758498649,104.866128859705,552.934387262776,509.799041356736,611.069347317704
"Misame","1-2 mo.","Tmp","thiamine monophosphate","B1","primary","Control",181.335591153622,171.058072578748,191.613109728497,163,185.782671842419,66.6108408121917,190.381572953506,152.696304361256,226.304105629723
"Misame","1-2 mo.","Tmp","thiamine monophosphate","B1","primary","BEP",188.46333453416,179.85215285194,197.074516216379,124,184.446202889763,56.4125745168561,182.374520290901,151.694476768062,221.733857520073
"Misame","1-2 mo.","Pn","pyridoxine","B6","primary","Control",0.192571876944035,0.16975165099018,0.21539210289789,163,0.18814814052898,0.145079223207337,0.182320022283558,0.0911600111417792,0.268682138102086
"Misame","1-2 mo.","Pn","pyridoxine","B6","primary","BEP",0.21370981086873,0.180997564296462,0.246422057440997,124,0.222018736813043,0.24188008730443,0.196713708253312,0.0767663251720246,0.278277928748589
"Misame","1-2 mo.","As","Arsenic","Micronutrient","primary","Control",0.230751383198985,0.0288334111088468,0.432669355289122,158,0.258131640615514,1.36200721350548,0,0,0
"Misame","1-2 mo.","As","Arsenic","Micronutrient","primary","BEP",0.123689938709426,0.00969145364791148,0.237688423770941,119,0.0561686130235608,0.238835250277467,0,0,0
"Misame","1-2 mo.","A.tocopherol","α-Tocopherol","Micronutrient","primary","Control",5.65323194838643,5.08011772776509,6.22634616900776,163,5.56573498533707,3.65572065893247,5.02896646919562,2.59527391943139,7.03609429511928
"Misame","1-2 mo.","A.tocopherol","α-Tocopherol","Micronutrient","primary","BEP",5.25668375209925,4.64632081628362,5.86704668791488,124,5.26776808896319,3.80848417191369,4.42025418115436,2.82108636809417,6.58707533337993
"Misame","1-2 mo.","Cr","Chromium","Micronutrient","primary","Control",31.2651267681946,2.33365582438881,60.1965977120004,158,29.6963249452925,165.986821513078,8.72249878252471,5.35743169185087,16.1267350941429
"Misame","1-2 mo.","Cr","Chromium","Micronutrient","primary","BEP",19.1211463075909,12.975630460546,25.2666621546357,119,18.3313117161587,36.2464596027547,9.81975628927488,6.17444215094537,16.0378118868966
"Misame","1-2 mo.","Bio","biotin","Other B vitamins","primary","Control",10.1855741030991,9.6488681556735,10.7222800505246,163,10.4540544362917,3.86149972604785,10.2992352755081,7.77106265068127,12.8480260071782
"Misame","1-2 mo.","Bio","biotin","Other B vitamins","primary","BEP",10.4938135382414,9.92088532867518,11.0667417478076,124,10.1768046701669,4.02225951512732,9.94087294228022,7.48041664875229,12.2898644004931
"Misame","1-2 mo.","Total carbohydrate","Total Carbohydrate","Macronutrient","primary","Control",7.08269141522899,7.03470620638111,7.13067662407686,160,7.119271875,0.345490622099539,7.1315,6.86375,7.3845
"Misame","1-2 mo.","Total carbohydrate","Total Carbohydrate","Macronutrient","primary","BEP",7.10826592476004,7.05502331184747,7.16150853767261,122,7.06988524590164,0.301487063623937,7.107,6.86025,7.28575
"Misame","1-2 mo.","Ca","Calcium","Micronutrient","primary","Control",270.440591650635,261.617849766944,279.263333534327,158,263.629468806438,42.8355437815428,263.314765846916,236.38431798973,284.574510302684
"Misame","1-2 mo.","Ca","Calcium","Micronutrient","primary","BEP",267.450077688488,261.151382498582,273.748772878394,119,276.957170510014,61.3586122427467,274.825904768823,241.672629111865,304.987429783645
"Misame","1-2 mo.","Nad","nicotinamide adenine dinucleotide","B3 or related","primary","Control",1925.58494788406,1619.46353699245,2231.70635877567,163,1920.43647278496,1894.3639216573,1288.26588250486,924.080234209377,2206.03502519784
"Misame","1-2 mo.","Nad","nicotinamide adenine dinucleotide","B3 or related","primary","BEP",1807.46715139801,1528.58711770471,2086.34718509131,124,1771.60635126302,1757.7823466512,1303.86252157127,927.20781421264,1896.48804368465
"Misame","1-2 mo.","Pm","pyridoxamine","B6","primary","Control",0.671274441538304,0.630426434986492,0.712122448090117,163,0.664565341322078,0.260751185406412,0.618254922907396,0.480864940039086,0.777234760226441
"Misame","1-2 mo.","Pm","pyridoxamine","B6","primary","BEP",0.681060535964903,0.638763912131232,0.723357159798574,124,0.688097468921961,0.304343281940699,0.616782887376665,0.485771725141526,0.803731399779616
"Misame","1-2 mo.","Mg","Magnesium","Micronutrient","primary","Control",32.2899190992263,31.0262280471616,33.5536101512911,158,32.1962312088612,7.47178601623436,31.7535931167862,26.8529253200957,37.2007874146314
"Misame","1-2 mo.","Mg","Magnesium","Micronutrient","primary","BEP",32.4615507819597,31.3327827979693,33.5903187659501,119,32.6239208830399,7.49429731752649,31.6075087011479,28.1562961941933,36.4351848698925
"Misame","1-2 mo.","Fad","flavin adenine dinucleotide","B2","primary","Control",185.573017796602,172.070962033652,199.075073559552,163,193.99187847214,92.8068346037374,176.756380184006,125.453188030768,245.868642224833
"Misame","1-2 mo.","Fad","flavin adenine dinucleotide","B2","primary","BEP",187.204984526357,173.343634281409,201.066334771304,124,176.498410439543,73.1639142467098,171.272058050428,127.95027015415,213.063464100095
"Misame","1-2 mo.","Protein","Total Protein","Macronutrient","primary","Control",1.04246739967227,1.00034245093911,1.08459234840543,160,1.0629125,0.245255056237507,1.0305,0.91075,1.17325
"Misame","1-2 mo.","Protein","Total Protein","Macronutrient","primary","BEP",1.04484472642839,1.00952154791272,1.08016790494406,122,1.01854918032787,0.247934245563798,0.968,0.86825,1.13275
"Misame","1-2 mo.","Na","Sodium","Micronutrient","primary","Control",166.613131751026,148.919804671859,184.306458830193,158,168.608509190196,127.281998986519,127.125682694991,110.845920700305,168.005869650109
"Misame","1-2 mo.","Na","Sodium","Micronutrient","primary","BEP",166.563276692852,151.627099907337,181.499453478367,119,164.19173355704,85.3597714812602,140.659183800407,112.260636714599,174.737738779336
"Misame","3-4 mo.","Pa","pantothenic acid","Other B vitamins","primary","Control",2031.49118832141,1927.07026919246,2135.91210745036,157,2932.85619334149,1271.70852894023,2799.83644147796,1851.51002319467,3808.04577875183
"Misame","3-4 mo.","Pa","pantothenic acid","Other B vitamins","primary","BEP",3576.88100543662,3391.69794315956,3762.06406771367,123,2753.02097313315,1241.44443518072,2314.46440370299,1836.3334676115,3464.76300270962
"Misame","3-4 mo.","Nufa","nudifloramide (niacin catabolite)","B3 or related","primary","Control",142.00127591619,130.916162490305,153.086389342074,157,225.036011412701,160.710482194489,195.453601929814,122.185280563358,282.994045489485
"Misame","3-4 mo.","Nufa","nudifloramide (niacin catabolite)","B3 or related","primary","BEP",309.553315182613,279.14256564259,339.964064722637,123,235.706614845091,195.317794998279,177.345655616049,101.271877778447,332.211953653293
"Misame","3-4 mo.","Se","Selenium","Micronutrient","primary","Control",3.86566341169791,3.63079731313606,4.10052951025975,156,4.87634311223152,2.22359855671908,4.54033464155324,3.61833005895758,5.76249998503288
"Misame","3-4 mo.","Se","Selenium","Micronutrient","primary","BEP",5.17324981255892,4.88229454528465,5.4642050798332,121,4.08508516726401,1.66482541138354,3.82024628695886,3.05633329423401,5.15724770790729
"Misame","3-4 mo.","Nmn","nicotinamide mononucleotide","B3 or related","primary","Control",398.593064535048,363.094885189446,434.09124388065,157,509.843033520554,261.323713181229,464.303226963859,320.987697062591,654.033783507329
"Misame","3-4 mo.","Nmn","nicotinamide mononucleotide","B3 or related","primary","BEP",570.893773659718,532.585203453271,609.202343866166,123,466.037056122916,237.083365441676,411.548835642954,280.627358535104,618.058313846076
"Misame","3-4 mo.","B2","vitamin B2 (expressed as riboflavin)","B2","primary","Control",118.190481579553,109.796832495666,126.584130663441,157,146.495813380502,70.1561760251728,132.423656597252,96.8149404743977,183.782024547172
"Misame","3-4 mo.","B2","vitamin B2 (expressed as riboflavin)","B2","primary","BEP",170.320716193097,156.838493588974,183.802938797221,123,145.23837639963,82.7803977019397,124.393818146585,95.898706490654,179.026296535956
"Misame","3-4 mo.","Fmn","flavin mononucleotide","B2","primary","Control",7.37398749957844,6.53845538204461,8.20951961711228,157,10.1239485842125,8.77664175908542,8.033874624547,5.21536059880813,12.8164712587732
"Misame","3-4 mo.","Fmn","flavin mononucleotide","B2","primary","BEP",12.7351353570604,11.2941237011575,14.1761470129633,123,10.2513005237033,7.89365641893095,7.96729555307285,5.24310187858903,12.7276991634743
"Misame","3-4 mo.","Pl","pyridoxal","B6","primary","Control",50.8821430156547,46.5788030051541,55.1854830261553,157,61.245330622291,35.5040918590736,53.490125790975,36.703424006295,75.3513076359821
"Misame","3-4 mo.","Pl","pyridoxal","B6","primary","BEP",73.8486875787444,68.0558610123997,79.6415141450891,123,65.3798698924497,36.2973445882343,55.7528333023683,33.850683911339,92.9834646615884
"Misame","3-4 mo.","Ribo","riboflavin","B2","primary","Control",16.4508796416143,14.8077496004991,18.0940096827296,157,32.5266030483346,44.8302170336734,22.709969100837,13.7373634682713,36.3322129100717
"Misame","3-4 mo.","Ribo","riboflavin","B2","primary","BEP",51.1959117561316,40.4095528049084,61.9822707073548,123,38.1233136298641,62.3823654033372,19.8499183510081,12.2819220647384,33.1043772755288
"Misame","3-4 mo.","B6","vitamin B6 (expressed as PL)","B6","primary","Control",59.189251967024,54.884427030627,63.494076903421,157,69.6685831964798,36.1110893980893,62.2411487161203,44.1261933991839,83.7216454683562
"Misame","3-4 mo.","B6","vitamin B6 (expressed as PL)","B6","primary","BEP",82.2760631161499,76.3187396374607,88.2333865948392,123,73.6539134349935,36.7195525884235,64.5082307455622,41.3313905341287,102.230934574978
"Misame","3-4 mo.","Nam","nicotinamide","B3 or related","primary","Control",135.469280225289,118.395469458394,152.543090992184,157,194.731805800807,148.853811390682,161.54615673816,89.9252197324617,271.164064543533
"Misame","3-4 mo.","Nam","nicotinamide","B3 or related","primary","BEP",212.38774869154,190.771696488745,234.003800894335,122,153.598631589012,110.033675155334,146.656217770802,65.7225755181531,207.245471481939
"Misame","3-4 mo.","B3","vitamin B3 ( expressed as NAM)","B3 or related","primary","Control",777.745976833752,703.383387096085,852.108566571419,157,999.703768097548,576.47823178196,925.869917032741,554.817527184439,1295.92488498111
"Misame","3-4 mo.","B3","vitamin B3 ( expressed as NAM)","B3 or related","primary","BEP",1083.80074792241,1002.61797787677,1164.98351796805,122,866.260105580786,411.980253820604,858.853081824255,535.125753802767,1114.30731365863
"Misame","3-4 mo.","Nr","nicotinamide riboside","B3 or related","primary","Control",473.141795721782,403.182751596196,543.100839847368,157,663.134673705462,575.825274304251,450.15163842728,239.116045605581,920.986987678219
"Misame","3-4 mo.","Nr","nicotinamide riboside","B3 or related","primary","BEP",751.370843941403,663.07587059213,839.665817290675,123,567.754564900391,414.745944099096,455.967774426052,218.016190868633,873.161308860288
"Misame","3-4 mo.","Trp","tryptophan","B3 or related","primary","Control",325.275129894763,301.223589847965,349.326669941561,157,374.56599963498,162.846389799841,360.063242958365,266.787233202281,478.332477655925
"Misame","3-4 mo.","Trp","tryptophan","B3 or related","primary","BEP",388.24133897115,362.663034625191,413.81964331711,123,340.014105142066,176.077122554502,316.69524220664,215.349627065372,445.245134554705
"Misame","3-4 mo.","B12","vitamin B12 (expressed as cyanocobalamin)","Other B vitamins","primary","Control",113.766995764793,99.56247697427,127.971514555316,154,143.547215775353,150.230172264359,139.331051964512,40.4434093789607,191.697084917617
"Misame","3-4 mo.","B12","vitamin B12 (expressed as cyanocobalamin)","Other B vitamins","primary","BEP",161.261866260219,138.514286195199,184.00944632524,116,129.273480180062,97.5608708191553,127.642205323194,57.0415716096324,180.475792141952
"Misame","3-4 mo.","Pm","pyridoxamine","B6","primary","Control",0.589260021177178,0.551817880592249,0.626702161762108,157,0.620522670213339,0.251578969698977,0.569187071883,0.461237799629327,0.727774366393849
"Misame","3-4 mo.","Pm","pyridoxamine","B6","primary","BEP",0.658900926810506,0.625640622936711,0.692161230684301,123,0.636750710264267,0.216413632563919,0.588814212292758,0.500492080448845,0.741905907488876
"Misame","3-4 mo.","T","free thiamin","B1","primary","Control",48.8142964107368,44.408666758038,53.2199260634357,156,53.6914855266974,27.8349301089016,49.1415841530207,35.0309320759279,65.9493141021823
"Misame","3-4 mo.","T","free thiamin","B1","primary","BEP",56.6792449281873,52.2621204840401,61.0963693723344,123,52.3107855534136,28.5058879008611,47.6703300647097,34.9467979302052,62.9780292632343
"Misame","3-4 mo.","Fad","flavin adenine dinucleotide","B2","primary","Control",199.537434307271,183.658586273429,215.416282341112,157,220.45529132632,104.84866127141,195.986907943357,142.930039795072,279.891045768493
"Misame","3-4 mo.","Fad","flavin adenine dinucleotide","B2","primary","BEP",226.824663371382,212.283420932846,241.365905809918,123,205.92969647423,90.5220864052855,184.800415726504,133.57347035566,259.249952534865
"Misame","3-4 mo.","B1","total vitamin B1 (expressed as thiamin)","B1","primary","Control",169.62532591921,161.706580456458,177.544071381961,156,175.425653822654,51.0425697871612,174.756160022062,137.726099729313,202.172249543469
"Misame","3-4 mo.","B1","total vitamin B1 (expressed as thiamin)","B1","primary","BEP",182.64373972843,175.721655204516,189.565824252345,123,178.277490355029,44.1915311351248,176.894540097939,151.40591201561,204.304470310502
"Misame","3-4 mo.","Pn","pyridoxine","B6","primary","Control",0.196724568028953,0.177067663998159,0.216381472059748,157,0.220703184869571,0.200345368969587,0.191915812930061,0.115149487758037,0.278277928748589
"Misame","3-4 mo.","Pn","pyridoxine","B6","primary","BEP",0.236784469294258,0.206881592333427,0.266687346255089,123,0.21500812212815,0.129260803327582,0.191915812930061,0.115149487758037,0.283075824071841
"Misame","3-4 mo.","A.tocopherol","α-Tocopherol","Micronutrient","primary","Control",4.4885942315443,4.05248855111966,4.92469991196894,158,5.00536865824322,3.06086262593835,4.48509027678092,2.75717270685771,6.46802050252576
"Misame","3-4 mo.","A.tocopherol","α-Tocopherol","Micronutrient","primary","BEP",5.07663482191922,4.6653749953626,5.48789464847583,123,4.49961038791734,2.65703358107902,3.74699682391938,2.45572694743335,6.06598202578413
"Misame","3-4 mo.","Vitamin.a","Vitamin A","Micronutrient","primary","Control",0.455872202236466,0.416820775468696,0.494923629004237,158,0.504447025139946,0.279998023506151,0.462092371395898,0.298392632059143,0.645286762600605
"Misame","3-4 mo.","Vitamin.a","Vitamin A","Micronutrient","primary","BEP",0.497085279929029,0.461918086899646,0.532252472958412,123,0.437256547315759,0.226297896917159,0.399773860374869,0.266912519104925,0.576012342904133
"Misame","3-4 mo.","Tpp","thiamine pyrophosphate","B1","primary","Control",4.74323251626813,3.96300612636724,5.52345890616902,156,4.62898175873714,3.95457223744226,3.53091977331639,2.0230967116809,6.13228396344958
"Misame","3-4 mo.","Tpp","thiamine pyrophosphate","B1","primary","BEP",4.06962400787658,3.53764698136882,4.60160103438435,123,4.09078562979281,4.2175654137227,2.98267758155986,1.64570243985512,5.41019093114786
"Misame","3-4 mo.","Nad","nicotinamide adenine dinucleotide","B3 or related","primary","Control",1433.34333155292,1253.26992307742,1613.41674002841,157,1614.8384226336,1246.92282772468,1283.24304953568,844.33107022117,1942.89560941468
"Misame","3-4 mo.","Nad","nicotinamide adenine dinucleotide","B3 or related","primary","BEP",1622.67198004164,1434.58249471468,1810.7614653686,123,1429.6655551214,1020.82832919994,1138.08702774837,785.845049087159,1706.30532262433
"Misame","3-4 mo.","Mg","Magnesium","Micronutrient","primary","Control",36.6843120383581,35.6978922010618,37.6707318756545,156,36.9215269699488,6.85014804726835,36.6135540410857,32.2895633727105,41.4103658926696
"Misame","3-4 mo.","Mg","Magnesium","Micronutrient","primary","BEP",35.7402412341593,34.7693192590944,36.7111632092242,121,35.2584424565606,6.29580529645286,34.9023127725548,30.451711564485,39.2425450569314
"Misame","3-4 mo.","P","Phosphorus","Micronutrient","primary","Control",152.626231233669,147.993762070077,157.25870039726,156,150.645056898281,27.0944107487535,149.371528404212,133.44189651537,168.39704374617
"Misame","3-4 mo.","P","Phosphorus","Micronutrient","primary","BEP",148.660467242586,144.860834517583,152.460099967589,121,150.462554961292,25.6130220013832,150.612402592509,133.272561398538,160.155167138465
"Misame","3-4 mo.","Total carbohydrate","Total Carbohydrate","Macronutrient","primary","Control",7.09162660753178,7.04461272733922,7.13864048772434,156,7.1281858974359,0.358844989528225,7.189,6.88025,7.40475
"Misame","3-4 mo.","Total carbohydrate","Total Carbohydrate","Macronutrient","primary","BEP",7.13213758072022,7.07788173490084,7.1863934265396,123,7.09617886178862,0.320134398838996,7.085,6.895,7.3505
"Misame","3-4 mo.","Mn","Manganese","Micronutrient","primary","Control",2.98349682450365,2.53342215750992,3.43357149149739,156,3.23812087521982,2.93982923342216,2.55683919183608,1.18134745684578,4.72352470694395
"Misame","3-4 mo.","Mn","Manganese","Micronutrient","primary","BEP",3.28760730065653,2.90250271265535,3.67271188865772,121,3.02465398389663,2.51275861805233,2.29519974333384,1.31005173952827,4.29564752203531
"Misame","3-4 mo.","Tmp","thiamine monophosphate","B1","primary","Control",153.42198852743,142.866550953279,163.977426101582,156,154.666468530702,64.4939476984341,153.061972826797,112.852785673779,197.811234503452
"Misame","3-4 mo.","Tmp","thiamine monophosphate","B1","primary","BEP",160.6788435408,151.05154530714,170.30614177446,123,160.611699876421,59.8433827490687,168.469449566462,117.980445511835,200.339327976435
"Misame","3-4 mo.","K","Potassium","Micronutrient","primary","Control",528.043766149516,515.125683007761,540.961849291272,156,527.595176477753,85.0601090725441,519.069655296924,471.937094710987,566.429195184714
"Misame","3-4 mo.","K","Potassium","Micronutrient","primary","BEP",521.118172054531,508.483305492672,533.753038616389,121,520.462598493617,72.8898334963832,513.521784462534,465.540498046762,558.071967609299
"Misame","3-4 mo.","Kcal.l","Total Energy","Macronutrient","primary","Control",547.650665381417,525.495359942148,569.805970820685,156,557.660705128205,132.932670224622,537.355,450.23,628.8075
"Misame","3-4 mo.","Kcal.l","Total Energy","Macronutrient","primary","BEP",555.28951213828,535.687492656067,574.891531620492,123,542.805203252032,133.964543886082,519.26,449.78,606.535
"Misame","3-4 mo.","Plp","pyridoxal 5-phosphate","B6","primary","Control",11.0805475872696,10.7481126841328,11.4129824904063,157,11.2192659653339,2.67480619426342,11.8781882296552,9.70591256119689,12.2479372796056
"Misame","3-4 mo.","Plp","pyridoxal 5-phosphate","B6","primary","BEP",11.2040765895758,10.7861548481214,11.6219983310303,123,10.9831395936268,2.4125776579077,11.8781882296552,9.71875106987573,12.3326714368859
"Misame","3-4 mo.","Fat","Total Fat","Macronutrient","primary","Control",2.51115107069157,2.26165130038433,2.76065084099881,156,2.60089102564103,1.44803801667131,2.348,1.48525,3.39275
"Misame","3-4 mo.","Fat","Total Fat","Macronutrient","primary","BEP",2.57966099843799,2.36219558635276,2.79712641052321,123,2.47066666666667,1.50305475106513,2.252,1.37,3.32
"Misame","3-4 mo.","Ca","Calcium","Micronutrient","primary","Control",255.328028574823,249.205784726242,261.450272423404,156,253.501577182441,38.2300170429488,249.168981404925,225.409922949219,277.772925522876
"Misame","3-4 mo.","Ca","Calcium","Micronutrient","primary","BEP",253.947789828665,248.115585014003,259.779994643326,121,256.173278613666,37.464861725379,251.713117618417,229.079413633928,283.446783979301
"Misame","3-4 mo.","Fe","Iron","Micronutrient","primary","Control",346.682417047513,318.496635116557,374.86819897847,156,365.729365430926,199.323381989565,328.168694026278,234.235971926564,437.390947045474
"Misame","3-4 mo.","Fe","Iron","Micronutrient","primary","BEP",352.963496310437,324.055097855645,381.871894765228,121,330.301800730437,149.866639559325,298.96524552529,226.34436418554,408.656095401326
"Misame","3-4 mo.","Cu","Copper","Micronutrient","primary","Control",229.600328545783,216.072051428258,243.128605663307,156,225.956187335314,89.5185623141064,224.482039992677,163.684622839113,275.259481518142
"Misame","3-4 mo.","Cu","Copper","Micronutrient","primary","BEP",232.551559937426,219.910648060568,245.192471814285,121,236.960159742091,81.8801134069319,230.340306381651,178.296009372288,285.061034654334
"Misame","3-4 mo.","Zn","Zinc","Micronutrient","primary","Control",1558.35110664339,1454.77910954877,1661.92310373801,156,1537.33007003506,643.288052651072,1505.46473388972,1059.3049739679,1953.78777356894
"Misame","3-4 mo.","Zn","Zinc","Micronutrient","primary","BEP",1537.8928809477,1437.37222643695,1638.41353545845,121,1558.92141556262,667.614720117405,1495.28979553355,1035.40150522531,1971.83320426637
"Misame","3-4 mo.","Bio","biotin","Other B vitamins","primary","Control",10.5261392810292,9.95135519686111,11.1009233651972,157,10.2505447750891,3.93193846500269,10.1225086454231,7.82506245431835,12.6359540510762
"Misame","3-4 mo.","Bio","biotin","Other B vitamins","primary","BEP",10.4220727082065,9.8607454455664,10.9833999708466,123,10.6860702324719,3.67965659589066,10.4229439165676,8.03124352275083,12.4346820557016
"Misame","3-4 mo.","Cr","Chromium","Micronutrient","primary","Control",13.9012881371764,11.8704269051875,15.9321493691653,156,15.1577137824197,14.8627818954207,10.7256078462156,6.90336578288415,16.6253282903074
"Misame","3-4 mo.","Cr","Chromium","Micronutrient","primary","BEP",14.2043748083984,12.2377487496215,16.1710008671754,121,12.6227061768701,8.97461141481264,10.6373500691188,7.05111903135542,15.1044929410317
"Misame","3-4 mo.","Na","Sodium","Micronutrient","primary","Control",149.352592783462,133.240849365007,165.464336201916,156,157.569862028638,156.671437111635,122.517219675566,98.2753637721795,154.337246873903
"Misame","3-4 mo.","Na","Sodium","Micronutrient","primary","BEP",151.956460821269,128.61436441318,175.298557229359,121,141.907477172803,95.6540538099725,121.196205106689,98.631801152923,150.176696627519
"Misame","3-4 mo.","Mo","Molybdenum","Micronutrient","primary","Control",1.99927311002378,1.63225628473468,2.36628993531288,156,2.09210537060573,2.99041493635804,0.972697167433409,0.383348647806851,2.57925240245535
"Misame","3-4 mo.","Mo","Molybdenum","Micronutrient","primary","BEP",1.96016006986105,1.53032984472807,2.38999029499404,121,1.82307067719956,2.53068448726595,0.909730767146318,0.316744502885469,2.23134361792038
"Misame","3-4 mo.","G.tocopherol","γ-Tocopherol","Micronutrient","primary","Control",1.30310171506528,1.19267201691884,1.41353141321172,158,1.28178716114499,0.65879609163812,1.19547300609423,0.701865762864003,1.77945292265363
"Misame","3-4 mo.","G.tocopherol","γ-Tocopherol","Micronutrient","primary","BEP",1.31033248270055,1.21734273466909,1.40332223073202,123,1.34197801840006,0.650234853186377,1.41805585349704,0.759813864175237,1.77446869373755
"Misame","3-4 mo.","Protein","Total Protein","Macronutrient","primary","Control",0.940664674522145,0.904092839629209,0.97723650941508,156,0.961326923076923,0.291467104622328,0.927,0.80375,1.07075
"Misame","3-4 mo.","Protein","Total Protein","Macronutrient","primary","BEP",0.940739087116513,0.895681152831235,0.985797021401791,123,0.914951219512195,0.195171755114315,0.891,0.787,1.017
"Vital","1.5 mo.","B2","vitamin B2 (expressed as riboflavin)","B2","primary","Control",64.4819175493639,54.9953865787325,73.9684485199954,50,65.9825690808553,42.3404082020524,57.5036559982789,36.7161733649635,91.3165628588055
"Vital","1.5 mo.","B2","vitamin B2 (expressed as riboflavin)","B2","primary","BEP",155.836207283533,133.562973309902,178.109441257164,100,156.448204757294,119.941005431926,121.851257332606,81.9625131996042,183.95118753668
"Vital","1.5 mo.","Bio","biotin","Other B vitamins","primary","Control",9.13578496078196,7.8241380043479,10.447431917216,50,9.13578496078196,4.76418188914692,8.67924116639576,5.45643470387381,11.3252315446126
"Vital","1.5 mo.","Bio","biotin","Other B vitamins","primary","BEP",21.2800178901468,18.2696819038708,24.2903538764228,100,21.2511809047967,15.6209241035156,15.9348511459958,8.82160428507533,29.9502547263465
"Vital","1.5 mo.","Pa","pantothenic acid","Other B vitamins","primary","Control",2668.36382513125,2286.05168186024,3050.67596840226,50,2668.36382513125,1388.63935911877,2506.33375968029,1814.92758071707,3342.3586263068
"Vital","1.5 mo.","Pa","pantothenic acid","Other B vitamins","primary","BEP",4455.85040787682,4127.95646021385,4783.74435553978,100,4455.85040787682,1675.77310803828,4292.52011830439,3203.42370749917,5414.8239238505
"Vital","1.5 mo.","Nufa","nudifloramide (niacin catabolite)","B3 or related","primary","Control",168.789931528442,140.520733653955,197.059129402929,50,168.789931528442,102.679764454676,140.140201978697,93.6231832721115,216.106862387401
"Vital","1.5 mo.","Nufa","nudifloramide (niacin catabolite)","B3 or related","primary","BEP",368.063749039167,318.63097024029,417.496527838043,100,368.063749039166,252.636933243762,324.122037356495,171.44654578172,471.217220968662
"Vital","1.5 mo.","Fmn","flavin mononucleotide","B2","primary","Control",9.24481438724092,7.23829964950556,11.2513291249763,50,9.37610870546579,9.14870816833683,6.35830132578098,3.41772566900618,12.747118059321
"Vital","1.5 mo.","Fmn","flavin mononucleotide","B2","primary","BEP",26.4619629225186,21.6718381379881,31.2520877070492,100,26.4619629225186,24.4809712264494,20.2122964483596,10.9910950491903,40.449560048522
"Vital","1.5 mo.","Ribo","riboflavin","B2","primary","Control",8.35237126527974,6.55267184400516,10.1520706865543,50,8.35237126527974,6.53689268037091,6.19544022424597,4.05141635034603,10.085516985419
"Vital","1.5 mo.","Ribo","riboflavin","B2","primary","BEP",66.7391776899457,46.874378339535,86.6039770403564,100,66.9345609745699,102.373046800036,22.4369588676686,10.6986074242766,66.4253015246556
"Vital","1.5 mo.","T","free thiamin","B1","primary","Control",19.616300281386,17.1998703747311,22.0327301880409,50,20.2426748959223,9.81343162039348,20.3897921512163,13.7878368361686,26.3144668885175
"Vital","1.5 mo.","T","free thiamin","B1","primary","BEP",30.8199588735538,27.4853826500245,34.154535097083,100,30.9069231981408,17.1548055100276,28.785918496613,19.3795794114123,38.9931449732183
"Vital","1.5 mo.","Nmn","nicotinamide mononucleotide","B3 or related","primary","Control",823.635622515681,706.181928977946,941.089316053416,50,826.796130339831,443.294365746634,814.880235731094,547.226483121824,1103.7680010616
"Vital","1.5 mo.","Nmn","nicotinamide mononucleotide","B3 or related","primary","BEP",1250.31912747416,1130.64156960683,1369.99668534148,100,1245.71907383995,635.513259260946,1212.76069126337,841.345571445375,1550.37120261988
"Vital","1.5 mo.","A.tocopherol","α-Tocopherol","Micronutrient","primary","Control",5.22328372524396,4.73812173723798,5.70844571324993,50,5.12819153808419,2.4361947498893,4.89992172180257,3.64134301773491,6.08920258457279
"Vital","1.5 mo.","A.tocopherol","α-Tocopherol","Micronutrient","primary","BEP",6.84889088810029,6.32298077119389,7.37480100500668,100,6.89208436249015,2.84766609710843,6.57374802664229,4.742558432451,8.33484122497682
"Vital","1.5 mo.","B3","vitamin B3 ( expressed as NAM)","B3 or related","primary","Control",1170.46326814194,1026.78730544397,1314.13923083991,50,1170.46326814194,521.861783030662,1072.39938806271,771.371659619371,1476.47374697313
"Vital","1.5 mo.","B3","vitamin B3 ( expressed as NAM)","B3 or related","primary","BEP",1620.39603994427,1490.73324732664,1750.05883256189,100,1620.39603994427,662.66981300033,1528.63280090755,1133.99912718972,1876.7765784812
"Vital","1.5 mo.","Vitamin.a","Vitamin A","Micronutrient","primary","Control",0.491448365081163,0.446501917932995,0.53639481222933,50,0.491448365081162,0.163255095766743,0.462835262671259,0.390569688627785,0.599386181379603
"Vital","1.5 mo.","Vitamin.a","Vitamin A","Micronutrient","primary","BEP",0.668812030959128,0.601258379108637,0.73636568280962,100,0.668580187831466,0.346016830526611,0.592686246223753,0.442778429926953,0.831415673877081
"Vital","1.5 mo.","B1","total vitamin B1 (expressed as thiamin)","B1","primary","Control",134.572600286417,123.941573361762,145.203627211073,50,134.533472045266,41.4607569218854,133.973414222065,110.088338682605,162.02221971963
"Vital","1.5 mo.","B1","total vitamin B1 (expressed as thiamin)","B1","primary","BEP",161.141786658872,153.744700580268,168.538872737476,100,161.488022789566,38.8850680274033,161.70225549269,137.776731076689,186.994622437371
"Vital","1.5 mo.","Nr","nicotinamide riboside","B3 or related","primary","Control",352.791569131169,276.676315507696,428.906822754642,50,350.449237106158,309.925685978327,190.734685004328,143.421468275461,495.078510608879
"Vital","1.5 mo.","Nr","nicotinamide riboside","B3 or related","primary","BEP",550.035536328576,467.441562523664,632.629510133488,100,580.37442950043,595.551846153161,329.926797484502,180.858984866285,814.046028477861
"Vital","1.5 mo.","Kcal.l","Total Energy","Macronutrient","primary","Control",620.271708422676,590.036298866659,650.507117978692,50,619.899,114.547521770999,620.45,526.95,714.05
"Vital","1.5 mo.","Kcal.l","Total Energy","Macronutrient","primary","BEP",692.0147,662.835260524796,721.194139475203,100,692.0147,149.127851638292,692.75,585.145,765.55
"Vital","1.5 mo.","Fad","flavin adenine dinucleotide","B2","primary","Control",103.07002755067,82.4493739629904,123.69068113835,50,104.147332272346,81.3864968307352,82.6901072235863,56.094363703411,145.939383977622
"Vital","1.5 mo.","Fad","flavin adenine dinucleotide","B2","primary","BEP",142.457146803897,128.689500527696,156.224793080098,100,141.283600900479,74.546032791865,137.004575563361,93.3579485894135,184.319351630871
"Vital","1.5 mo.","Fat","Total Fat","Macronutrient","primary","Control",3.47549835864734,3.16455409897622,3.78644261831846,50,3.47472,1.15318596903694,3.359,2.62325,4.40025
"Vital","1.5 mo.","Fat","Total Fat","Macronutrient","primary","BEP",4.09973055388511,3.80067344242205,4.39878766534818,100,4.097804,1.53641905162819,4.0035,3.04875,4.859
"Vital","1.5 mo.","B6","vitamin B6 (expressed as PL)","B6","primary","Control",107.888671850887,91.1366993156215,124.640644386153,50,108.613305785901,66.9804024171631,93.9514060298489,67.1342330911037,129.154783596414
"Vital","1.5 mo.","B6","vitamin B6 (expressed as PL)","B6","primary","BEP",138.642146417345,124.775206066681,152.50908676801,100,138.642146417345,70.8700050612118,128.811644557152,86.031032240726,164.546569819869
"Vital","1.5 mo.","Tmp","thiamine monophosphate","B1","primary","Control",144.866441033294,131.878659682405,157.854222384182,50,144.511994948915,51.0078811327786,143.790660128654,115.621183377471,178.883119558976
"Vital","1.5 mo.","Tmp","thiamine monophosphate","B1","primary","BEP",165.525295369748,156.443380413253,174.607210326244,100,165.525295369748,46.4150953747666,165.750908083969,142.659335682259,193.662759738119
"Vital","1.5 mo.","Pl","pyridoxal","B6","primary","Control",90.311293858873,73.5177082031506,107.104879514595,50,90.3945006065508,61.9561416015804,73.6831291461295,53.5207265494366,101.730035737315
"Vital","1.5 mo.","Pl","pyridoxal","B6","primary","BEP",117.584446071628,105.003709730329,130.165182412927,100,117.584446071628,64.2965806180082,97.5727041234522,74.0319777925925,142.734177768549
"Vital","1.5 mo.","Protein","Total Protein","Macronutrient","primary","Control",1.01191967508059,0.953289828193424,1.07054952196775,50,1.01316,0.215865827564726,0.9745,0.895,1.13
"Vital","1.5 mo.","Protein","Total Protein","Macronutrient","primary","BEP",1.12473,1.05917772828611,1.19028227171389,100,1.12473,0.33501909654601,1.079,0.95275,1.227
"Vital","1.5 mo.","Nad","nicotinamide adenine dinucleotide","B3 or related","primary","Control",1679.17322225478,1297.75701415963,2060.58943034994,50,1679.17322225478,1385.385131205,1184.33230040875,815.407144333478,2145.72343625776
"Vital","1.5 mo.","Nad","nicotinamide adenine dinucleotide","B3 or related","primary","BEP",2234.06279992986,1968.30555444118,2499.82004541853,100,2234.06279992986,1358.21002013132,1954.65773086934,1248.15473773126,3128.32820182106
"Vital","1.5 mo.","Cho","Total Carbohydrates","Macronutrient","primary","Control",6.67673370696518,6.56442313538278,6.78904427854757,50,6.6725,0.42981045893771,6.764,6.5,6.963
"Vital","1.5 mo.","Cho","Total Carbohydrates","Macronutrient","primary","BEP",6.83204217073732,6.73940051179865,6.92468382967599,100,6.83156,0.478430922786966,6.9095,6.6995,7.055
"Vital","1.5 mo.","G.tocopherol","γ-Tocopherol","Micronutrient","primary","Control",0.690877129038387,0.577655119208103,0.804099138868671,50,0.690877129038387,0.411246521817682,0.574419773888352,0.3547918428132,0.910619424551541
"Vital","1.5 mo.","G.tocopherol","γ-Tocopherol","Micronutrient","primary","BEP",0.852797844907319,0.744878404653553,0.960717285161085,100,0.869026724983391,0.603469181514344,0.711344477793189,0.467680071746849,1.06577892884468
"Vital","1.5 mo.","Trp","tryptophan","B3 or related","primary","Control",385.728032870462,347.801017333516,423.655048407409,50,380.208625500639,177.912868490203,330.638108376423,248.728672183856,472.263114674845
"Vital","1.5 mo.","Trp","tryptophan","B3 or related","primary","BEP",443.028562659424,397.051667434495,489.005457884354,100,444.302961551713,238.821564453786,410.476215118662,290.120943306038,511.633081895818
"Vital","1.5 mo.","Na","Sodium","Micronutrient","primary","Control",293.311900977571,190.386355857039,396.237446098104,50,295.417501455158,379.746087324156,169.77136973594,125.934945986399,326.841395843929
"Vital","1.5 mo.","Na","Sodium","Micronutrient","primary","BEP",194.919526025975,162.808825721093,227.030226330856,100,196.602304184435,170.971381539468,148.608149231134,110.079377239798,214.775209730157
"Vital","1.5 mo.","Mo","Molybdenum","Micronutrient","primary","Control",4.12019171828635,2.95142021225792,5.28896322431478,50,4.12019171828635,4.24522773773656,3.03525382712862,1.52765970890383,4.94969674172639
"Vital","1.5 mo.","Mo","Molybdenum","Micronutrient","primary","BEP",5.38930792079574,4.45892995192571,6.31968588966577,100,5.38930792079574,4.75489831897184,3.77484368880955,1.68505539522305,8.15514516414926
"Vital","1.5 mo.","Nam","nicotinamide","B3 or related","primary","Control",391.603789202708,312.122552230379,471.085026175038,50,391.603789202708,288.692828396467,281.265421806832,207.812167541591,519.728762474856
"Vital","1.5 mo.","Nam","nicotinamide","B3 or related","primary","BEP",475.041347918127,408.930621088919,541.152074747336,100,476.322772235146,339.371819026401,386.09002544098,243.490406963855,604.733171422672
"Vital","1.5 mo.","Mg","Magnesium","Micronutrient","primary","Control",31.3573885489824,29.8629284514079,32.8518486465569,50,31.5170914934903,5.98016853202421,30.7143108192031,27.3745314930332,36.5266353904356
"Vital","1.5 mo.","Mg","Magnesium","Micronutrient","primary","BEP",29.9565118071897,28.9255271964089,30.9874964179705,100,29.9559030852542,5.27638933074478,29.2870309951895,25.8683381920323,32.7684160251021
"Vital","1.5 mo.","As","Arsenic","Micronutrient","primary","Control",0.952300605230821,0.116838977990489,1.78776223247115,50,0.96449687062108,3.18036424817087,0,0,0.708363940004131
"Vital","1.5 mo.","As","Arsenic","Micronutrient","primary","BEP",0.322780781125388,0.116742446266402,0.528819115984373,100,0.322780781125388,1.05300358009832,0,0,0
"Vital","1.5 mo.","Plp","pyridoxal 5-phosphate","B6","primary","Control",23.8660686774624,19.27960963416,28.4525277207648,50,23.8660686774624,16.6589988275659,18.6415146016639,10.3664538327228,30.9761118148515
"Vital","1.5 mo.","Plp","pyridoxal 5-phosphate","B6","primary","BEP",28.6894717607439,24.0424308814506,33.3365126400372,100,28.8368824677326,25.2463141911137,22.4468485740696,14.5896812626245,33.8532216097778
"Vital","1.5 mo.","P","Phosphorus","Micronutrient","primary","Control",164.365827527388,154.836209546419,173.895445508356,50,164.365827527388,34.6136078559193,166.241239962764,142.328510509357,188.97907958068
"Vital","1.5 mo.","P","Phosphorus","Micronutrient","primary","BEP",172.495343301407,166.472533868513,178.518152734301,100,172.327593993134,31.010395664731,173.237245706055,150.986918876616,190.816216863338
"Vital","1.5 mo.","Pn","pyridoxine","B6","primary","Control",1.09778049566359,-0.0859129369416449,2.28147392826883,50,1.10389975597371,4.36559597923185,0.182320022283558,0.143936859697546,0.256687399793957
"Vital","1.5 mo.","Pn","pyridoxine","B6","primary","BEP",0.471377825304649,0.161555889631726,0.781199760977571,100,0.472688647246741,1.59967677289881,0.201511603576564,0.160729493328926,0.297469510041595
"Vital","1.5 mo.","Fe","Iron","Micronutrient","primary","Control",425.42531735437,377.746632874155,473.104001834585,50,424.292907036302,200.443260685281,401.139066281019,308.867309293726,487.361188407808
"Vital","1.5 mo.","Fe","Iron","Micronutrient","primary","BEP",457.31676619194,412.165212493768,502.468319890113,100,457.31676619194,230.756804182665,406.61674124305,317.844305440559,539.194453037996
"Vital","1.5 mo.","Cu","Copper","Micronutrient","primary","Control",383.473140132083,361.415589608223,405.530690655942,50,385.140010340633,82.5378972556621,376.199436490808,323.715499684154,427.913699767083
"Vital","1.5 mo.","Cu","Copper","Micronutrient","primary","BEP",373.173116896595,355.492723019875,390.853510773316,100,373.173116896595,90.3594860756218,376.829788136149,313.798039663832,426.925271076981
"Vital","1.5 mo.","Zn","Zinc","Micronutrient","primary","Control",2009.35969912593,1769.60435571054,2249.11504254131,50,2009.35969912593,870.842614563869,2064.68670353277,1345.7184206278,2637.38278859667
"Vital","1.5 mo.","Zn","Zinc","Micronutrient","primary","BEP",2114.86214414748,1962.89351153158,2266.83077676338,100,2122.4745603935,784.233355311962,2030.78506886149,1499.2475315298,2730.33522989742
"Vital","1.5 mo.","Ca","Calcium","Micronutrient","primary","Control",298.827331461998,285.220879189111,312.433783734885,50,298.809484841364,49.5980807162361,300.847367564506,269.89779682787,331.561152879607
"Vital","1.5 mo.","Ca","Calcium","Micronutrient","primary","BEP",304.710692596893,293.513803119576,315.90758207421,100,303.341560165759,58.7842349174405,304.944804353535,272.39086515993,334.255723674938
"Vital","1.5 mo.","Cr","Chromium","Micronutrient","primary","Control",5.10414780012649,4.12390337102436,6.08439222922862,50,5.1169095222883,3.63204629893379,4.00630569789136,3.57604734582508,5.67624184338695
"Vital","1.5 mo.","Cr","Chromium","Micronutrient","primary","BEP",5.60711920531437,3.96863531634418,7.24560309428455,100,5.60711920531437,8.37382714338017,3.89670686328212,3.00859757047877,5.74969481306836
"Vital","1.5 mo.","Mn","Manganese","Micronutrient","primary","Control",6.1359886361094,5.58414019173906,6.68783708047973,50,6.04109662878911,2.49549146982249,5.54396267291066,4.28055923336036,7.24660362671292
"Vital","1.5 mo.","Mn","Manganese","Micronutrient","primary","BEP",6.38122347191162,5.62638350094855,7.13606344287469,100,6.38122347191162,3.8577733234421,5.44280752203615,4.18701159008281,7.68557425061702
"Vital","1.5 mo.","B12","vitamin B12 (expressed as cyanocobalamin)","Other B vitamins","primary","Control",265.578162548302,214.047269220614,317.10905587599,50,266.93645373891,191.945943026695,200.580608365019,178.371799746515,265.804372623574
"Vital","1.5 mo.","B12","vitamin B12 (expressed as cyanocobalamin)","Other B vitamins","primary","BEP",280.905082382763,246.22852538151,315.581639384016,100,280.905082382763,177.222062548671,236.114702154626,191.930861850444,313.494866920152
"Vital","1.5 mo.","Se","Selenium","Micronutrient","primary","Control",12.8962111673822,11.8569599931245,13.93546234164,50,12.8967000438962,3.77885333305619,12.009114166625,10.702059626166,13.6185099902274
"Vital","1.5 mo.","Se","Selenium","Micronutrient","primary","BEP",12.736535998256,12.1553871670785,13.3176848294335,100,12.6967565705598,3.05811377298319,12.2966678944829,10.9806909258045,13.9971217533781
"Vital","1.5 mo.","Tpp","thiamine pyrophosphate","B1","primary","Control",5.2049329038905,4.1456165467088,6.26424926107219,50,5.2049329038905,3.84766325954255,4.33498620245057,2.57384918936423,6.75888728775321
"Vital","1.5 mo.","Tpp","thiamine pyrophosphate","B1","primary","BEP",5.38812386384266,4.59953056670148,6.17671716098383,100,5.43514961619557,4.31074098194753,4.25534044204224,2.70762178339782,7.15217824611947
"Vital","1.5 mo.","Pm","pyridoxamine","B6","primary","Control",0.991680896343463,0.427542710029853,1.55581908265707,50,0.991680896343463,2.04907038210828,0.547597217432265,0.293671088381013,0.65579182894106
"Vital","1.5 mo.","Pm","pyridoxamine","B6","primary","BEP",1.09261995067162,0.803596191003439,1.38164371033981,100,1.0927214151729,1.48811339727308,0.618254922907396,0.527724737767385,0.975959556875247
"Vital","1.5 mo.","K","Potassium","Micronutrient","primary","Control",580.226355690355,552.940575783446,607.512135597264,50,580.377151782093,102.002043021737,582.804072643859,523.121224406997,618.61999930668
"Vital","1.5 mo.","K","Potassium","Micronutrient","primary","BEP",580.720087316235,565.532868088591,595.907306543879,100,578.836516218139,79.9766928760125,572.764994140704,536.050721975362,623.597586955271
"Vital","2 mo.","Bio","biotin","Other B vitamins","primary","Control",7.30932520546267,5.56519730537036,9.05345310555499,50,7.32394427656627,6.36817373980812,5.73870640470398,3.36516958120152,8.92224028276261
"Vital","2 mo.","Bio","biotin","Other B vitamins","primary","BEP",16.7579063348861,14.2647989818503,19.2510136879218,100,16.7579063348861,12.7415656417183,13.5588597859644,7.67533572605191,21.722648281279
"Vital","2 mo.","Nufa","nudifloramide (niacin catabolite)","B3 or related","primary","Control",152.593776279015,119.778001961078,185.409550596953,50,152.593776279015,121.043328515216,128.21446156135,79.5346909570078,182.989723953001
"Vital","2 mo.","Nufa","nudifloramide (niacin catabolite)","B3 or related","primary","BEP",274.994546679141,241.857365578274,308.131727780009,100,275.842375853238,183.007182642783,221.386221383104,155.758943278063,359.419780593468
"Vital","2 mo.","Fmn","flavin mononucleotide","B2","primary","Control",9.39593607359638,6.63709768650238,12.1547744606904,50,9.19035309605292,11.2083555452747,6.10308155179676,3.18192479086858,11.7290130913621
"Vital","2 mo.","Fmn","flavin mononucleotide","B2","primary","BEP",21.7560601714537,17.5029410319821,26.0091793109253,100,21.8536924904356,21.8620970625279,16.067749249094,8.30019091044358,31.0979746343826
"Vital","2 mo.","Pa","pantothenic acid","Other B vitamins","primary","Control",2747.29560282171,2345.43811053868,3149.15309510475,50,2747.29560282171,1459.63224125325,2446.57483215688,1790.10448898708,3136.14841723515
"Vital","2 mo.","Pa","pantothenic acid","Other B vitamins","primary","BEP",4114.77408479143,3725.29120251186,4504.25696707099,100,4114.77408479143,1990.53671108383,3950.5615711317,3051.69782893696,4817.2321687871
"Vital","2 mo.","Nmn","nicotinamide mononucleotide","B3 or related","primary","Control",753.860961628176,664.474760004555,843.247163251798,50,786.937555247279,447.540286677154,745.283244525995,447.165596364959,1098.69645200784
"Vital","2 mo.","Nmn","nicotinamide mononucleotide","B3 or related","primary","BEP",1024.45550361656,915.43960981862,1133.47139741451,100,1023.25783196694,558.78029100535,898.810638904135,660.929754602192,1353.61952664502
"Vital","2 mo.","B2","vitamin B2 (expressed as riboflavin)","B2","primary","Control",99.4791558218593,76.6686469641104,122.289664679608,50,99.4739038699151,91.6312056910148,75.6195243294879,56.9234800960704,118.620392014703
"Vital","2 mo.","B2","vitamin B2 (expressed as riboflavin)","B2","primary","BEP",153.687273682133,135.50866912276,171.865878241505,100,151.969904060507,97.5620708465179,128.179511733968,92.6307989190616,201.523755830886
"Vital","2 mo.","Nr","nicotinamide riboside","B3 or related","primary","Control",314.145592443063,249.328504525453,378.962680360674,50,310.064507821433,284.780208898745,178.738132726605,133.718646914451,368.241056444568
"Vital","2 mo.","Nr","nicotinamide riboside","B3 or related","primary","BEP",511.824413346237,395.074905745392,628.573920947083,100,511.824413346237,596.673670278622,250.810060023495,139.667529117017,711.263421289364
"Vital","2 mo.","B1","total vitamin B1 (expressed as thiamin)","B1","primary","Control",142.069243245954,133.514533531707,150.6239529602,50,142.149431231223,32.1117650994413,143.496750215063,122.910372259052,166.082665639486
"Vital","2 mo.","B1","total vitamin B1 (expressed as thiamin)","B1","primary","BEP",158.406883809398,150.600211887354,166.213555731443,100,158.406883809398,39.8976893702416,161.349709977816,135.491815674269,182.967998751097
"Vital","2 mo.","B3","vitamin B3 ( expressed as NAM)","B3 or related","primary","Control",1093.53681832879,967.847182470359,1219.22645418721,50,1093.53681832879,456.531602404776,950.322873018636,760.227664869492,1435.69080699904
"Vital","2 mo.","B3","vitamin B3 ( expressed as NAM)","B3 or related","primary","BEP",1339.46228235784,1220.48259292542,1458.44197179026,100,1339.46228235784,608.071498039777,1225.78967211991,882.652030588635,1733.94280345234
"Vital","2 mo.","Ribo","riboflavin","B2","primary","Control",18.6196229179429,2.57174737188856,34.6674984639973,50,18.5880416283557,63.2648971261275,7.87337195164591,4.62865354716524,11.9212029777881
"Vital","2 mo.","Ribo","riboflavin","B2","primary","BEP",45.3816597081593,32.8218300461879,57.9414893701307,100,45.3144823735057,64.9876403430494,21.2322899351763,10.5587797803266,43.6979313964756
"Vital","2 mo.","Vitamin.a","Vitamin A","Micronutrient","primary","Control",0.511269880606207,0.449829229835349,0.572710531377066,50,0.511782923602767,0.253714724834719,0.44786984090622,0.333105204442968,0.67305698949744
"Vital","2 mo.","Vitamin.a","Vitamin A","Micronutrient","primary","BEP",0.62547529863019,0.562850528638006,0.688100068622373,98,0.62547529863019,0.316859017342346,0.599714852893785,0.38402785319559,0.781248860030271
"Vital","2 mo.","As","Arsenic","Micronutrient","primary","Control",0.779826084827384,0.325674687783926,1.23397748187084,49,0.779826084827384,1.63322412083134,0.0079153169011408,0,0.852760624096524
"Vital","2 mo.","As","Arsenic","Micronutrient","primary","BEP",0.222400614119076,0.0872289112289945,0.357572317009158,98,0.222622168453841,0.702942707765169,0,0,0.0236185602985122
"Vital","2 mo.","Fad","flavin adenine dinucleotide","B2","primary","Control",147.081762541074,121.549624498535,172.613900583613,50,153.007022254359,107.908380194381,124.867754886768,83.2385457246617,210.832188296131
"Vital","2 mo.","Fad","flavin adenine dinucleotide","B2","primary","BEP",186.973001064185,160.897632354049,213.048369774321,100,184.995179917246,136.927088021541,149.19407747805,101.057690749122,242.637214192835
"Vital","2 mo.","A.tocopherol","α-Tocopherol","Micronutrient","primary","Control",5.46518341017101,4.9231981428524,6.00716867748962,50,5.50946090953669,2.40395780352776,5.12011917377792,3.74020218152634,6.82537842769188
"Vital","2 mo.","A.tocopherol","α-Tocopherol","Micronutrient","primary","BEP",6.3257123669368,5.70647994653054,6.94494478734306,98,6.3257123669368,3.13309535924745,5.70783893352869,4.42270254687747,7.90594692945971
"Vital","2 mo.","Mn","Manganese","Micronutrient","primary","Control",9.09348775038537,5.76547244653253,12.4215030542382,49,8.26153773859303,13.8427282973305,5.63569475576334,4.27914690216511,7.62006538642442
"Vital","2 mo.","Mn","Manganese","Micronutrient","primary","BEP",5.75477240475694,5.18456979291444,6.32497501659945,98,5.75804384476811,2.9090530157883,4.81400124278562,3.68805787644744,7.69767561634805
"Vital","2 mo.","Tmp","thiamine monophosphate","B1","primary","Control",144.195944588069,135.006800983287,153.38508819285,50,140.688506057809,44.6710823048219,136.851150424051,115.682888870724,174.725374847935
"Vital","2 mo.","Tmp","thiamine monophosphate","B1","primary","BEP",157.235548432902,147.6167059685,166.854390897303,100,157.235548432902,49.1591798116054,157.725345600056,136.426537731559,189.213492698641
"Vital","2 mo.","Nad","nicotinamide adenine dinucleotide","B3 or related","primary","Control",1571.11156464196,1264.46128520483,1877.7618440791,50,1571.11156464196,1113.81930970821,1377.96168615164,761.853182078841,2236.61305672197
"Vital","2 mo.","Nad","nicotinamide adenine dinucleotide","B3 or related","primary","BEP",1998.64311379579,1694.95368301706,2302.33254457452,100,1998.64311379579,1552.07067688104,1502.61376656312,1000.7128211143,2639.22090157468
"Vital","2 mo.","Pl","pyridoxal","B6","primary","Control",94.5715977166214,73.3562453433477,115.786950089895,50,95.0418989956394,79.2405818414676,74.7900022950569,52.0440213768155,103.025759281319
"Vital","2 mo.","Pl","pyridoxal","B6","primary","BEP",116.728753529798,104.970200380616,128.48730667898,100,116.730737368991,60.2508144068253,106.380476716101,74.7900022950569,141.249603829466
"Vital","2 mo.","T","free thiamin","B1","primary","Control",29.662242971126,25.2243293766418,34.1001565656102,50,30.6172703217898,18.3643427869269,28.0621358617886,20.2608943026476,34.2142551404306
"Vital","2 mo.","T","free thiamin","B1","primary","BEP",34.7248807908509,31.0489626471026,38.4007989345991,100,34.7266694818452,18.8071211577568,31.9557250702803,23.0691860525435,42.5777553710754
"Vital","2 mo.","B6","vitamin B6 (expressed as PL)","B6","primary","Control",113.595081575007,91.5458805557747,135.644282594238,50,115.742414238902,92.8176335799349,92.693963198323,64.4086498270998,119.241005363023
"Vital","2 mo.","B6","vitamin B6 (expressed as PL)","B6","primary","BEP",135.830521532327,122.449756179808,149.211286884845,100,135.830521532327,68.3853023288149,123.635956515245,87.5262826433304,162.818614959874
"Vital","2 mo.","Cho","Total Carbohydrates","Macronutrient","primary","Control",6.74425791980214,6.64610146295222,6.84241437665206,50,6.75292,0.432302843584713,6.7925,6.6215,6.96275
"Vital","2 mo.","Cho","Total Carbohydrates","Macronutrient","primary","BEP",6.85387,6.72670432989462,6.98103567010538,100,6.85387,0.649907727016969,6.877,6.70375,7.03725
"Vital","2 mo.","Ca","Calcium","Micronutrient","primary","Control",295.197017210995,282.667854910297,307.726179511693,49,295.39958450674,47.6015017926027,297.698286727179,258.756811203237,323.761970500148
"Vital","2 mo.","Ca","Calcium","Micronutrient","primary","BEP",306.737394640487,294.783993121323,318.690796159652,98,304.786413286318,62.6914602820713,299.568512946087,268.829115833534,335.71902783711
"Vital","2 mo.","Fe","Iron","Micronutrient","primary","Control",443.651191628594,379.952011255673,507.350372001516,49,443.971424937442,234.213018313234,392.998978374896,286.099272649366,515.463679398037
"Vital","2 mo.","Fe","Iron","Micronutrient","primary","BEP",392.868526838996,354.90710755609,430.829946121902,98,392.868526838996,192.06680822218,344.622128110263,249.942612164313,521.619705554353
"Vital","2 mo.","Tpp","thiamine pyrophosphate","B1","primary","Control",5.40754850356534,4.37766496196183,6.43743204516884,50,5.49237434847307,3.82954382721521,4.70904805241458,2.81040696726417,6.59364596330091
"Vital","2 mo.","Tpp","thiamine pyrophosphate","B1","primary","BEP",4.52926493127847,3.78860287894323,5.26992698361372,100,4.58403939708799,4.08937766625017,4.2363690896199,1.3808096953249,6.35651355665946
"Vital","2 mo.","Na","Sodium","Micronutrient","primary","Control",231.379276015825,156.708714851869,306.04983717978,49,230.159264131115,295.509476387584,144.776908396192,109.358474499498,235.959916240209
"Vital","2 mo.","Na","Sodium","Micronutrient","primary","BEP",180.055010464898,149.996891407943,210.113129521852,98,180.055010464898,152.079851003652,129.635907745935,100.83746471642,186.629548611837
"Vital","2 mo.","Mg","Magnesium","Micronutrient","primary","Control",33.2816386306913,31.4087190941081,35.1545581672744,49,33.4877477745094,7.07643278875451,33.0481309160942,30.0136669352112,37.1275578672858
"Vital","2 mo.","Mg","Magnesium","Micronutrient","primary","BEP",32.0675558815627,30.9637897542159,33.1713220089095,98,32.032862780585,5.83816952617992,31.4121149529455,28.1296348750884,35.461347679754
"Vital","2 mo.","G.tocopherol","γ-Tocopherol","Micronutrient","primary","Control",0.879264933898869,0.696398840639936,1.0621310271578,50,0.879303880077353,0.672957461845273,0.699190949558441,0.407696151646424,1.15254527684982
"Vital","2 mo.","G.tocopherol","γ-Tocopherol","Micronutrient","primary","BEP",0.764662396685891,0.67290911973017,0.856415673641611,98,0.765472382817738,0.465580166437129,0.604712568813882,0.423814671579384,0.89863161258925
"Vital","2 mo.","Fat","Total Fat","Macronutrient","primary","Control",3.90174768579308,3.48874233005179,4.31475304153436,50,3.93796,1.55313586616738,3.364,2.84275,5.1185
"Vital","2 mo.","Fat","Total Fat","Macronutrient","primary","BEP",4.10095906377688,3.78792849040403,4.41398963714972,100,4.10452,1.61308138829153,4.081,2.86,5.16875
"Vital","2 mo.","Kcal.l","Total Energy","Macronutrient","primary","Control",663.686,621.011986607588,706.360013392412,50,663.686,155.001131016282,615.5,559.325,781.625
"Vital","2 mo.","Kcal.l","Total Energy","Macronutrient","primary","BEP",683.446,651.111032829368,715.780967170632,100,683.446,165.254860054757,676.8,569.125,783.525
"Vital","2 mo.","Pm","pyridoxamine","B6","primary","Control",1.13492092178189,0.882716435884896,1.38712540767888,50,1.11868812193501,1.16193690214827,0.653583775644962,0.54318111084007,1.24313400570308
"Vital","2 mo.","Pm","pyridoxamine","B6","primary","BEP",1.03137455321237,0.838286637605869,1.22446246881887,100,1.00572411530665,1.01245514237094,0.635919349276179,0.510060311398602,1.04440920905428
"Vital","2 mo.","Cu","Copper","Micronutrient","primary","Control",319.197326273652,296.620258712494,341.77439383481,49,319.197326273652,81.1918923041287,318.601715650078,264.660486031419,365.639447537142
"Vital","2 mo.","Cu","Copper","Micronutrient","primary","BEP",328.088889885088,311.027704419132,345.150075351043,98,325.83099601857,93.618509715961,318.496895381565,272.384841573384,384.887150816004
"Vital","2 mo.","Zn","Zinc","Micronutrient","primary","Control",1612.82368937236,1416.16568450235,1809.48169424238,49,1612.82368937236,707.223624542858,1519.39790032247,1070.00332227779,2105.2605017861
"Vital","2 mo.","Zn","Zinc","Micronutrient","primary","BEP",1681.24238644802,1548.37719350467,1814.10757939136,98,1681.24238644802,672.234969463944,1641.74711326103,1168.24639516492,2124.97367317801
"Vital","2 mo.","Pn","pyridoxine","B6","primary","Control",0.243163388457856,0.158590297858318,0.327736479057395,50,0.243157334982388,0.307289263588924,0.191915812930061,0,0.307065300688098
"Vital","2 mo.","Pn","pyridoxine","B6","primary","BEP",0.280484960597285,0.187980731426411,0.372989189768158,100,0.280484960597285,0.472762918404635,0.177522126960307,0.14153791203592,0.251889504470706
"Vital","2 mo.","P","Phosphorus","Micronutrient","primary","Control",160.075336226249,151.658286877353,168.492385575144,49,160.075336226249,30.2694830674006,161.018738878213,141.236183513313,177.756097490216
"Vital","2 mo.","P","Phosphorus","Micronutrient","primary","BEP",162.443811231488,156.470796139592,168.416826323384,98,162.443811231488,30.2206283599067,168.34339076812,145.16661684367,179.911612241806
"Vital","2 mo.","Mo","Molybdenum","Micronutrient","primary","Control",4.13647222018453,2.74755181734946,5.52539262301959,49,4.13647222018453,4.99485043664401,2.39185000212085,1.0648368327809,5.73403728802225
"Vital","2 mo.","Mo","Molybdenum","Micronutrient","primary","BEP",4.51763282689376,3.7052255460314,5.33004010775611,98,4.53800928140763,4.40526330319437,2.72665160029324,1.19375226420553,6.59109439948333
"Vital","2 mo.","Protein","Total Protein","Macronutrient","primary","Control",0.97864,0.909372485656077,1.04790751434392,50,0.97864,0.251594406349033,0.987,0.80475,1.112
"Vital","2 mo.","Protein","Total Protein","Macronutrient","primary","BEP",0.99731,0.939060439291329,1.05555956070867,100,0.99731,0.297697008701631,0.9635,0.81375,1.14775
"Vital","2 mo.","Plp","pyridoxal 5-phosphate","B6","primary","Control",27.9632113007042,20.9648291208932,34.9615934805153,50,28.6059433736177,31.8295764831619,17.5861891882639,11.331267759937,32.9654387346366
"Vital","2 mo.","Plp","pyridoxal 5-phosphate","B6","primary","BEP",26.3507822931288,20.7126034942658,31.9889610919919,100,26.3507822931288,28.815135127648,18.1985860522441,12.4848077647301,28.6555513711527
"Vital","2 mo.","K","Potassium","Micronutrient","primary","Control",553.521110626839,531.496929142264,575.545292111415,49,557.228122150267,85.0213769004219,564.897837199122,498.26213859667,613.567301777733
"Vital","2 mo.","K","Potassium","Micronutrient","primary","BEP",555.719841406267,538.452086768077,572.987596044456,98,555.058243446036,88.7696096131294,553.105720672968,497.295027452337,608.543808463018
"Vital","2 mo.","Se","Selenium","Micronutrient","primary","Control",11.690329906438,10.8015512729104,12.5791085399656,49,11.7317080208237,3.26941426828791,11.2310543938705,9.9199051386994,13.1393751427592
"Vital","2 mo.","Se","Selenium","Micronutrient","primary","BEP",11.5823758448425,10.8943553893004,12.2703963003846,98,11.5823758448425,3.48105775241765,10.9340980340116,9.40665490156275,13.3037052941079
"Vital","2 mo.","B12","vitamin B12 (expressed as cyanocobalamin)","Other B vitamins","primary","Control",292.224891818806,226.32695191819,358.122831719423,50,293.798377693283,243.03996490253,212.134727503169,182.579784537389,301.104689480355
"Vital","2 mo.","B12","vitamin B12 (expressed as cyanocobalamin)","Other B vitamins","primary","BEP",297.528584115539,258.24891042326,336.808257807818,100,298.007561470215,202.14799664685,231.550697084917,181.177122940431,299.000697084918
"Vital","2 mo.","Nam","nicotinamide","B3 or related","primary","Control",365.275328568642,273.201282250651,457.349374886634,50,368.453877368547,368.521174686614,257.048610191032,150.613645254039,446.176336399177
"Vital","2 mo.","Nam","nicotinamide","B3 or related","primary","BEP",352.532024146702,288.51108416842,416.552964124984,100,352.804849029284,350.804376842171,263.910354979986,163.772800005877,381.400615547359
"Vital","2 mo.","Trp","tryptophan","B3 or related","primary","Control",443.408637484663,389.005135932616,497.812139036709,50,443.408637484663,197.605137212444,412.31467321067,297.398786072931,558.038215415539
"Vital","2 mo.","Trp","tryptophan","B3 or related","primary","BEP",450.67951862358,396.90848819693,504.450549050231,100,450.67951862358,274.808508734992,390.875800580408,288.289839046398,538.996692137255
"Vital","2 mo.","Cr","Chromium","Micronutrient","primary","Control",6.99816407912198,5.24602641572415,8.7503017425198,49,6.99816407912197,6.30105624139379,4.94908902693749,3.53783992991764,7.32417942562953
"Vital","2 mo.","Cr","Chromium","Micronutrient","primary","BEP",6.92535073726521,4.83321964882438,9.01748182570603,98,6.92535073726521,10.5851927596438,4.20677405770398,3.03121955592909,5.41212274627587
"Elicit","1 mo.","Secretor","Maternal Secretor Status","Bioactive","secondary","Control",0.826912172416192,0.755545439407168,0.898278905425217,99,0.828282828282828,0.379053710060048,1,1,1
"Elicit","1 mo.","Secretor","Maternal Secretor Status","Bioactive","secondary","Nico",0.791423627813159,0.713580503643268,0.869266751983049,101,0.792079207920792,0.407843883935221,1,1,1
"Elicit","1 mo.","X2.fl_nmol.ml","2’-fucosyllactose","Individual HMO containing Fucose","secondary","Control",4155.04740969386,3573.91587539337,4736.17894399435,99,4155.04740969386,2957.74036688353,4204.44695770392,1536.26610989399,5998.57945852093
"Elicit","1 mo.","X2.fl_nmol.ml","2’-fucosyllactose","Individual HMO containing Fucose","secondary","Nico",3926.33953518049,3363.54111455137,4489.13795580961,101,3926.33953518049,2892.92845434151,3843.69961967961,1758.93163970494,5787.33271804387
"Elicit","1 mo.","X3fl_nmol.ml","3-fucosyllactose","Individual HMO containing Fucose","secondary","Control",294.880390416303,254.647471082189,335.113309750417,99,297.432771658403,215.28910962406,243.523586240145,158.325600057267,378.389499389663
"Elicit","1 mo.","X3fl_nmol.ml","3-fucosyllactose","Individual HMO containing Fucose","secondary","Nico",327.897523204136,268.539652265443,387.255394142829,101,327.940848778432,308.515804001041,225.862389590935,119.819902183408,427.86924033929
"Elicit","1 mo.","Dflac_nmol.ml","Difucosyllactose","Individual HMO containing Fucose","secondary","Control",357.45406201023,297.043067993595,417.865056026866,99,362.86649571839,322.220012403727,292.232699240606,134.772889548375,507.668067851594
"Elicit","1 mo.","Dflac_nmol.ml","Difucosyllactose","Individual HMO containing Fucose","secondary","Nico",310.199648838992,258.355034392541,362.044263285443,101,311.003288469619,279.147764549745,244.099348641516,108.958760586362,463.022893071359
"Elicit","1 mo.","X3.sl_nmol.ml","3’-sialyllactose","Individual HMO containing Sialic Acid","secondary","Control",332.282397112027,306.957530870747,357.607263353307,99,332.387272326158,133.165226018416,302.242984451856,241.041905060436,381.372432971184
"Elicit","1 mo.","X3.sl_nmol.ml","3’-sialyllactose","Individual HMO containing Sialic Acid","secondary","Nico",301.093263127365,279.582552434014,322.603973820716,101,301.093263127365,110.570578660013,297.135979121163,209.665989211169,374.918145411039
"Elicit","1 mo.","X6.sl_nmol.ml","6’-sialyllactose","Individual HMO containing Sialic Acid","secondary","Control",806.84753554967,743.424936032945,870.270135066394,99,812.217412402984,340.252398355884,756.657215434756,587.02986196402,1020.7883719227
"Elicit","1 mo.","X6.sl_nmol.ml","6’-sialyllactose","Individual HMO containing Sialic Acid","secondary","Nico",781.029110545801,718.616234475285,843.441986616317,101,776.541918002399,353.920482456035,662.56961040631,548.532081450655,976.569769219981
"Elicit","1 mo.","Lnt_nmol.ml","Lacto-N-tetrose","Other individual HMO","secondary","Control",2493.36463168196,2192.39162216519,2794.33764119873,99,2486.68489734296,1533.85624092416,2129.22150695625,1440.20025690683,2976.58270638003
"Elicit","1 mo.","Lnt_nmol.ml","Lacto-N-tetrose","Other individual HMO","secondary","Nico",2437.32655048878,2242.58297036766,2632.0701306099,101,2446.25499297201,1042.21354014107,2284.94240969253,1798.03269023206,2964.39312130021
"Elicit","1 mo.","Lnnt_nmol.ml","Lacto-N-neotetraose","Other individual HMO","secondary","Control",1477.66503690141,1279.48292460124,1675.84714920157,99,1476.45761131934,1016.89785733409,1165.56814988676,789.609093045378,1882.77472835098
"Elicit","1 mo.","Lnnt_nmol.ml","Lacto-N-neotetraose","Other individual HMO","secondary","Nico",1430.94796515894,1245.55497409606,1616.34095622181,101,1431.42233668822,961.837258579439,1176.06788364549,798.695546735952,1922.33996691894
"Elicit","1 mo.","Lnfp.i_nmol.ml","Lacto-N-fucopentaose I","Individual HMO containing Fucose","secondary","Control",939.998197814861,784.901074421799,1095.09532120792,99,939.998197814861,789.385871478066,749.944587584572,341.684308357084,1334.5342073427
"Elicit","1 mo.","Lnfp.i_nmol.ml","Lacto-N-fucopentaose I","Individual HMO containing Fucose","secondary","Nico",1077.20554309343,896.484903012768,1257.9261831741,101,1077.20554309343,928.950513741226,786.184590645252,325.023976636747,1445.31940510614
"Elicit","1 mo.","Lnfp.ii_nmol.ml","Lacto-N-fucopentaose II","Individual HMO containing Fucose","secondary","Control",1521.33354110122,1352.95475111393,1689.71233108851,99,1522.26679067862,867.571004380264,1446.83624256187,915.999633569783,2006.39822772468
"Elicit","1 mo.","Lnfp.ii_nmol.ml","Lacto-N-fucopentaose II","Individual HMO containing Fucose","secondary","Nico",1637.51063808931,1433.56149739,1841.45977878862,101,1637.8000805779,1065.67287505091,1364.5960654086,919.63603978118,2096.49874631436
"Elicit","1 mo.","Lnfp.iii_nmol.ml","Lacto-N-fucopentaose III","Individual HMO containing Fucose","secondary","Control",27.2983579393712,24.049053365445,30.5476625132975,99,26.9831572608148,20.6848246842667,22.0921849056587,12.6538372093835,34.0361984147979
"Elicit","1 mo.","Lnfp.iii_nmol.ml","Lacto-N-fucopentaose III","Individual HMO containing Fucose","secondary","Nico",24.8864385118596,22.0137787940613,27.7590982296579,101,24.8451067374416,14.9329561292287,21.5848624652514,13.7887024074071,31.2420577695476
"Elicit","1 mo.","Lstb_nmol.ml","Sialyl-lacto-N-tetraose b","Individual HMO containing Sialic Acid","secondary","Control",134.346907664142,120.5561764788,148.137638849483,99,134.120902445134,72.7877601932255,113.647474686556,83.3107688607015,183.527857026565
"Elicit","1 mo.","Lstb_nmol.ml","Sialyl-lacto-N-tetraose b","Individual HMO containing Sialic Acid","secondary","Nico",132.094231394985,123.564812409727,140.623650380243,101,132.249502858366,55.4771173894416,119.831659253812,90.286667619444,162.556645349949
"Elicit","1 mo.","Lstc_nmol.ml","Sialyl-lacto-N-tetraose c","Individual HMO containing Sialic Acid","secondary","Control",247.315255687211,222.303589579884,272.326921794537,99,247.315255687211,127.299948672894,232.496723712498,166.406735147792,304.058412217689
"Elicit","1 mo.","Lstc_nmol.ml","Sialyl-lacto-N-tetraose c","Individual HMO containing Sialic Acid","secondary","Nico",218.543811374215,198.05331865216,239.034304096271,101,218.543811374215,105.326396212786,192.638322327399,144.104937091917,276.866917835903
"Elicit","1 mo.","Dflnt_nmol.ml","Difucosyllacto-N-tetrose","Individual HMO containing Fucose","secondary","Control",1086.72945450108,946.432617245669,1227.02629175649,99,1086.96642473445,715.36636464999,1084.52359037123,526.276562434962,1501.326046077
"Elicit","1 mo.","Dflnt_nmol.ml","Difucosyllacto-N-tetrose","Individual HMO containing Fucose","secondary","Nico",1010.81276287278,886.745452786715,1134.88007295884,101,1010.91218743527,639.02912366434,1082.20412626961,583.395304014153,1414.34946481877
"Elicit","1 mo.","Lnh_nmol.ml","Lacto-N-hexaose","Other individual HMO","secondary","Control",195.73281398019,170.69117312411,220.774454836269,99,195.670209314208,132.566907170174,158.507139960699,112.251936454148,240.198677449915
"Elicit","1 mo.","Lnh_nmol.ml","Lacto-N-hexaose","Other individual HMO","secondary","Nico",188.501138878469,164.094905972399,212.90737178454,101,188.627163517262,127.345746152199,146.436269596843,111.507369770646,249.401834527374
"Elicit","1 mo.","Flnh_nmol.ml","Fucosyllacto-N-hexaose","Individual HMO containing Fucose","secondary","Control",405.177597383855,374.496761869005,435.858432898706,99,405.56263329045,165.304128831042,406.062822369719,293.490524006163,468.210444844917
"Elicit","1 mo.","Flnh_nmol.ml","Fucosyllacto-N-hexaose","Individual HMO containing Fucose","secondary","Nico",431.762443869131,397.852359438906,465.672528299356,101,432.135897691898,201.106799156004,409.925346424441,283.978268841497,579.327556767543
"Elicit","1 mo.","Fdslnh_nmol.ml","Fucodisialyllacto-Nhexaose","Individual HMO containing Fucose","secondary","Control",334.676537537449,293.617719400538,375.735355674359,99,337.676454716111,226.376882831688,305.825180482842,175.574000592279,423.562545447278
"Elicit","1 mo.","Fdslnh_nmol.ml","Fucodisialyllacto-Nhexaose","Individual HMO containing Fucose","secondary","Nico",354.961807464366,300.124683409115,409.798931519616,101,354.745851147528,288.41152549392,265.588770056274,152.61148556145,470.461607603235
"Elicit","1 mo.","Dslnh_nmol.ml","Disialyllacto-N-hexaose","Individual HMO containing Sialic Acid","secondary","Control",262.244613665018,239.411692809764,285.077534520272,99,263.3785036489,118.561488518808,264.26742455502,169.234532181625,335.436697982862
"Elicit","1 mo.","Dslnh_nmol.ml","Disialyllacto-N-hexaose","Individual HMO containing Sialic Acid","secondary","Nico",250.497285053908,228.674139044819,272.320431062996,101,250.030293176835,114.303568976529,224.458702616672,173.219048144531,327.790531274496
"Elicit","1 mo.","Sum_nmol.ml","Total sum of HMO concentrations","Bioactive","secondary","Control",15384.2112189632,14669.0356881486,16099.3867497778,99,15402.9319218076,3866.17978551292,16103.7724262479,12680.1902425409,18216.4226395462
"Elicit","1 mo.","Sum_nmol.ml","Total sum of HMO concentrations","Bioactive","secondary","Nico",15173.8985897858,14434.0807643888,15913.7164151829,101,15171.2442235582,3822.41641614268,15221.9602387657,12714.5101623919,18232.2128027311
"Elicit","1 mo.","Sia_nmol.ml","HMO-bound Sialic Acid","Bioactive","secondary","Control",3172.63666999681,2990.38716433033,3354.8861756633,99,3190.107967063,961.331406240511,3115.71004678487,2466.65618280422,3848.18272900958
"Elicit","1 mo.","Sia_nmol.ml","HMO-bound Sialic Acid","Bioactive","secondary","Nico",3103.52208551383,2900.84135449902,3306.20281652863,101,3102.97028760721,1046.05980805837,3006.46581755142,2367.19268522929,3819.72770478192
"Elicit","1 mo.","X2.fl_pct","2’-fucosyllactose","Individual HMO containing Fucose","secondary","Control",25.0817237465641,21.9478606950772,28.2155867980509,99,25.1050317215689,16.1391803171583,26.4666519963763,13.5558995877854,35.1625770719399
"Elicit","1 mo.","X2.fl_pct","2’-fucosyllactose","Individual HMO containing Fucose","secondary","Nico",23.7724931889953,20.8100471940455,26.7349391839451,101,23.7724931889953,15.2277334105881,26.8043573276393,12.5604378768947,34.1285507121555
"Elicit","1 mo.","X3fl_pct","3-fucosyllactose","Individual HMO containing Fucose","secondary","Control",2.26117234286006,1.81594879257303,2.70639589314708,99,2.27205193403531,2.34638219876904,1.67738026176298,0.824025894051185,3.01888198872115
"Elicit","1 mo.","X3fl_pct","3-fucosyllactose","Individual HMO containing Fucose","secondary","Nico",2.46286087001336,1.9616622390816,2.96405950094511,101,2.46286087001336,2.57628971147199,1.60357033335651,0.825737425618717,2.84614648373154
"Elicit","1 mo.","Dflac_pct","Difucosyllactose","Individual HMO containing Fucose","secondary","Control",2.19180829917337,1.88263412458531,2.50098247376143,99,2.22877793851205,1.79335075953866,1.8748852411593,0.856914255190567,3.25046753343545
"Elicit","1 mo.","Dflac_pct","Difucosyllactose","Individual HMO containing Fucose","secondary","Nico",2.00371821943304,1.68859123474439,2.31884520412168,101,2.00181234197015,1.73437584625573,1.63010558279905,0.667047215200945,2.95167728781357
"Elicit","1 mo.","X3.sl_pct","3’-sialyllactose","Individual HMO containing Sialic Acid","secondary","Control",2.24167052871127,2.08309592033965,2.40024513708289,99,2.24350939605741,0.86707075601287,2.08587734833631,1.67049810324544,2.70706674038525
"Elicit","1 mo.","X3.sl_pct","3’-sialyllactose","Individual HMO containing Sialic Acid","secondary","Nico",2.08737881244877,1.91756436751307,2.25719325738447,101,2.08938967243873,0.927850435249137,1.9044715175937,1.42254436359925,2.5899681097751
"Elicit","1 mo.","X6.sl_pct","6’-sialyllactose","Individual HMO containing Sialic Acid","secondary","Control",5.45670334794948,5.01963940778284,5.89376728811612,99,5.48014644964969,2.32663553326459,5.04901124248666,3.68745986767996,6.89740096192568
"Elicit","1 mo.","X6.sl_pct","6’-sialyllactose","Individual HMO containing Sialic Acid","secondary","Nico",5.31676759792247,4.84762697743964,5.78590821840531,101,5.31077151816318,2.45053505534126,4.7380966372327,3.71414040996492,6.38571321252714
"Elicit","1 mo.","Lnnt_pct","Lacto-N-neotetraose","Other individual HMO","secondary","Control",9.53794252553434,8.51167545102402,10.5642096000447,99,9.43522082548364,5.64378064511787,7.48835682053898,5.37633768587131,12.3381621252818
"Elicit","1 mo.","Lnnt_pct","Lacto-N-neotetraose","Other individual HMO","secondary","Nico",9.14504869681816,8.10818603083311,10.1819113628032,101,9.18122083030545,5.5013236025467,8.60353336031725,5.34079819550678,12.1578122718532
"Elicit","1 mo.","Lnfp.i_pct","Lacto-N-fucopentaose I","Individual HMO containing Fucose","secondary","Control",5.57277584526498,4.87155739242297,6.27399429810699,99,5.55805239349419,3.79089307451361,4.82378363231935,2.52517169702773,7.31891345472743
"Elicit","1 mo.","Lnfp.i_pct","Lacto-N-fucopentaose I","Individual HMO containing Fucose","secondary","Nico",6.43144669088007,5.56465230858153,7.29824107317861,101,6.40877631996216,4.54804729954352,5.39491222041117,2.67865047806028,8.96813840003894
"Elicit","1 mo.","Lnfp.ii_pct","Lacto-N-fucopentaose II","Individual HMO containing Fucose","secondary","Control",10.7754397609421,9.41539762497989,12.1354818969044,99,10.7914843654859,7.03345111052225,9.30672301387394,5.90772584981574,14.2540713125931
"Elicit","1 mo.","Lnfp.ii_pct","Lacto-N-fucopentaose II","Individual HMO containing Fucose","secondary","Nico",11.7524868850449,10.1407724874812,13.3642012826086,101,11.7551146360661,8.40239518626199,9.51135812199407,5.88858318824765,15.2073708365949
"Elicit","1 mo.","Lnfp.iii_pct","Lacto-N-fucopentaose III","Individual HMO containing Fucose","secondary","Control",0.173812887580671,0.152542519619734,0.195083255541608,99,0.172739301039798,0.124059686009521,0.14238733967279,0.0949475720875399,0.218464424365705
"Elicit","1 mo.","Lnfp.iii_pct","Lacto-N-fucopentaose III","Individual HMO containing Fucose","secondary","Nico",0.163379679401752,0.146972436761705,0.179786922041799,101,0.16333178902778,0.0844989476969522,0.145862113789159,0.0954482272093364,0.204057336667312
"Elicit","1 mo.","Lstc_pct","Sialyl-lacto-N-tetraose c","Individual HMO containing Sialic Acid","secondary","Control",1.57826128050744,1.45860265050498,1.6979199105099,99,1.58029806290829,0.664992890003711,1.52339964211997,1.20621016443595,1.84645838071465
"Elicit","1 mo.","Lstc_pct","Sialyl-lacto-N-tetraose c","Individual HMO containing Sialic Acid","secondary","Nico",1.41919590189616,1.31933910268906,1.51905270110326,101,1.41956755786908,0.531097116026101,1.31390287660699,0.973155965349991,1.8210099669052
"Elicit","1 mo.","Dflnt_pct","Difucosyllacto-N-tetrose","Individual HMO containing Fucose","secondary","Control",6.69485030126019,5.99206666598011,7.39763393654028,99,6.74293374836081,3.69610935390031,7.18038519370692,4.68958514773005,9.00585787997538
"Elicit","1 mo.","Dflnt_pct","Difucosyllacto-N-tetrose","Individual HMO containing Fucose","secondary","Nico",6.56403591289427,5.88267671871427,7.24539510707427,101,6.5772661378558,3.59742570314126,7.23235867343361,4.6698798058638,8.92722072631053
"Elicit","1 mo.","Dslnt_pct","Disialyllacto-N-tetraose","Individual HMO containing Sialic Acid","secondary","Control",1.50339319524676,1.36868083403328,1.63810555646024,99,1.49925190696292,0.795560807759433,1.40834808644733,0.980000277740556,1.84063060113003
"Elicit","1 mo.","Dslnt_pct","Disialyllacto-N-tetraose","Individual HMO containing Sialic Acid","secondary","Nico",1.55355193337914,1.45037955117021,1.65672431558806,101,1.55290913323634,0.554421236300673,1.53598759365406,1.11125157151882,1.8423142398946
"Elicit","1 mo.","Flnh_pct","Fucosyllacto-N-hexaose","Individual HMO containing Fucose","secondary","Control",2.90519522646591,2.5384368583167,3.27195359461513,99,2.90519522646591,1.86666179055832,2.55466125158687,1.866967432869,3.41000646239234
"Elicit","1 mo.","Flnh_pct","Fucosyllacto-N-hexaose","Individual HMO containing Fucose","secondary","Nico",3.13666430291916,2.76842394484686,3.50490466099147,101,3.15467797547011,2.21559836577567,2.66229705000892,1.77401242758613,3.84234632653572
"Elicit","1 mo.","Dflnh_pct","Difucosyllacto-N-hexaose","Individual HMO containing Fucose","secondary","Control",0.608160085519704,0.511677771602603,0.704642399436805,99,0.6100924987709,0.508055510404695,0.460594861322001,0.243405987094139,0.81256558122029
"Elicit","1 mo.","Dflnh_pct","Difucosyllacto-N-hexaose","Individual HMO containing Fucose","secondary","Nico",0.63765701936047,0.537257016097392,0.738057022623548,101,0.637756285905021,0.529028855024248,0.440790418379454,0.248964266805954,0.881641868906329
"Elicit","1 mo.","Fdslnh_pct","Fucodisialyllacto-Nhexaose","Individual HMO containing Fucose","secondary","Control",2.53988515080931,2.12687640645362,2.952893895165,99,2.60095880862606,2.43946605049791,1.8764189604003,1.04267114620217,3.30476845572442
"Elicit","1 mo.","Fdslnh_pct","Fucodisialyllacto-Nhexaose","Individual HMO containing Fucose","secondary","Nico",2.66939043580162,2.21035747861764,3.12842339298561,101,2.66574960678112,2.47183146189604,2.08741383026562,0.937481163367161,3.43830060863336
"Elicit","1 mo.","Dslnh_pct","Disialyllacto-N-hexaose","Individual HMO containing Sialic Acid","secondary","Control",1.78922668748613,1.62390375613958,1.95454961883268,99,1.79702106727555,0.880661208317948,1.69633152732554,1.22220691889637,2.23729003596214
"Elicit","1 mo.","Dslnh_pct","Disialyllacto-N-hexaose","Individual HMO containing Sialic Acid","secondary","Nico",1.72909184186278,1.58795174726437,1.87023193646118,101,1.71309860615161,0.762810288073876,1.62471252153756,1.19487040534172,2.15031138790594
"Elicit","1 mo.","Fgf.21","FGF-21","Bioactive","secondary","Control",18.1723772247267,11.7950751483754,24.5496793010779,98,18.1723772247267,32.2949906653375,9.48864932051379,3.75571663911337,20.0963431344015
"Elicit","1 mo.","Fgf.21","FGF-21","Bioactive","secondary","Nico",14.4505229346219,10.8831415613849,18.0179043078589,101,14.2000038101612,20.3637300618274,6.47036251254382,1.72249796599132,15.9540782463168
"Elicit","1 mo.","Insulin","Insulin","Bioactive","secondary","Control",57.4118841964687,51.5915092276596,63.2322591652777,99,57.3921241599916,30.235881531019,49.3776589678693,34.9505355048476,71.4062841706109
"Elicit","1 mo.","Insulin","Insulin","Bioactive","secondary","Nico",82.907458047808,55.1007085773415,110.714207518275,101,82.7161006665154,142.995765924208,56.6830461343821,41.6804496970125,80.6069505975918
"Elicit","1 mo.","Leptin","Leptin","Bioactive","secondary","Control",254.833260851448,181.799287463946,327.867234238951,99,254.51770249531,378.159856708799,118.521352467823,46.2009728014253,321.242525688492
"Elicit","1 mo.","Leptin","Leptin","Bioactive","secondary","Nico",235.748847777309,173.378029318598,298.119666236021,101,234.317399526203,322.765328960005,134.26614682856,53.3967479860654,263.358774188408
"Elicit","1 mo.","Dslnt_nmol.ml","Disialyllacto-N-tetraose","Individual HMO containing Sialic Acid","secondary","Control",230.899475301839,208.588574285899,253.21037631778,99,230.978603735747,125.798356387989,217.209835557093,144.393355334169,294.957800855632
"Elicit","1 mo.","Dslnt_nmol.ml","Disialyllacto-N-tetraose","Individual HMO containing Sialic Acid","secondary","Nico",231.710947371547,214.464004488565,248.957890254529,101,232.494751798067,96.3807852183108,220.780339503327,155.256819654984,292.005103919433
"Elicit","1 mo.","Dflnh_nmol.ml","Difucosyllacto-N-hexaose","Individual HMO containing Fucose","secondary","Control",88.8794196848018,74.5886480379447,103.170191331659,99,88.9209180190378,73.8048588956082,71.1654342679546,37.5433460714833,117.693308775377
"Elicit","1 mo.","Dflnh_nmol.ml","Difucosyllacto-N-hexaose","Individual HMO containing Fucose","secondary","Nico",91.0619017848654,76.6203860023383,105.503417567393,101,91.0578509314713,74.8650852496911,66.5740256210464,42.1649676985501,117.266234869844
"Elicit","1 mo.","Fuc_nmol.ml","HMO-bound Fucose","Bioactive","secondary","Control",10678.1912498368,9925.4808832606,11430.9016164131,99,10762.4750920569,4024.21688456688,11478.9941176769,7971.49712339229,13570.7552341588
"Elicit","1 mo.","Fuc_nmol.ml","HMO-bound Fucose","Bioactive","secondary","Nico",10607.931693097,9920.94944261532,11294.9139435787,101,10606.9595168798,3543.48398767381,10836.5683969613,8150.15975869686,13042.3373070065
"Elicit","1 mo.","Lnt_pct","Lacto-N-tetrose","Other individual HMO","secondary","Control",16.8392877747444,14.7789396960876,18.8996358534013,99,16.7857869523411,10.6009969532527,14.4633964415054,10.2514868864239,19.8420688866145
"Elicit","1 mo.","Lnt_pct","Lacto-N-tetrose","Other individual HMO","secondary","Nico",16.8166504360684,15.3741807028105,18.2591201693263,101,16.9323072983331,8.33874179052213,14.4654896577523,10.7756953154569,20.6804374819685
"Elicit","1 mo.","Lstb_pct","Sialyl-lacto-N-tetraose b","Individual HMO containing Sialic Acid","secondary","Control",0.896844373980665,0.803755219771985,0.989933528189344,99,0.896361729185904,0.49306458571051,0.792506799517561,0.525419529278668,1.1357678400099
"Elicit","1 mo.","Lstb_pct","Sialyl-lacto-N-tetraose b","Individual HMO containing Sialic Acid","secondary","Nico",0.901776813788036,0.837952113139824,0.965601514436247,101,0.906767564180667,0.394616321055539,0.794245175070466,0.649931123476955,1.13950816168577
"Elicit","1 mo.","Lnh_pct","Lacto-N-hexaose","Other individual HMO","secondary","Control",1.28747917409345,1.12737989710706,1.44757845107984,99,1.29508567377566,0.862690355197915,1.19810738688859,0.77981698789219,1.5890529894461
"Elicit","1 mo.","Lnh_pct","Lacto-N-hexaose","Other individual HMO","secondary","Nico",1.29362493362486,1.11534024502213,1.4719096222276,101,1.29412866727493,0.918274577354501,1.08136829519618,0.712036202649992,1.62722999451456
"Elicit","1 mo.","Calprotectin","Calprotectin (S100A8/A9)","Bioactive","secondary","Control",1774536.44288872,1161834.62911967,2387238.25665776,99,1769503.13754195,3166650.5209714,246906.560250036,83396.6626311211,1527381.52411172
"Elicit","1 mo.","Calprotectin","Calprotectin (S100A8/A9)","Bioactive","secondary","Nico",2430137.11621215,1373636.86491422,3486637.36751008,101,2453860.40089499,5637430.185415,327762.982934187,81069.6968344903,1885944.47146752
"Elicit","1 mo.","Iga","Secretory IgA","Bioactive","secondary","Control",715522546.984703,653175738.259412,777869355.709993,99,711013755.148748,323962458.989111,674835797.05414,505390365.058924,831768132.024412
"Elicit","1 mo.","Iga","Secretory IgA","Bioactive","secondary","Nico",683745070.627349,634127190.091784,733362951.162913,101,683655825.274596,257042938.217292,613317361.699809,523338870.095301,806752417.969241
"Elicit","5 mo.","Secretor","Maternal Secretor Status","Bioactive","secondary","Control",0.78655547505974,0.708114372050254,0.864996578069226,99,0.787878787878788,0.410890701806659,1,1,1
"Elicit","5 mo.","Secretor","Maternal Secretor Status","Bioactive","secondary","Nico",0.779931081488132,0.699928469234009,0.859933693742255,100,0.78,0.416333199893227,1,1,1
"Elicit","5 mo.","X2.fl_nmol.ml","2’-fucosyllactose","Individual HMO containing Fucose","secondary","Control",2997.3519910709,2527.7560511555,3466.94793098631,99,2997.3519910709,2390.03607412044,2699.54061757378,1569.06081576536,4078.46325933819
"Elicit","5 mo.","X2.fl_nmol.ml","2’-fucosyllactose","Individual HMO containing Fucose","secondary","Nico",3006.72259855436,2503.49151984673,3509.95367726198,100,3006.72259855436,2573.99573624309,2610.96156243694,1354.85042480615,4147.99409947347
"Elicit","5 mo.","X3fl_nmol.ml","3-fucosyllactose","Individual HMO containing Fucose","secondary","Control",539.749423779603,491.114032927973,588.384814631234,99,546.140316367563,313.126006243825,499.276699397286,354.622919256733,750.198021502966
"Elicit","5 mo.","X3fl_nmol.ml","3-fucosyllactose","Individual HMO containing Fucose","secondary","Nico",562.761034754782,494.204986892115,631.317082617449,100,563.007538146445,354.076225059345,471.803227798941,336.062129560752,768.230288368085
"Elicit","5 mo.","Dflac_nmol.ml","Difucosyllactose","Individual HMO containing Fucose","secondary","Control",382.242873002114,329.250847798138,435.23489820609,99,384.854986205339,287.551940305848,374.903772350474,143.911443856165,542.02701992005
"Elicit","5 mo.","Dflac_nmol.ml","Difucosyllactose","Individual HMO containing Fucose","secondary","Nico",348.366088172544,289.16888662155,407.563289723538,100,348.737685445676,309.73128900911,325.092183825665,106.718388215046,468.500245579684
"Elicit","5 mo.","X3.sl_nmol.ml","3’-sialyllactose","Individual HMO containing Sialic Acid","secondary","Control",236.002259681017,216.470963326052,255.533556035983,99,235.886968447423,102.500673710617,212.40013387721,167.085451246032,285.503200557934
"Elicit","5 mo.","X3.sl_nmol.ml","3’-sialyllactose","Individual HMO containing Sialic Acid","secondary","Nico",260.653116791497,231.415308387078,289.890925195917,100,261.202554512459,164.382307253189,224.943618002594,163.897988931294,305.23401510294
"Elicit","5 mo.","X6.sl_nmol.ml","6’-sialyllactose","Individual HMO containing Sialic Acid","secondary","Control",128.833248644265,112.532354009425,145.134143279105,99,130.453895531656,89.216659191847,104.351026771009,75.3552597045552,149.567432952841
"Elicit","5 mo.","X6.sl_nmol.ml","6’-sialyllactose","Individual HMO containing Sialic Acid","secondary","Nico",138.662096324367,108.597993206468,168.726199442266,100,139.239380015767,164.57453790351,108.624993570809,76.7513515543494,160.236171534973
"Elicit","5 mo.","Lnt_nmol.ml","Lacto-N-tetrose","Other individual HMO","secondary","Control",1021.14738822909,890.781851702206,1151.51292475597,99,1019.17398073203,674.457878992947,824.373796732506,521.50597525142,1328.08467526717
"Elicit","5 mo.","Lnt_nmol.ml","Lacto-N-tetrose","Other individual HMO","secondary","Nico",1025.27476087639,915.390643009997,1135.15887874278,100,1024.5458018173,578.46501544103,883.255318704057,629.861582183567,1262.17403269911
"Elicit","5 mo.","Lnnt_nmol.ml","Lacto-N-neotetraose","Other individual HMO","secondary","Control",726.540129500002,594.421997583597,858.658261416407,99,725.851524701167,703.547200619698,456.101589808257,286.957998907757,964.514271453005
"Elicit","5 mo.","Lnnt_nmol.ml","Lacto-N-neotetraose","Other individual HMO","secondary","Nico",754.413851961371,611.123118112301,897.704585810441,100,762.724800434351,771.002538340532,529.052995243763,295.27255284814,1003.65162003785
"Elicit","5 mo.","Lnfp.i_nmol.ml","Lacto-N-fucopentaose I","Individual HMO containing Fucose","secondary","Control",320.122799472756,261.107076552057,379.138522393455,99,320.90419811533,316.525735132545,241.425154030434,118.861534035242,394.687959935484
"Elicit","5 mo.","Lnfp.i_nmol.ml","Lacto-N-fucopentaose I","Individual HMO containing Fucose","secondary","Nico",399.957514837284,303.588331814653,496.326697859914,100,395.350017118022,503.811801639169,227.445942989722,125.315463112983,419.045559379587
"Elicit","5 mo.","Lnfp.ii_nmol.ml","Lacto-N-fucopentaose II","Individual HMO containing Fucose","secondary","Control",1171.92720015724,1035.45107421533,1308.40332609914,99,1172.70323391086,707.979332819874,1079.67622243038,672.574876776155,1467.50191055668
"Elicit","5 mo.","Lnfp.ii_nmol.ml","Lacto-N-fucopentaose II","Individual HMO containing Fucose","secondary","Nico",1213.56551454921,1099.20870065867,1327.92232843975,100,1215.13445858493,599.214391607103,1140.54209478102,845.862559771926,1458.9944372888
"Elicit","5 mo.","Lnfp.iii_nmol.ml","Lacto-N-fucopentaose III","Individual HMO containing Fucose","secondary","Control",9.97906100303628,8.62087780620152,11.337244199871,99,9.98517643838174,7.07280035474593,8.18788436563925,4.92289159453749,13.8338395987625
"Elicit","5 mo.","Lnfp.iii_nmol.ml","Lacto-N-fucopentaose III","Individual HMO containing Fucose","secondary","Nico",10.3453606067035,8.75555730072328,11.9351639126838,100,10.3282618025181,8.19059310594705,8.41269202929466,5.38960248681637,12.6802281694687
"Elicit","5 mo.","Lstb_nmol.ml","Sialyl-lacto-N-tetraose b","Individual HMO containing Sialic Acid","secondary","Control",66.4249819734538,58.2632857180994,74.5866782288082,99,66.4491080048643,41.9452651785453,53.5454883486218,35.250557586315,83.3545436713874
"Elicit","5 mo.","Lstb_nmol.ml","Sialyl-lacto-N-tetraose b","Individual HMO containing Sialic Acid","secondary","Nico",65.1448678039469,58.6838396705922,71.6058959373016,100,65.215470692365,35.2938278521901,51.6721167659481,40.2136223924384,78.2164978738726
"Elicit","5 mo.","Lstc_nmol.ml","Sialyl-lacto-N-tetraose c","Individual HMO containing Sialic Acid","secondary","Control",34.7168565299935,29.1609696777096,40.2727433822774,99,34.7128910765279,28.8580035908284,25.533907683295,14.5999878692769,44.6569984432648
"Elicit","5 mo.","Lstc_nmol.ml","Sialyl-lacto-N-tetraose c","Individual HMO containing Sialic Acid","secondary","Nico",34.7082360263148,29.7984804666868,39.6179915859428,100,34.6412903220342,25.3463294839719,30.7251731512292,17.1104060158034,41.7591560610288
"Elicit","5 mo.","Dflnt_nmol.ml","Difucosyllacto-N-tetrose","Individual HMO containing Fucose","secondary","Control",569.774261340885,494.873846619552,644.674676062218,99,573.941431234826,398.887601677151,569.976270297709,258.300102069449,791.560761662516
"Elicit","5 mo.","Dflnt_nmol.ml","Difucosyllacto-N-tetrose","Individual HMO containing Fucose","secondary","Nico",525.709581125242,468.163034882632,583.256127367853,100,527.081111175877,341.122134935861,550.56413801729,283.621006559305,706.179495782146
"Elicit","5 mo.","Lnh_nmol.ml","Lacto-N-hexaose","Other individual HMO","secondary","Control",58.2505659485526,48.6493530068971,67.8517788902082,99,58.1683112304255,49.4119602515426,43.5839652984375,31.3291387112767,63.0255758619413
"Elicit","5 mo.","Lnh_nmol.ml","Lacto-N-hexaose","Other individual HMO","secondary","Nico",56.1803665013398,47.3184667029997,65.04226629968,100,57.0146376197347,47.5214727306796,46.088634527538,28.839998681025,66.8824910455802
"Elicit","5 mo.","Dslnt_nmol.ml","Disialyllacto-N-tetraose","Individual HMO containing Sialic Acid","secondary","Control",93.4274130909968,83.929856972365,102.924969209629,99,93.4820813102676,50.2575389394969,81.920096487643,54.6205062995579,117.633716072833
"Elicit","5 mo.","Dslnt_nmol.ml","Disialyllacto-N-tetraose","Individual HMO containing Sialic Acid","secondary","Nico",98.1505634097137,88.484982718107,107.81614410132,100,98.0195773434987,50.4045316492184,85.3305889697087,58.8755257486626,124.966425415743
"Elicit","5 mo.","Flnh_nmol.ml","Fucosyllacto-N-hexaose","Individual HMO containing Fucose","secondary","Control",92.9188951011862,82.1686835056965,103.669106696676,99,93.1884732102236,62.9535611695219,80.559544152989,50.0776885771587,119.020523434705
"Elicit","5 mo.","Flnh_nmol.ml","Fucosyllacto-N-hexaose","Individual HMO containing Fucose","secondary","Nico",93.9011434388083,81.1213356326477,106.680951244969,100,93.7512484771218,67.596557766506,77.2251330934092,44.4330858929434,120.598968424712
"Elicit","5 mo.","Dflnh_nmol.ml","Difucosyllacto-N-hexaose","Individual HMO containing Fucose","secondary","Control",49.7699935110769,41.8706137340336,57.6693732881202,99,49.8799640805671,41.6416545100264,41.6661143242752,17.9767724985401,69.5332730671315
"Elicit","5 mo.","Dflnh_nmol.ml","Difucosyllacto-N-hexaose","Individual HMO containing Fucose","secondary","Nico",50.1613967417611,43.1666186282844,57.1561748552378,100,50.6046072868111,38.5485645053201,37.4133261052386,25.7906732659814,62.5076391082874
"Elicit","5 mo.","Fdslnh_nmol.ml","Fucodisialyllacto-Nhexaose","Individual HMO containing Fucose","secondary","Control",191.408884669063,164.970479095895,217.847290242231,99,191.620680166874,137.021680239249,170.604561249702,103.815611788155,232.435461379223
"Elicit","5 mo.","Fdslnh_nmol.ml","Fucodisialyllacto-Nhexaose","Individual HMO containing Fucose","secondary","Nico",179.074242441402,157.941019899946,200.207464982858,100,179.074242441402,108.095121737082,165.478154397408,102.285225954619,226.501925682524
"Elicit","5 mo.","Dslnh_nmol.ml","Disialyllacto-N-hexaose","Individual HMO containing Sialic Acid","secondary","Control",42.544606117539,35.468314989772,49.620897245306,99,42.8998483580844,39.8541631727075,33.1034371099619,22.1879521669852,48.2343104374252
"Elicit","5 mo.","Dslnh_nmol.ml","Disialyllacto-N-hexaose","Individual HMO containing Sialic Acid","secondary","Nico",39.5140032805328,34.5948102943915,44.4331962666742,100,39.4830082080062,26.5851755739058,34.6339839834899,20.519043261052,49.6865013828712
"Elicit","5 mo.","Sum_nmol.ml","Total sum of HMO concentrations","Bioactive","secondary","Control",8747.64906019331,8092.49124227415,9402.80687811248,99,8747.64906019331,3334.46413389117,8212.480251478,6634.04031166635,10531.6835393836
"Elicit","5 mo.","Sum_nmol.ml","Total sum of HMO concentrations","Bioactive","secondary","Nico",8871.87828999867,8206.34908780148,9537.40749219586,100,8871.87828999867,3404.14056540437,8584.32656658038,6208.29274537257,10472.8219469115
"Elicit","5 mo.","Sia_nmol.ml","HMO-bound Sialic Acid","Bioactive","secondary","Control",1127.19502620324,1027.31424494477,1227.07580746171,99,1127.51808890064,517.561489393941,1000.82901376675,776.722503170378,1320.06317045692
"Elicit","5 mo.","Sia_nmol.ml","HMO-bound Sialic Acid","Bioactive","secondary","Nico",1133.77750831725,1043.12067286765,1224.43434376684,100,1133.45235152844,472.748833681984,1016.01360694494,832.44040827528,1255.89676381383
"Elicit","5 mo.","Fuc_nmol.ml","HMO-bound Fucose","Bioactive","secondary","Control",7272.26460960979,6685.59532930477,7858.93388991481,99,7341.22681998216,3183.79066364317,7182.40782408659,5393.73423203538,9387.3351932453
"Elicit","5 mo.","Fuc_nmol.ml","HMO-bound Fucose","Bioactive","secondary","Nico",7323.780317979,6768.20389743377,7879.35673852423,100,7316.21517294152,2947.84693592347,7009.19381894017,5462.96421455574,8903.39750025378
"Elicit","5 mo.","X2.fl_pct","2’-fucosyllactose","Individual HMO containing Fucose","secondary","Control",31.1942169824352,27.4125508368663,34.9758831280041,99,31.2188353252516,19.5796775075443,31.3176967354174,20.7829674743901,43.65100570758
"Elicit","5 mo.","X2.fl_pct","2’-fucosyllactose","Individual HMO containing Fucose","secondary","Nico",29.795293409771,26.0831829519379,33.5074038676041,100,29.795293409771,18.9872146121508,31.7999138637737,16.1797433255186,43.416974736347
"Elicit","5 mo.","X3fl_pct","3-fucosyllactose","Individual HMO containing Fucose","secondary","Control",7.35160220954747,6.32471088597501,8.37849353311993,99,7.34748836248062,5.5595906899426,6.06269194047917,3.63714891775377,9.9024610546204
"Elicit","5 mo.","X3fl_pct","3-fucosyllactose","Individual HMO containing Fucose","secondary","Nico",7.86512295680355,6.60079248178246,9.12945343182463,100,7.86510627577978,6.46788128162579,5.769522614146,3.27484943490599,11.4030248107036
"Elicit","5 mo.","Dflac_pct","Difucosyllactose","Individual HMO containing Fucose","secondary","Control",4.19516424322065,3.67332985509745,4.71699863134385,99,4.22656259102337,2.7999638377161,4.50433573608054,2.29450798351352,5.54598260386161
"Elicit","5 mo.","Dflac_pct","Difucosyllactose","Individual HMO containing Fucose","secondary","Nico",3.90086985947564,3.31592214562996,4.48581757332132,100,3.91336438737544,3.24280848699478,3.79689557021043,0.869494994310522,5.80996932220618
"Elicit","5 mo.","X3.sl_pct","3’-sialyllactose","Individual HMO containing Sialic Acid","secondary","Control",3.05217811736604,2.7654976220229,3.33885861270917,99,3.04237025797181,1.5607929474478,2.61026591231166,1.88145055181079,3.91240748033521
"Elicit","5 mo.","X3.sl_pct","3’-sialyllactose","Individual HMO containing Sialic Acid","secondary","Nico",3.1688683094019,2.87749402090047,3.46024259790332,100,3.174202923705,1.63871776913855,2.944401026349,1.92834907926529,4.17173048205555
"Elicit","5 mo.","X6.sl_pct","6’-sialyllactose","Individual HMO containing Sialic Acid","secondary","Control",1.51206117979535,1.3695037287919,1.6546186307988,99,1.53067609209643,0.784245804673845,1.3851594419995,0.906948209220114,1.98851866644278
"Elicit","5 mo.","X6.sl_pct","6’-sialyllactose","Individual HMO containing Sialic Acid","secondary","Nico",1.6283023813221,1.41748561614252,1.83911914650167,100,1.62233099498714,1.12446469565643,1.3984547876185,1.00276967504935,1.82973313769445
"Elicit","5 mo.","Lnt_pct","Lacto-N-tetrose","Other individual HMO","secondary","Control",12.6682965672023,10.8434449544192,14.4931481799854,99,12.6597924227433,9.30366151428048,10.8713413859871,6.67478532991625,15.2452552359623
"Elicit","5 mo.","Lnt_pct","Lacto-N-tetrose","Other individual HMO","secondary","Nico",12.4487914222329,11.0309243422079,13.8666585022579,100,12.5097399684769,7.82371500579919,10.5040608435917,7.81474258279615,16.3250725142026
"Elicit","5 mo.","Lnnt_pct","Lacto-N-neotetraose","Other individual HMO","secondary","Control",8.02043603102235,6.72361153835451,9.31726052369019,99,7.99789238859027,6.75126219858869,6.0589155639239,3.55177350395237,9.35562358553032
"Elicit","5 mo.","Lnnt_pct","Lacto-N-neotetraose","Other individual HMO","secondary","Nico",7.843527168272,6.80838874548982,8.87866559105418,100,7.9405844999943,5.92307874259598,5.84941674580835,4.14332086689338,10.047446787971
"Elicit","5 mo.","Lnfp.i_pct","Lacto-N-fucopentaose I","Individual HMO containing Fucose","secondary","Control",3.27075429604652,2.88851546360133,3.65299312849171,99,3.26442224049507,2.02715631613132,2.75245984344371,1.90906728148158,4.10418537139915
"Elicit","5 mo.","Lnfp.i_pct","Lacto-N-fucopentaose I","Individual HMO containing Fucose","secondary","Nico",3.82035666192328,3.17153703261447,4.46917629123209,100,3.80001117507915,3.3563368686692,2.71318371897731,2.19762064238405,4.24976951642221
"Elicit","5 mo.","Lnfp.ii_pct","Lacto-N-fucopentaose II","Individual HMO containing Fucose","secondary","Control",14.6226113967587,13.0070073885519,16.2382154049655,99,14.6121613770889,8.37965940791374,13.3092110401974,8.27955994355971,18.8264589105771
"Elicit","5 mo.","Lnfp.ii_pct","Lacto-N-fucopentaose II","Individual HMO containing Fucose","secondary","Nico",15.5714115304048,13.8239224763552,17.3189005844545,100,15.5745380331149,9.00795221118809,13.2819123290558,8.47773513653715,19.7699212684924
"Elicit","5 mo.","Lnfp.iii_pct","Lacto-N-fucopentaose III","Individual HMO containing Fucose","secondary","Control",0.124706569532687,0.10691219320534,0.142500945860034,99,0.123894992098929,0.103426337503886,0.0929837085011974,0.0640937625058463,0.142649868434371
"Elicit","5 mo.","Lnfp.iii_pct","Lacto-N-fucopentaose III","Individual HMO containing Fucose","secondary","Nico",0.121493265874365,0.105315749285889,0.13767078246284,100,0.12095643712497,0.0852707994500692,0.0972945482655426,0.0722094817886527,0.141561972465294
"Elicit","5 mo.","Lstb_pct","Sialyl-lacto-N-tetraose b","Individual HMO containing Sialic Acid","secondary","Control",0.837329560590344,0.733606231918083,0.941052889262604,99,0.828052062085425,0.585314357849188,0.692817417510632,0.444817017818729,1.00814204691656
"Elicit","5 mo.","Lstb_pct","Sialyl-lacto-N-tetraose b","Individual HMO containing Sialic Acid","secondary","Nico",0.798773764110629,0.720103663334869,0.877443864886388,100,0.800277897230827,0.434866899724156,0.651204188720336,0.490856585428949,1.03964117769644
"Elicit","5 mo.","Lstc_pct","Sialyl-lacto-N-tetraose c","Individual HMO containing Sialic Acid","secondary","Control",0.373219049022511,0.328604560834767,0.417833537210256,99,0.372389985812478,0.245116529978354,0.310946305692635,0.212919382352055,0.438542779273833
"Elicit","5 mo.","Lstc_pct","Sialyl-lacto-N-tetraose c","Individual HMO containing Sialic Acid","secondary","Nico",0.370884442198818,0.333566574100024,0.408202310297613,100,0.370264992135241,0.196941162473868,0.337167279903859,0.206408799200181,0.490843394349833
"Elicit","5 mo.","Dflnt_pct","Difucosyllacto-N-tetrose","Individual HMO containing Fucose","secondary","Control",6.2366281612887,5.62564037406406,6.84761594851334,99,6.27482025018905,3.20264664974667,6.51716344911661,4.40119821322935,8.5847698574343
"Elicit","5 mo.","Dflnt_pct","Difucosyllacto-N-tetrose","Individual HMO containing Fucose","secondary","Nico",6.09046062426192,5.51800380156449,6.66291744695935,100,6.10270316170124,3.08354929381305,6.29270980113471,4.65676163348067,8.21412989701626
"Elicit","5 mo.","Lnh_pct","Lacto-N-hexaose","Other individual HMO","secondary","Control",0.716336357100715,0.578791191455647,0.853881522745783,99,0.714673604023441,0.708964371958625,0.564891646671235,0.39944206190372,0.78656289632206
"Elicit","5 mo.","Lnh_pct","Lacto-N-hexaose","Other individual HMO","secondary","Nico",0.651802998607611,0.575160419062865,0.728445578152358,100,0.652814919390949,0.401948746780786,0.54171746952918,0.353835666348237,0.890335020176995
"Elicit","5 mo.","Dslnt_pct","Disialyllacto-N-tetraose","Individual HMO containing Sialic Acid","secondary","Control",1.15921371510385,1.0392318680409,1.27919556216679,99,1.14830541684893,0.658553742859619,1.01760869302684,0.696308245395356,1.37847093452514
"Elicit","5 mo.","Dslnt_pct","Disialyllacto-N-tetraose","Individual HMO containing Sialic Acid","secondary","Nico",1.16483454735913,1.06740186914623,1.26226722557203,100,1.16458515652477,0.534892517998675,1.05378325287341,0.780850430954863,1.40119894356522
"Elicit","5 mo.","Flnh_pct","Fucosyllacto-N-hexaose","Individual HMO containing Fucose","secondary","Control",1.13277374660065,0.992706107341202,1.27284138586009,99,1.13021489665847,0.731987287565277,0.960309583828741,0.674195715297113,1.38925033218222
"Elicit","5 mo.","Flnh_pct","Fucosyllacto-N-hexaose","Individual HMO containing Fucose","secondary","Nico",1.15585860350413,0.989568845300691,1.32214836170758,100,1.15666768475229,0.906336630445855,0.848567075864035,0.575117442984147,1.57545128590667
"Elicit","5 mo.","Dflnh_pct","Difucosyllacto-N-hexaose","Individual HMO containing Fucose","secondary","Control",0.595100607829293,0.510711947351367,0.679489268307219,99,0.594726830655939,0.430685020333725,0.524982266720854,0.267151061399985,0.798946489930957
"Elicit","5 mo.","Dflnh_pct","Difucosyllacto-N-hexaose","Individual HMO containing Fucose","secondary","Nico",0.632238242035013,0.539911802215185,0.724564681854841,100,0.633585610749078,0.474772393865005,0.502116027420412,0.280787866109056,0.829448391385171
"Elicit","5 mo.","Fdslnh_pct","Fucodisialyllacto-Nhexaose","Individual HMO containing Fucose","secondary","Control",2.41826937068604,2.08865875563804,2.74787998573404,99,2.43191627363499,1.80312815101846,2.11899272143326,1.23316921638885,3.21278181559342
"Elicit","5 mo.","Fdslnh_pct","Fucodisialyllacto-Nhexaose","Individual HMO containing Fucose","secondary","Nico",2.3350859859774,2.0339835077553,2.63618846419949,100,2.33367271946997,1.5901294804132,1.78911882926481,1.223989757357,2.98297058142458
"Elicit","5 mo.","Dslnh_pct","Disialyllacto-N-hexaose","Individual HMO containing Sialic Acid","secondary","Control",0.477568490760102,0.418016700248093,0.537120281272112,99,0.480804630250988,0.332046109199021,0.399232266316915,0.291510615443624,0.588609320117259
"Elicit","5 mo.","Dslnh_pct","Disialyllacto-N-hexaose","Individual HMO containing Sialic Acid","secondary","Nico",0.469275543769892,0.413519019145968,0.525032068393815,100,0.469299752637125,0.290856288333474,0.414055788895175,0.252873822242713,0.599459010526002
"Elicit","5 mo.","Fgf.21","FGF-21","Bioactive","secondary","Control",16.2628761032656,11.6543175047933,20.8714347017379,99,16.3500447921202,24.3364857495136,8.30112611318995,3.48702791402616,20.2753124695394
"Elicit","5 mo.","Fgf.21","FGF-21","Bioactive","secondary","Nico",12.6591888288188,9.82140590413364,15.4969717535039,100,12.6007558170486,14.9583025413114,7.89413314906991,2.79186572567456,17.0189423648217
"Elicit","5 mo.","Insulin","Insulin","Bioactive","secondary","Control",51.5368148804338,46.2756272665969,56.7980024942708,99,51.4323764900551,27.4941657925329,45.0485493940983,30.9615523397251,66.5927882606907
"Elicit","5 mo.","Insulin","Insulin","Bioactive","secondary","Nico",53.9963394767765,47.9361838450735,60.0564951084794,100,53.975618268469,31.7345223131958,48.3923141007773,32.7189348620049,65.6872866058865
"Elicit","5 mo.","Leptin","Leptin","Bioactive","secondary","Control",238.378007949151,173.960567755958,302.795448142344,99,237.077624596158,335.913503584352,90.4263919433094,41.424183735441,301.128659306424
"Elicit","5 mo.","Leptin","Leptin","Bioactive","secondary","Nico",384.712853058985,206.587665262432,562.838040855538,100,377.368281246229,910.807610505649,125.834525738241,41.3906702906413,374.431166295881
"Elicit","5 mo.","Calprotectin","Calprotectin (S100A8/A9)","Bioactive","secondary","Control",673470.866889651,301769.034529677,1045172.69924963,99,673470.866889651,1891798.27303668,119144.377136416,26088.7165208431,329257.233440903
"Elicit","5 mo.","Calprotectin","Calprotectin (S100A8/A9)","Bioactive","secondary","Nico",1282133.28188267,337208.106103045,2227058.45766229,100,1282133.28188267,4833233.63050598,83473.4016631648,29834.5355977437,495785.722555723
"Elicit","5 mo.","Iga","Secretory IgA","Bioactive","secondary","Control",509660519.750563,475507154.98709,543813884.514036,99,508826476.229881,180760389.147652,505179957.182672,386930079.341331,612803713.25406
"Elicit","5 mo.","Iga","Secretory IgA","Bioactive","secondary","Nico",618151750.713449,461778173.465583,774525327.961315,100,617256555.932883,807907002.364411,478484478.054304,408175540.236722,582305141.436836
"Misame","14-21 days","Dslnt_pct","Disialyllacto-N-tetraose","Individual HMO containing Sialic Acid","secondary","Control",1.95611621846557,1.84524668265286,2.06698575427829,154,2.02955006765871,0.877631490922659,1.89519026635717,1.44439001561545,2.44197237124845
"Misame","14-21 days","Dslnt_pct","Disialyllacto-N-tetraose","Individual HMO containing Sialic Acid","secondary","BEP",2.18984853157879,2.05437192225281,2.32532514090477,122,2.17347084013586,0.867371013710265,2.01246299488745,1.50351771866771,2.64884576207611
"Misame","14-21 days","Lnfp.i_pct","Lacto-N-fucopentaose I","Individual HMO containing Fucose","secondary","Control",9.70538683424102,8.75940361335863,10.6513700551234,154,9.62601716100253,6.04743558684337,9.57620030169155,4.25121649428286,14.0901150884464
"Misame","14-21 days","Lnfp.i_pct","Lacto-N-fucopentaose I","Individual HMO containing Fucose","secondary","BEP",8.32931336339395,7.46577779890874,9.19284892787915,122,8.23770550104899,6.02203034748825,6.70014398284153,2.52719131622263,12.4110051976457
"Misame","14-21 days","X2.fl_pct","2’-fucosyllactose","Individual HMO containing Fucose","secondary","Control",30.8808314461181,27.842417144896,33.9192457473402,154,30.3351841162389,18.3863359819302,31.8630976712032,19.3432330478726,43.231148639796
"Misame","14-21 days","X2.fl_pct","2’-fucosyllactose","Individual HMO containing Fucose","secondary","BEP",26.7604618241887,23.9892859898048,29.5316376585726,122,26.5762752648506,19.4359452064713,28.8585745706485,0.719654404196946,41.3747123555206
"Misame","14-21 days","Lnt_pct","Lacto-N-tetrose","Other individual HMO","secondary","Control",14.0314736146022,12.4900534817046,15.5728937474998,154,14.7342632530841,10.5457754272371,12.0901228295317,7.4526919985806,19.452413760187
"Misame","14-21 days","Lnt_pct","Lacto-N-tetrose","Other individual HMO","secondary","BEP",16.2563277689417,14.5934876684637,17.9191678694198,122,15.8590795698916,11.1600665927688,12.1741090591207,8.71709964018177,18.6542262151706
"Misame","14-21 days","X2.fl_nmol.ml","2’-fucosyllactose","Individual HMO containing Fucose","secondary","Control",6398.39223804019,5663.14580148409,7133.6386745963,154,6442.18493713265,4703.51204234814,6028.54229909237,2662.5619549364,9487.27471928802
"Misame","14-21 days","X2.fl_nmol.ml","2’-fucosyllactose","Individual HMO containing Fucose","secondary","BEP",5610.18826904485,4918.0869040632,6302.2896340265,122,5378.07092113014,4406.71487361516,5534.29305664402,118.078380480722,8234.63107264116
"Misame","14-21 days","Lnfp.i_nmol.ml","Lacto-N-fucopentaose I","Individual HMO containing Fucose","secondary","Control",2011.50386119306,1771.48604623372,2251.52167615239,154,2028.28314292094,1514.76474891267,1711.43125083902,723.548985495488,3011.8709378942
"Misame","14-21 days","Lnfp.i_nmol.ml","Lacto-N-fucopentaose I","Individual HMO containing Fucose","secondary","BEP",1728.44912998653,1502.86938917973,1954.02887079333,122,1656.74839961729,1428.01029468566,1328.44298821371,395.292749111295,2600.24703642101
"Misame","14-21 days","Lnh_nmol.ml","Lacto-N-hexaose","Other individual HMO","secondary","Control",247.784770446733,225.735218156793,269.834322736672,154,259.116137271221,165.197712873312,208.615732804811,151.336413543393,318.368729355273
"Misame","14-21 days","Lnh_nmol.ml","Lacto-N-hexaose","Other individual HMO","secondary","BEP",271.992344208304,247.980899783465,296.003788633142,122,264.16278786598,144.724575937094,231.440886098845,160.925168227657,314.692190170035
"Misame","14-21 days","Fdslnh_nmol.ml","Fucodisialyllacto-Nhexaose","Individual HMO containing Fucose","secondary","Control",166.939745877996,147.440328913286,186.439162842707,154,166.892054840089,120.154225475051,128.874444575664,97.8397237555183,192.805628963321
"Misame","14-21 days","Fdslnh_nmol.ml","Fucodisialyllacto-Nhexaose","Individual HMO containing Fucose","secondary","BEP",190.615176388675,167.165763887856,214.064588889494,122,195.054287243586,154.918121022738,147.056565592401,98.4369883054302,218.511397679722
"Misame","14-21 days","X6.sl_pct","6’-sialyllactose","Individual HMO containing Sialic Acid","secondary","Control",8.90075856664121,8.28997971121568,9.51153742206674,154,9.20661096898066,4.07739365730787,8.31908224389508,6.37139071766036,10.8132537564309
"Misame","14-21 days","X6.sl_pct","6’-sialyllactose","Individual HMO containing Sialic Acid","secondary","BEP",9.55330021798844,8.89216436497977,10.2144360709971,122,9.28203514072563,4.36382751238075,8.40931399357626,6.04343198174069,11.2573196584493
"Misame","14-21 days","Lnh_pct","Lacto-N-hexaose","Other individual HMO","secondary","Control",1.38811269907001,1.23141716300581,1.5448082351342,154,1.45867132938759,1.23868799283714,1.15961054171702,0.75133864867424,1.71965628012373
"Misame","14-21 days","Lnh_pct","Lacto-N-hexaose","Other individual HMO","secondary","BEP",1.54692684802967,1.39801994084288,1.69583375521646,122,1.50412736709234,0.81357383733193,1.35853449861359,0.905576163195764,1.94874650329803
"Misame","14-21 days","Fdslnh_pct","Fucodisialyllacto-Nhexaose","Individual HMO containing Fucose","secondary","Control",1.00395309356275,0.844968736788938,1.16293745033656,154,0.967907366846283,0.86659651000428,0.657068288854067,0.461572225444988,1.1470643641799
"Misame","14-21 days","Fdslnh_pct","Fucodisialyllacto-Nhexaose","Individual HMO containing Fucose","secondary","BEP",1.20361248148244,1.02384088242015,1.38338408054473,122,1.2725247333861,1.32341913772399,0.773790328893855,0.521179929480855,1.39404494296259
"Misame","14-21 days","Lnfp.iii_pct","Lacto-N-fucopentaose III","Individual HMO containing Fucose","secondary","Control",0.254597636585394,0.235306769833065,0.273888503337723,154,0.25495982324465,0.142858111800686,0.213460206150933,0.153620529699545,0.323009893235843
"Misame","14-21 days","Lnfp.iii_pct","Lacto-N-fucopentaose III","Individual HMO containing Fucose","secondary","BEP",0.280922557554435,0.244444391780629,0.317400723328241,122,0.285329077773612,0.254932507185877,0.235970531367522,0.168387920272351,0.325895362387775
"Misame","14-21 days","Flnh_pct","Fucosyllacto-N-hexaose","Individual HMO containing Fucose","secondary","Control",2.54301861821192,2.26182455162063,2.82421268480321,154,2.5155259969424,1.93816495956967,2.08520658044232,1.48475301854183,2.93809773583863
"Misame","14-21 days","Flnh_pct","Fucosyllacto-N-hexaose","Individual HMO containing Fucose","secondary","BEP",2.83040722439974,2.47555861871898,3.1852558300805,122,2.90816139762881,2.13433704613013,2.28098658230538,1.45878533781812,3.50824834547855
"Misame","14-21 days","Lnt_nmol.ml","Lacto-N-tetrose","Other individual HMO","secondary","Control",2518.9334936211,2234.09303758734,2803.77394965486,154,2615.66578667425,1733.55369629707,2188.39504156115,1492.91659178472,3462.36007748169
"Misame","14-21 days","Lnt_nmol.ml","Lacto-N-tetrose","Other individual HMO","secondary","BEP",2759.67570894167,2490.30727310793,3029.04414477542,122,2698.85228498194,1810.28931425849,2215.39106827218,1486.70557740852,3195.97783520632
"Misame","14-21 days","Dflnt_nmol.ml","Difucosyllacto-N-tetrose","Individual HMO containing Fucose","secondary","Control",862.627784203266,707.716337883162,1017.53923052337,154,926.977940876346,1074.65765455725,722.762096982317,31.1747157712848,1594.85034239499
"Misame","14-21 days","Dflnt_nmol.ml","Difucosyllacto-N-tetrose","Individual HMO containing Fucose","secondary","BEP",986.137698102408,819.016605843606,1153.25879036121,122,919.737699697284,1028.64926897893,547.633532956359,41.0100714596193,1691.71085689385
"Misame","14-21 days","Lnfp.ii_pct","Lacto-N-fucopentaose II","Individual HMO containing Fucose","secondary","Control",5.75839015819363,5.08048987409555,6.4362904422917,154,5.69388534361379,5.16673829896606,4.20123249437103,2.3697860829295,6.44121532606385
"Misame","14-21 days","Lnfp.ii_pct","Lacto-N-fucopentaose II","Individual HMO containing Fucose","secondary","BEP",6.32320868443718,5.54634099451303,7.10007637436134,122,6.54123699580211,5.25348831480399,4.84197337893971,2.97124677686101,7.72721488250016
"Misame","14-21 days","Lstb_pct","Sialyl-lacto-N-tetraose b","Individual HMO containing Sialic Acid","secondary","Control",0.816618950743655,0.751204486111222,0.882033415376087,154,0.824086241078143,0.417567834521967,0.756134574653425,0.546780518008685,0.972991842717927
"Misame","14-21 days","Lstb_pct","Sialyl-lacto-N-tetraose b","Individual HMO containing Sialic Acid","secondary","BEP",0.861787212166387,0.807450738857176,0.916123685475598,122,0.865615732630738,0.396525340058891,0.829134048684364,0.562282723997688,1.06826475846088
"Misame","14-21 days","Dflnt_pct","Difucosyllacto-N-tetrose","Individual HMO containing Fucose","secondary","Control",4.33583529710759,3.62695057577058,5.0447200184446,154,4.45742209778956,4.18222121183296,4.47553912234661,0.18218150018723,8.03013789651813
"Misame","14-21 days","Dflnt_pct","Difucosyllacto-N-tetrose","Individual HMO containing Fucose","secondary","BEP",4.82358429955397,4.1955778400485,5.45159075905945,122,4.76245627265985,4.59973468592191,3.67257883798188,0.214501850505578,8.36466455107471
"Misame","14-21 days","Fuc_nmol.ml","HMO-bound Fucose","Bioactive","secondary","Control",14223.0952187448,13266.9564243878,15179.2340131018,154,14448.1277033451,6910.23566715018,14858.5118619821,10470.7012234508,18022.214929671
"Misame","14-21 days","Fuc_nmol.ml","HMO-bound Fucose","Bioactive","secondary","BEP",13512.792473626,12443.8842890108,14581.7006582411,122,13043.0698733993,5938.53742673952,12659.0055974135,8334.48001478342,16917.8279357113
"Misame","14-21 days","Dslnt_nmol.ml","Disialyllacto-N-tetraose","Individual HMO containing Sialic Acid","secondary","Control",377.107842490673,349.756338941926,404.459346039421,154,385.697571153064,168.51384163829,374.722280236148,262.724786643305,477.845282127766
"Misame","14-21 days","Dslnt_nmol.ml","Disialyllacto-N-tetraose","Individual HMO containing Sialic Acid","secondary","BEP",394.485412254301,369.739578812497,419.231245696104,122,391.11039355057,176.241860672969,346.677349216572,250.218877008189,520.56004047115
"Misame","14-21 days","Secretor","Maternal Secretor Status","Bioactive","secondary","Control",0.806788257461293,0.746646106322863,0.866930408599723,154,0.831168831168831,0.375824928042958,1,1,1
"Misame","14-21 days","Secretor","Maternal Secretor Status","Bioactive","secondary","BEP",0.775144667687668,0.714301374219185,0.835987961156151,122,0.737704918032787,0.441696180097591,1,0,1
"Misame","14-21 days","X3.sl_nmol.ml","3’-sialyllactose","Individual HMO containing Sialic Acid","secondary","Control",339.00988128288,310.007870087326,368.011892478434,154,320.620304914589,165.348765941306,280.825378040515,216.945293168569,400.109315083033
"Misame","14-21 days","X3.sl_nmol.ml","3’-sialyllactose","Individual HMO containing Sialic Acid","secondary","BEP",322.999894421408,290.506743122233,355.493045720583,122,342.707865195491,231.496697928809,292.466171774265,227.158653501454,395.463010562287
"Misame","14-21 days","X6.sl_nmol.ml","6’-sialyllactose","Individual HMO containing Sialic Acid","secondary","Control",1649.81313850378,1528.0349227666,1771.59135424097,154,1717.91876726423,670.521284982177,1625.56556182769,1212.97988738654,2067.27603481777
"Misame","14-21 days","X6.sl_nmol.ml","6’-sialyllactose","Individual HMO containing Sialic Acid","secondary","BEP",1710.97417352512,1594.16241185204,1827.78593519819,122,1637.79754488258,844.528565959259,1498.09952659797,1099.97671013701,1885.86012214429
"Misame","14-21 days","Dslnh_nmol.ml","Disialyllacto-N-hexaose","Individual HMO containing Sialic Acid","secondary","Control",356.210291412314,328.379553036416,384.041029788211,154,355.54901400992,180.980906775399,329.752139491056,247.212838015482,465.43964995091
"Misame","14-21 days","Dslnh_nmol.ml","Disialyllacto-N-hexaose","Individual HMO containing Sialic Acid","secondary","BEP",341.282393472725,314.190502011274,368.374284934176,122,338.945759902812,189.025313045759,317.130942778021,211.896300329562,444.262821258909
"Misame","14-21 days","Sum_nmol.ml","Total sum of HMO concentrations","Bioactive","secondary","Control",19288.2504800917,18456.4234222195,20120.0775379638,154,19620.1224675314,5793.4731862993,19431.3069118075,15582.6661858072,23027.0605482883
"Misame","14-21 days","Sum_nmol.ml","Total sum of HMO concentrations","Bioactive","secondary","BEP",18787.5064917683,17904.1974650583,19670.8155184784,122,18270.678720161,5065.97587549153,18061.0826889901,14427.1369085902,22110.9745405744
"Misame","14-21 days","Sia_nmol.ml","HMO-bound Sialic Acid","Bioactive","secondary","Control",4465.50186503063,4246.38123809975,4684.62249196151,154,4568.2280705735,1289.38848139943,4464.64233559621,3662.92970974777,5400.07525703625
"Misame","14-21 days","Sia_nmol.ml","HMO-bound Sialic Acid","Bioactive","secondary","BEP",4574.67739567408,4375.14142014762,4774.21337120053,122,4481.67320719895,1518.53991723538,4290.63689020477,3524.89585342687,5073.89193998946
"Misame","14-21 days","Leptin","Leptin","Bioactive","secondary","Control",487.941395432947,341.524394255007,634.358396610886,154,586.120377465063,1503.47675066576,137.987444820986,42.6867573489466,370.105926983142
"Misame","14-21 days","Leptin","Leptin","Bioactive","secondary","BEP",592.632682004002,377.031972761208,808.233391246797,122,503.089931514698,899.05818318576,146.702681121947,39.4470232624277,440.110057932002
"Misame","14-21 days","X3fl_pct","3-fucosyllactose","Individual HMO containing Fucose","secondary","Control",6.84858541252221,5.54447220915621,8.15269861588821,154,6.24792903450821,7.0435660993855,4.15560761944354,1.47053110976865,8.02595774106794
"Misame","14-21 days","X3fl_pct","3-fucosyllactose","Individual HMO containing Fucose","secondary","BEP",7.44756850422543,6.20932885873562,8.68580814971524,122,8.27199395734169,8.81243849385649,5.43475383881685,2.33081213141482,9.14818169293339
"Misame","14-21 days","Flnh_nmol.ml","Fucosyllacto-N-hexaose","Individual HMO containing Fucose","secondary","Control",449.933243295476,407.918247906311,491.948238684641,154,439.98483062181,233.930005715954,371.658263764341,292.806602206041,547.113106132686
"Misame","14-21 days","Flnh_nmol.ml","Fucosyllacto-N-hexaose","Individual HMO containing Fucose","secondary","BEP",464.948607798635,424.146583842728,505.750631754542,122,478.832710903314,305.703680521795,400.458885952506,297.338414265977,556.976690632571
"Misame","14-21 days","Dflnh_nmol.ml","Difucosyllacto-N-hexaose","Individual HMO containing Fucose","secondary","Control",111.127096774458,87.9722361338073,134.281957415109,154,112.124213045008,139.824961490336,68.6728476183796,37.6127620418706,127.61161833347
"Misame","14-21 days","Dflnh_nmol.ml","Difucosyllacto-N-hexaose","Individual HMO containing Fucose","secondary","BEP",103.430282123026,90.1729249617227,116.687639284329,122,100.540075864134,107.426470139572,69.9662344157824,37.6631962455275,125.129522047682
"Misame","14-21 days","X3.sl_pct","3’-sialyllactose","Individual HMO containing Sialic Acid","secondary","Control",1.8212980453673,1.6680332271926,1.974562863542,154,1.67552625438453,0.768128439487347,1.51661045287201,1.19672922573097,1.99223777609377
"Misame","14-21 days","X3.sl_pct","3’-sialyllactose","Individual HMO containing Sialic Acid","secondary","BEP",1.76620898415397,1.62914552354216,1.90327244476579,122,1.93576507119896,1.07510606963687,1.70302421986806,1.28425689428026,2.11838290554646
"Misame","14-21 days","Lstc_pct","Sialyl-lacto-N-tetraose c","Individual HMO containing Sialic Acid","secondary","Control",2.77660169640903,2.60345126053079,2.94975213228727,154,2.89459039654816,1.07527736054885,2.82949509618315,2.0932355309573,3.60380628540697
"Misame","14-21 days","Lstc_pct","Sialyl-lacto-N-tetraose c","Individual HMO containing Sialic Acid","secondary","BEP",2.83322089397812,2.69797133019319,2.96847045776304,122,2.71691706348387,1.08644319437976,2.65434348220174,1.87790948574496,3.26536820041801
"Misame","14-21 days","Lnfp.ii_nmol.ml","Lacto-N-fucopentaose II","Individual HMO containing Fucose","secondary","Control",1026.35420459477,877.813304876682,1174.89510431287,154,1032.89645535514,920.890843284075,783.768211158778,461.695316535144,1249.35349282153
"Misame","14-21 days","Lnfp.ii_nmol.ml","Lacto-N-fucopentaose II","Individual HMO containing Fucose","secondary","BEP",1060.97945518396,941.510510654214,1180.44839971372,122,1065.55499102087,778.720930962547,861.055184744328,556.651427014445,1400.24494956975
"Misame","14-21 days","Lnfp.iii_nmol.ml","Lacto-N-fucopentaose III","Individual HMO containing Fucose","secondary","Control",48.8522606443919,44.6096006460919,53.0949206426919,154,48.5277830909242,28.8179967199941,44.1533694909026,28.1138260905646,58.7714468162485
"Misame","14-21 days","Lnfp.iii_nmol.ml","Lacto-N-fucopentaose III","Individual HMO containing Fucose","secondary","BEP",50.4329972881667,43.8852546841102,56.9807398922232,122,51.6207662472939,47.2857304091175,39.9707987197035,25.9895957483105,61.6181102699326
"Misame","14-21 days","Lstc_nmol.ml","Sialyl-lacto-N-tetraose c","Individual HMO containing Sialic Acid","secondary","Control",527.363203273376,489.40051029516,565.325896251592,154,560.079862162588,254.532624807602,502.768666812761,360.24425661052,714.614832545803
"Misame","14-21 days","Lstc_nmol.ml","Sialyl-lacto-N-tetraose c","Individual HMO containing Sialic Acid","secondary","BEP",537.46364531883,497.509126012324,577.418164625336,122,497.697196761073,237.677131186111,452.256414861045,315.480206347657,643.791237583948
"Misame","14-21 days","Insulin","Insulin","Bioactive","secondary","Control",22.7172802314469,20.7049793987799,24.7295810641139,154,23.2309599166857,12.3762648157442,21.1889632683243,14.8931661338138,29.99157621463
"Misame","14-21 days","Insulin","Insulin","Bioactive","secondary","BEP",23.2296537923185,21.5888169555256,24.8704906291115,122,22.6376112233535,11.6074382918951,20.1308549800118,15.3076153059129,27.5993768351001
"Misame","14-21 days","X3fl_nmol.ml","3-fucosyllactose","Individual HMO containing Fucose","secondary","Control",1168.6172908361,967.726894876344,1369.50768679585,154,1119.38297706641,1186.49982545979,774.399621791153,289.144924969812,1516.62164480405
"Misame","14-21 days","X3fl_nmol.ml","3-fucosyllactose","Individual HMO containing Fucose","secondary","BEP",1208.42931809768,1039.98187591295,1376.87676028242,122,1277.39692929988,1149.46705127281,1006.82137855857,433.862032320112,1631.91041950432
"Misame","14-21 days","Dflac_nmol.ml","Difucosyllactose","Individual HMO containing Fucose","secondary","Control",501.431347298419,396.075089298754,606.787605298084,154,545.885607237209,792.76321520773,322.255069935341,143.843352544301,677.604865634121
"Misame","14-21 days","Dflac_nmol.ml","Difucosyllactose","Individual HMO containing Fucose","secondary","BEP",515.185865446224,405.629226565561,624.742504326888,122,449.617658407044,553.433631763196,315.983290712618,70.9596564265138,624.161444748014
"Misame","14-21 days","Lnnt_nmol.ml","Lacto-N-neotetraose","Other individual HMO","secondary","Control",378.497837982748,340.129731689991,416.865944275505,154,389.003225669022,231.943426432077,327.416966004961,214.516764102546,533.753369318646
"Misame","14-21 days","Lnnt_nmol.ml","Lacto-N-neotetraose","Other individual HMO","secondary","BEP",382.765738502119,350.651431354065,414.880045650173,122,372.980728623847,229.50990196922,314.733038181292,209.019655337481,489.101647278396
"Misame","14-21 days","Lstb_nmol.ml","Sialyl-lacto-N-tetraose b","Individual HMO containing Sialic Acid","secondary","Control",153.668110812768,140.210184637766,167.126036987771,154,153.331856225947,79.4317276862553,141.387664312584,98.1486908291575,192.802925583451
"Misame","14-21 days","Lstb_nmol.ml","Sialyl-lacto-N-tetraose b","Individual HMO containing Sialic Acid","secondary","BEP",152.024514912716,142.54065445648,161.508375368951,122,153.249718965863,76.4194388382961,139.794116656553,103.23628366748,186.701062772651
"Misame","14-21 days","Lnnt_pct","Lacto-N-neotetraose","Other individual HMO","secondary","Control",2.03290806498257,1.83136122036985,2.2344549095953,154,2.06418326166378,1.30792432668692,1.76183924224768,1.14657036761139,2.74889758688019
"Misame","14-21 days","Lnnt_pct","Lacto-N-neotetraose","Other individual HMO","secondary","BEP",2.05258076144989,1.90023355558983,2.20492796730995,122,2.03481089145379,1.04847838657689,1.81450187517385,1.27715052770509,2.74820681968636
"Misame","14-21 days","Dflnh_pct","Difucosyllacto-N-hexaose","Individual HMO containing Fucose","secondary","Control",0.600782506014045,0.482015076078905,0.719549935949184,154,0.611945840525136,0.686448363439746,0.362028873990484,0.200366836957837,0.705746411152706
"Misame","14-21 days","Dflnh_pct","Difucosyllacto-N-hexaose","Individual HMO containing Fucose","secondary","BEP",0.614570684202929,0.530891154629511,0.698250213776348,122,0.601597149551252,0.609880866712848,0.392659689563797,0.22319191660808,0.748724950350065
"Misame","14-21 days","Dflac_pct","Difucosyllactose","Individual HMO containing Fucose","secondary","Control",2.35619488047752,1.94680627781247,2.76558348314258,154,2.47786034816198,2.5991447905042,1.77261926687534,0.857632793430016,3.31549803537934
"Misame","14-21 days","Dflac_pct","Difucosyllactose","Individual HMO containing Fucose","secondary","BEP",2.37568767238777,2.01248941848478,2.73888592629075,122,2.21327996606442,2.30060100499414,1.86134566358577,0.431886714628236,3.10528034162334
"Misame","14-21 days","Dslnh_pct","Disialyllacto-N-hexaose","Individual HMO containing Sialic Acid","secondary","Control",1.93992427807626,1.77324296285744,2.10660559329508,154,1.92388109834097,1.07823622663603,1.81707568940341,1.37146524483406,2.30496630630656
"Misame","14-21 days","Dslnh_pct","Disialyllacto-N-hexaose","Individual HMO containing Sialic Acid","secondary","BEP",1.94801264604539,1.78726116180263,2.10876413028815,122,1.95761800727973,1.125336330918,1.78803407630997,1.24939506117469,2.5348574045519
"Misame","14-21 days","Fgf.21","FGF-21","Bioactive","secondary","Control",70.301088936811,58.9483633728257,81.6538145007964,154,72.8244435137412,116.242817991189,44.744931523713,24.4198974291928,80.0377422397107
"Misame","14-21 days","Fgf.21","FGF-21","Bioactive","secondary","BEP",69.6407164510531,54.3725880242401,84.9088448778661,122,66.3508667348938,80.9472181314198,38.8669622861565,24.0003992428358,82.6121656664835
"Misame","14-21 days","Calprotectin","Calprotectin (S100A8/A9)","Bioactive","secondary","Control",4018723.32383207,2802196.9159656,5235249.73169854,154,4832441.52164863,15906624.2167873,1162556.92318179,280732.804225401,4070913.29186117
"Misame","14-21 days","Calprotectin","Calprotectin (S100A8/A9)","Bioactive","secondary","BEP",4528485.71061895,2237868.04756027,6819103.37367763,122,3799139.85959917,7112649.48849688,778877.866612453,145613.218179476,4105477.45595576
"Misame","14-21 days","Iga","Secretory IgA","Bioactive","secondary","Control",886641751.56558,786814996.486656,986468506.644503,154,820975292.947429,409518879.239875,680858302.861601,571879740.771659,987977406.412771
"Misame","14-21 days","Iga","Secretory IgA","Bioactive","secondary","BEP",769032192.780022,715414327.286106,822650058.273937,122,837450659.90526,744159788.780914,657767154.238279,522127625.235139,956122138.276003
"Misame","1-2 mo.","X2.fl_nmol.ml","2’-fucosyllactose","Individual HMO containing Fucose","secondary","Control",5045.64240574159,4476.89574748789,5614.38906399529,163,5089.95153269506,3678.17989023261,4867.64951421413,2603.59356679121,7274.60666329571
"Misame","1-2 mo.","X2.fl_nmol.ml","2’-fucosyllactose","Individual HMO containing Fucose","secondary","BEP",4475.06884627798,3946.30333189452,5003.83436066143,124,4283.19754177393,3458.38923370722,4259.68910507037,249.906174057543,6348.96460976251
"Misame","1-2 mo.","X3.sl_nmol.ml","3’-sialyllactose","Individual HMO containing Sialic Acid","secondary","Control",255.034399963913,235.556214442395,274.512585485431,163,238.444866608024,108.452049286771,208.586424608709,170.05076613207,293.215811368134
"Misame","1-2 mo.","X3.sl_nmol.ml","3’-sialyllactose","Individual HMO containing Sialic Acid","secondary","BEP",232.734263406679,217.383127093625,248.085399719734,124,248.723084007883,131.551450685466,220.573240138567,165.795206666204,300.446674632306
"Misame","1-2 mo.","Lnt_nmol.ml","Lacto-N-tetrose","Other individual HMO","secondary","Control",1345.59042573685,1215.57356019906,1475.60729127463,163,1399.41382600031,883.110909171614,1248.97455566231,757.281684276077,1782.66607490898
"Misame","1-2 mo.","Lnt_nmol.ml","Lacto-N-tetrose","Other individual HMO","secondary","BEP",1478.69789161971,1336.16107478319,1621.23470845623,124,1463.131696545,904.721363824874,1210.02127290982,849.107325863348,1832.70188965378
"Misame","1-2 mo.","Lnfp.i_nmol.ml","Lacto-N-fucopentaose I","Individual HMO containing Fucose","secondary","Control",949.022166915208,813.868683598777,1084.17565023164,163,920.419885135262,746.191858362983,794.90283790177,304.310780452199,1364.50427901332
"Misame","1-2 mo.","Lnfp.i_nmol.ml","Lacto-N-fucopentaose I","Individual HMO containing Fucose","secondary","BEP",822.223215062423,699.947728803036,944.498701321811,124,832.659725410686,869.90261279655,531.364433497042,215.299500186723,1018.97060612424
"Misame","1-2 mo.","X2.fl_pct","2’-fucosyllactose","Individual HMO containing Fucose","secondary","Control",35.5632667404015,32.2465410257323,38.8799924550707,163,35.3420722148188,20.9573846027973,37.0254763637916,21.6260420701683,49.7699485000094
"Misame","1-2 mo.","X2.fl_pct","2’-fucosyllactose","Individual HMO containing Fucose","secondary","BEP",31.6406730955519,28.4014694288589,34.879876762245,124,30.9809453523247,21.6733307487788,36.4562573647272,2.21210226008352,46.6447451895446
"Misame","1-2 mo.","Lnt_pct","Lacto-N-tetrose","Other individual HMO","secondary","Control",11.2093950348563,9.93177941622243,12.4870106534902,163,11.6672158833602,8.19532264226327,9.71595115146234,5.7532671821742,14.8408423876079
"Misame","1-2 mo.","Lnt_pct","Lacto-N-tetrose","Other individual HMO","secondary","BEP",12.8476128603182,11.4274569736917,14.2677687469447,124,12.5991034454714,9.76363836303773,10.3247790277267,6.83642402648341,14.3521354370871
"Misame","1-2 mo.","Lnfp.i_pct","Lacto-N-fucopentaose I","Individual HMO containing Fucose","secondary","Control",6.62546912921887,5.84445690095133,7.40648135748641,163,6.43066335931396,4.41763776599875,5.83040587793007,2.64293083881743,9.38336203454466
"Misame","1-2 mo.","Lnfp.i_pct","Lacto-N-fucopentaose I","Individual HMO containing Fucose","secondary","BEP",5.78766420754058,5.06124033034482,6.51408808473633,124,5.86320210971198,4.8884628410806,4.11064055692633,1.90900800863159,8.43819651558654
"Misame","1-2 mo.","Lnfp.ii_pct","Lacto-N-fucopentaose II","Individual HMO containing Fucose","secondary","Control",7.14793551729877,6.47038322193496,7.82548781266259,163,7.34610707612977,4.74226036684297,6.50109564218272,4.02158451658984,9.66300613268959
"Misame","1-2 mo.","Lnfp.ii_pct","Lacto-N-fucopentaose II","Individual HMO containing Fucose","secondary","BEP",7.84047658560395,7.12490596132314,8.55604720988476,124,7.71989359248403,4.76862897940042,6.4141390580926,4.4987118879886,10.4472151269143
"Misame","1-2 mo.","Lstb_pct","Sialyl-lacto-N-tetraose b","Individual HMO containing Sialic Acid","secondary","Control",0.720113242928061,0.64752252626001,0.792703959596113,163,0.728815673401249,0.440612680081046,0.6372317658217,0.423663009110415,0.887208479986996
"Misame","1-2 mo.","Lstb_pct","Sialyl-lacto-N-tetraose b","Individual HMO containing Sialic Acid","secondary","BEP",0.785747247993353,0.728255343298228,0.843239152688479,124,0.790440659625375,0.463297757539078,0.682848428979422,0.479323205013402,0.959001495150524
"Misame","1-2 mo.","Fdslnh_pct","Fucodisialyllacto-Nhexaose","Individual HMO containing Fucose","secondary","Control",1.47766183647432,1.3242359599147,1.63108771303393,163,1.46669151123244,1.12705631986148,1.19198417808902,0.690243315453037,1.79616120710434
"Misame","1-2 mo.","Fdslnh_pct","Fucodisialyllacto-Nhexaose","Individual HMO containing Fucose","secondary","BEP",1.65410292276011,1.44494946476306,1.86325638075716,124,1.70812843402705,1.41189928215106,1.20831879941714,0.724987314110475,2.20498883480849
"Misame","1-2 mo.","Leptin","Leptin","Bioactive","secondary","Control",311.045354285149,216.839462198549,405.25124637175,163,506.489729440821,1791.11438559028,101.964656574075,37.4678453208235,344.895013767579
"Misame","1-2 mo.","Leptin","Leptin","Bioactive","secondary","BEP",576.792628216702,315.0500239927,838.535232440705,124,411.630380299829,974.136181969847,112.641489069403,40.4800210483789,290.443161416037
"Misame","1-2 mo.","Secretor","Maternal Secretor Status","Bioactive","secondary","Control",0.801285524242684,0.740449820807588,0.86212122767778,163,0.822085889570552,0.38361898211851,1,1,1
"Misame","1-2 mo.","Secretor","Maternal Secretor Status","Bioactive","secondary","BEP",0.770400237181079,0.70695275412794,0.833847720234218,124,0.733870967741935,0.443725377747986,1,0,1
"Misame","1-2 mo.","X3fl_nmol.ml","3-fucosyllactose","Individual HMO containing Fucose","secondary","Control",1587.16495006872,1349.60468376242,1824.72521637502,163,1551.15588259498,1447.51185775609,1179.29420271926,368.469113164512,2213.05050471525
"Misame","1-2 mo.","X3fl_nmol.ml","3-fucosyllactose","Individual HMO containing Fucose","secondary","BEP",1728.9269756549,1492.90072065841,1964.9532306514,124,1808.15804422999,1547.01756226929,1339.6372562139,472.628880628257,2595.3503929326
"Misame","1-2 mo.","Lnnt_nmol.ml","Lacto-N-neotetraose","Other individual HMO","secondary","Control",303.721273064595,268.943405181122,338.499140948067,163,321.44296119429,209.849980528284,260.370839952526,177.751227110318,437.64017636901
"Misame","1-2 mo.","Lnnt_nmol.ml","Lacto-N-neotetraose","Other individual HMO","secondary","BEP",322.242991890006,290.092555607267,354.393428172745,124,304.122994358823,229.781901957486,270.26003374355,126.084152258208,428.886960298323
"Misame","1-2 mo.","Lnfp.ii_nmol.ml","Lacto-N-fucopentaose II","Individual HMO containing Fucose","secondary","Control",879.508382239003,805.108574134673,953.908190343333,163,908.553923180868,584.287588973218,804.500656917045,494.742405694916,1165.34877289879
"Misame","1-2 mo.","Lnfp.ii_nmol.ml","Lacto-N-fucopentaose II","Individual HMO containing Fucose","secondary","BEP",941.551870691178,849.790904662174,1033.31283672018,124,909.605940244855,582.394414493898,739.948177963885,547.856137577412,1124.30364377071
"Misame","1-2 mo.","Lstb_nmol.ml","Sialyl-lacto-N-tetraose b","Individual HMO containing Sialic Acid","secondary","Control",90.9418635675328,83.2936639872096,98.5900631478559,163,91.21494729927,51.4314364762825,86.077951087425,56.7654684790579,114.243860105315
"Misame","1-2 mo.","Lstb_nmol.ml","Sialyl-lacto-N-tetraose b","Individual HMO containing Sialic Acid","secondary","BEP",96.0868139887465,88.3806984153039,103.792929562189,124,96.848424428979,56.58299411102,87.662844248793,56.5604350615244,126.875218930982
"Misame","1-2 mo.","Dflnt_nmol.ml","Difucosyllacto-N-tetrose","Individual HMO containing Fucose","secondary","Control",493.162381712145,396.671218637756,589.653544786533,163,526.009625196239,572.902200680778,380.178825181873,18.4924214176983,923.319447692599
"Misame","1-2 mo.","Dflnt_nmol.ml","Difucosyllacto-N-tetrose","Individual HMO containing Fucose","secondary","BEP",540.064257925874,449.126088587925,631.002427263823,124,507.155424881644,583.880497356021,320.459827813077,23.5934453698775,813.959741600409
"Misame","1-2 mo.","Lnh_nmol.ml","Lacto-N-hexaose","Other individual HMO","secondary","Control",153.832687224286,136.23139012796,171.433984320612,163,158.573836752037,113.618418246392,121.35838354911,81.1919823578813,195.663066257917
"Misame","1-2 mo.","Lnh_nmol.ml","Lacto-N-hexaose","Other individual HMO","secondary","BEP",163.226222185879,145.855013740812,180.597430630946,124,160.734755513133,120.015750526181,116.203821458017,81.3916103742561,233.070464611703
"Misame","1-2 mo.","Dslnh_nmol.ml","Disialyllacto-N-hexaose","Individual HMO containing Sialic Acid","secondary","Control",150.53391184663,136.420120360499,164.647703332761,163,148.077729030257,91.8539838562506,135.778997840363,82.9537023202587,198.515175759626
"Misame","1-2 mo.","Dslnh_nmol.ml","Disialyllacto-N-hexaose","Individual HMO containing Sialic Acid","secondary","BEP",143.339124162069,129.959665923291,156.718582400847,124,145.64532085767,95.9546595859924,132.788529645607,81.5631115398065,188.022194377252
"Misame","1-2 mo.","Fuc_nmol.ml","HMO-bound Fucose","Bioactive","secondary","Control",10809.0166892325,10105.5268694943,11512.5065089707,163,10908.3323198779,4499.87223070579,10791.0160729279,8353.86778642747,13734.036984558
"Misame","1-2 mo.","Fuc_nmol.ml","HMO-bound Fucose","Bioactive","secondary","BEP",10436.9042362307,9733.80755741758,11140.0009150437,124,10213.6373552474,4424.91910320479,9862.97451473721,7653.86331647235,12243.4790443983
"Misame","1-2 mo.","X3fl_pct","3-fucosyllactose","Individual HMO containing Fucose","secondary","Control",13.3092145019537,11.2551833699989,15.3632456339086,163,12.6914032660225,12.4430128708369,8.78177999319673,3.20978354403362,16.8820316453134
"Misame","1-2 mo.","X3fl_pct","3-fucosyllactose","Individual HMO containing Fucose","secondary","BEP",14.6716513672337,12.799819840671,16.5434828937963,124,15.7042336145947,14.3264294348859,11.090704137373,4.63337004892781,22.7187101291856
"Misame","1-2 mo.","X3.sl_pct","3’-sialyllactose","Individual HMO containing Sialic Acid","secondary","Control",2.0603706477942,1.89973487546427,2.22100642012414,163,1.91808340149903,0.945718191001142,1.73724502995719,1.34007955881307,2.19532260153059
"Misame","1-2 mo.","X3.sl_pct","3’-sialyllactose","Individual HMO containing Sialic Acid","secondary","BEP",1.94360703880397,1.80726858194446,2.07994549566348,124,2.09619348641912,1.10052458837295,1.79189434792613,1.30141951888253,2.72166126779657
"Misame","1-2 mo.","X6.sl_pct","6’-sialyllactose","Individual HMO containing Sialic Acid","secondary","Control",5.19587962604772,4.61798238045519,5.77377687164025,163,5.24450649648788,3.52684804022536,4.22652827808115,3.1956206377235,6.16721605090527
"Misame","1-2 mo.","X6.sl_pct","6’-sialyllactose","Individual HMO containing Sialic Acid","secondary","BEP",5.51955000543687,4.93352767953355,6.10557233134019,124,5.54254168567296,3.76185218441019,4.74867754105127,3.25074310147863,6.70504229394104
"Misame","1-2 mo.","Lnh_pct","Lacto-N-hexaose","Other individual HMO","secondary","Control",1.2329518240797,1.06826249081817,1.39764115734124,163,1.30447181780283,1.24432297392764,0.991779846066397,0.640951899602837,1.62608719196273
"Misame","1-2 mo.","Lnh_pct","Lacto-N-hexaose","Other individual HMO","secondary","BEP",1.31389562635616,1.18493127082489,1.44285998188744,124,1.24657763136315,0.784678179973569,1.01984351666249,0.684789826131654,1.59592741645045
"Misame","1-2 mo.","Dslnt_pct","Disialyllacto-N-tetraose","Individual HMO containing Sialic Acid","secondary","Control",1.38032871404237,1.2657856741714,1.49487175391335,163,1.3853404346349,0.748625888652935,1.25095275176738,0.903761744893233,1.69402758721476
"Misame","1-2 mo.","Dslnt_pct","Disialyllacto-N-tetraose","Individual HMO containing Sialic Acid","secondary","BEP",1.45413878923947,1.34117880653562,1.56709877194332,124,1.48266112389244,0.814205408964688,1.31070054942664,0.901956626516636,1.76225229676449
"Misame","1-2 mo.","Flnh_pct","Fucosyllacto-N-hexaose","Individual HMO containing Fucose","secondary","Control",2.19713044279279,1.90827591134634,2.48598497423923,163,2.17389396679432,1.90356317501053,1.66068869280703,1.12280610783287,2.51469293489136
"Misame","1-2 mo.","Flnh_pct","Fucosyllacto-N-hexaose","Individual HMO containing Fucose","secondary","BEP",2.38108618474964,2.06811278404381,2.69405958545547,124,2.43784176440207,2.1219184152031,1.79724416968677,1.1464979649173,2.93214194815785
"Misame","1-2 mo.","Lnfp.iii_pct","Lacto-N-fucopentaose III","Individual HMO containing Fucose","secondary","Control",0.156219685284146,0.14398261148534,0.168456759082951,163,0.157062666621436,0.100193009298174,0.129977459656863,0.0915815814427382,0.191082973785811
"Misame","1-2 mo.","Lnfp.iii_pct","Lacto-N-fucopentaose III","Individual HMO containing Fucose","secondary","BEP",0.162577947332128,0.146369162391133,0.178786732273124,124,0.166129103008816,0.104731297942839,0.139109536682168,0.103988818727027,0.198368823889099
"Misame","1-2 mo.","Sum_nmol.ml","Total sum of HMO concentrations","Bioactive","secondary","Control",13170.8340277622,12455.1134169821,13886.5546385422,163,13283.7132560886,4315.49250951595,12665.6017718406,10731.1633373997,15665.6479194956
"Misame","1-2 mo.","Sum_nmol.ml","Total sum of HMO concentrations","Bioactive","secondary","BEP",12906.4052170757,12269.4823041412,13543.3281300102,124,12710.4515687803,4095.39571226325,11764.2597623732,10062.2387981581,15008.4524374372
"Misame","1-2 mo.","Dflnh_nmol.ml","Difucosyllacto-N-hexaose","Individual HMO containing Fucose","secondary","Control",75.8724333805882,66.6715351922707,85.0733315689058,163,80.6118562395623,65.73172728968,65.8761043792588,29.1490737030828,107.478127709122
"Misame","1-2 mo.","Dflnh_nmol.ml","Difucosyllacto-N-hexaose","Individual HMO containing Fucose","secondary","BEP",78.7751747732506,69.0819410611814,88.4684084853199,124,72.2843304435791,60.285761752526,48.7471873642975,32.4780283866206,96.9693259179394
"Misame","1-2 mo.","Lnnt_pct","Lacto-N-neotetraose","Other individual HMO","secondary","Control",2.382161308671,2.09348980769128,2.67083280965072,163,2.53367738413109,1.87047315321181,2.09685565072004,1.35083008137142,3.29985705136737
"Misame","1-2 mo.","Lnnt_pct","Lacto-N-neotetraose","Other individual HMO","secondary","BEP",2.45790488428061,2.26291114478157,2.65289862377965,124,2.29644202564989,1.47386238593526,2.10952978133531,1.1749338849116,3.02998994550574
"Misame","1-2 mo.","Dflnt_pct","Difucosyllacto-N-tetrose","Individual HMO containing Fucose","secondary","Control",3.61637847345991,3.05573257757366,4.17702436934616,163,3.75386832710453,3.59269214592351,3.15572362436547,0.141320967041427,6.68952049017087
"Misame","1-2 mo.","Dflnt_pct","Difucosyllacto-N-tetrose","Individual HMO containing Fucose","secondary","BEP",3.7776779739982,3.2766880994923,4.27866784850409,124,3.64243245433555,3.45636627402127,3.05544145549857,0.229067307963517,6.52888402828829
"Misame","1-2 mo.","Fgf.21","FGF-21","Bioactive","secondary","Control",43.7018343621346,38.2822861379355,49.1213825863337,163,41.7056997018814,35.6920657763147,33.8210904002192,17.5622389281806,51.3069745449278
"Misame","1-2 mo.","Fgf.21","FGF-21","Bioactive","secondary","BEP",42.004237344923,36.2215062917099,47.7869683981362,124,45.5180650200254,48.3938719590391,29.018347856971,13.5630549512461,60.0214652594044
"Misame","1-2 mo.","Lnfp.iii_nmol.ml","Lacto-N-fucopentaose III","Individual HMO containing Fucose","secondary","Control",19.9935499658706,18.2175584069584,21.7695415247828,163,19.4608324097158,10.9164964076949,17.2870612131788,11.9101852967755,23.8523030406025
"Misame","1-2 mo.","Lnfp.iii_nmol.ml","Lacto-N-fucopentaose III","Individual HMO containing Fucose","secondary","BEP",19.5168366951523,17.6604050677855,21.3732683225191,124,20.344289928473,12.8380274416445,16.3080616873022,11.4926201241632,26.6695902687274
"Misame","1-2 mo.","Fdslnh_nmol.ml","Fucodisialyllacto-Nhexaose","Individual HMO containing Fucose","secondary","Control",180.742523835343,164.379204723639,197.105842947048,163,174.725074858192,123.795854893974,149.423495162011,92.9036612428146,207.915630896131
"Misame","1-2 mo.","Fdslnh_nmol.ml","Fucodisialyllacto-Nhexaose","Individual HMO containing Fucose","secondary","BEP",185.161414198099,165.029288242426,205.293540153772,124,191.032239840358,139.774135348416,142.982031099477,95.3206416067566,250.73236229558
"Misame","1-2 mo.","Dflnh_pct","Difucosyllacto-N-hexaose","Individual HMO containing Fucose","secondary","Control",0.624961787251105,0.537307184526146,0.712616389976065,163,0.648168659409858,0.527168860026916,0.552115862696974,0.265259068807027,0.849328710179345
"Misame","1-2 mo.","Dflnh_pct","Difucosyllacto-N-hexaose","Individual HMO containing Fucose","secondary","BEP",0.642812507126487,0.568328284693968,0.717296729559007,124,0.615649795628447,0.507886062310369,0.452475786436815,0.249095026449854,0.873235050778775
"Misame","1-2 mo.","Dflac_nmol.ml","Difucosyllactose","Individual HMO containing Fucose","secondary","Control",377.578718994128,323.098702025262,432.058735962993,163,389.341573653013,393.859062163264,314.367235974169,123.408823515429,500.784875089483
"Misame","1-2 mo.","Dflac_nmol.ml","Difucosyllactose","Individual HMO containing Fucose","secondary","BEP",386.200651269724,317.971584249639,454.42971828981,124,369.720930833622,437.907152860624,263.221689053168,64.8702738858109,488.268784564779
"Misame","1-2 mo.","X6.sl_nmol.ml","6’-sialyllactose","Individual HMO containing Sialic Acid","secondary","Control",660.79774544879,596.605657337881,724.989833559698,163,658.582265427082,395.258167837125,543.348132616683,372.392243917,836.715835508534
"Misame","1-2 mo.","X6.sl_nmol.ml","6’-sialyllactose","Individual HMO containing Sialic Acid","secondary","BEP",668.504922943668,609.29932120008,727.710524687256,124,677.529383236795,451.593882254976,558.02369087252,387.414558766942,804.272102120889
"Misame","1-2 mo.","Dslnt_nmol.ml","Disialyllacto-N-tetraose","Individual HMO containing Sialic Acid","secondary","Control",179.065580246108,163.012064618285,195.119095873931,163,178.071315591473,102.466084609126,160.174580676937,106.485350146776,233.866925511133
"Misame","1-2 mo.","Dslnt_nmol.ml","Disialyllacto-N-tetraose","Individual HMO containing Sialic Acid","secondary","BEP",181.581545869646,166.091259767456,197.071831971837,124,185.728178211465,107.3328168656,153.90327092099,106.27314793121,236.487363636621
"Misame","1-2 mo.","Dflac_pct","Difucosyllactose","Individual HMO containing Fucose","secondary","Control",2.69150794036415,2.33743376872158,3.04558211200671,163,2.69900086898421,2.172410974345,2.19101135033534,1.05412145920878,3.84243591730297
"Misame","1-2 mo.","Dflac_pct","Difucosyllactose","Individual HMO containing Fucose","secondary","BEP",2.64127265999626,2.29071796786361,2.99182735212891,124,2.58628858201205,2.39688605162692,2.08750834575998,0.552554034906003,3.72261804864361
"Misame","1-2 mo.","Insulin","Insulin","Bioactive","secondary","Control",27.3957776717855,25.0380291899613,29.7535261536097,163,26.9665899516247,15.8078671498136,23.3783009897443,16.1554799875155,33.680279475807
"Misame","1-2 mo.","Insulin","Insulin","Bioactive","secondary","BEP",26.9940373750158,24.5963823678922,29.3916923821395,124,27.4081405578008,16.1835848421614,23.069676090505,16.6500503371741,34.6577575680583
"Misame","1-2 mo.","Lstc_nmol.ml","Sialyl-lacto-N-tetraose c","Individual HMO containing Sialic Acid","secondary","Control",170.116046069617,154.469985630861,185.762106508372,163,177.522243396745,113.614155924691,152.290224491297,100.438291637531,215.389053776859
"Misame","1-2 mo.","Lstc_nmol.ml","Sialyl-lacto-N-tetraose c","Individual HMO containing Sialic Acid","secondary","BEP",171.465327046396,156.213725835803,186.716928256989,124,163.511062531956,101.323937168711,137.197249807876,93.7232700192211,216.222534979804
"Misame","1-2 mo.","Flnh_nmol.ml","Fucosyllacto-N-hexaose","Individual HMO containing Fucose","secondary","Control",261.680366124647,234.824486070528,288.536246178765,163,252.139078826214,146.618762692225,221.799931170995,143.471283579126,342.380325045788
"Misame","1-2 mo.","Flnh_nmol.ml","Fucosyllacto-N-hexaose","Individual HMO containing Fucose","secondary","BEP",260.553458768647,236.729851292613,284.377066244681,124,270.318201501403,176.721898749198,220.428121384015,149.975748667762,343.555227246861
"Misame","1-2 mo.","Sia_nmol.ml","HMO-bound Sialic Acid","Bioactive","secondary","Control",2187.49509646833,2036.66290496828,2338.32728796838,163,2167.51256169097,866.516576483538,1985.93556861051,1544.49251759277,2653.2928730978
"Misame","1-2 mo.","Sia_nmol.ml","HMO-bound Sialic Acid","Bioactive","secondary","BEP",2193.88282550244,2065.70082717316,2322.06482383171,124,2231.4234320246,971.98719521143,2031.58612593644,1606.31398958431,2646.78642945924
"Misame","1-2 mo.","Lstc_pct","Sialyl-lacto-N-tetraose c","Individual HMO containing Sialic Acid","secondary","Control",1.30224652674974,1.18753601285874,1.41695704064075,163,1.34364226172207,0.76364888543755,1.17666931367659,0.904918998730774,1.61171543896255
"Misame","1-2 mo.","Lstc_pct","Sialyl-lacto-N-tetraose c","Individual HMO containing Sialic Acid","secondary","BEP",1.31277573046168,1.21904385910194,1.40650760182142,124,1.27442175603263,0.641856541363141,1.17463188116416,0.802174419813052,1.64161177253659
"Misame","1-2 mo.","Dslnh_pct","Disialyllacto-N-hexaose","Individual HMO containing Sialic Acid","secondary","Control",1.20218668129133,1.06892083906974,1.33545252351292,163,1.16531473052893,0.698812735909535,1.01941975386374,0.712324055495625,1.49180170141172
"Misame","1-2 mo.","Dslnh_pct","Disialyllacto-N-hexaose","Individual HMO containing Sialic Acid","secondary","BEP",1.19971757210734,1.07304259273902,1.32639255147566,124,1.24687338334362,0.935065151171286,1.07179320752317,0.672552143111393,1.52211261990135
"Misame","1-2 mo.","Calprotectin","Calprotectin (S100A8/A9)","Bioactive","secondary","Control",1253213.75743403,712561.462617079,1793866.05225099,163,1206101.58652339,2872331.23148779,280522.756389119,70523.9015920346,1081235.61646764
"Misame","1-2 mo.","Calprotectin","Calprotectin (S100A8/A9)","Bioactive","secondary","BEP",26181621.7068756,-19421626.060022,71784869.4737732,124,32069793.5176123,344441511.416054,294354.018151129,47679.6711019578,805476.827251927
"Misame","1-2 mo.","Iga","Secretory IgA","Bioactive","secondary","Control",455071811.386191,402063768.335618,508079854.436763,163,592469776.211376,332655034.080343,491464522.437004,399865905.964611,703138923.640162
"Misame","1-2 mo.","Iga","Secretory IgA","Bioactive","secondary","BEP",100821545356640,-86765070800261.8,288408161513542,124,126323760539931,1406675289782855,510092391.892723,363339200.826745,711596913.582952
"Misame","3-4 mo.","X2.fl_nmol.ml","2’-fucosyllactose","Individual HMO containing Fucose","secondary","Control",4817.03622340757,4241.4929181237,5392.57952869144,157,4711.55154485118,3509.73321836354,4606.10528611351,2549.89222572203,6284.98230498856
"Misame","3-4 mo.","X2.fl_nmol.ml","2’-fucosyllactose","Individual HMO containing Fucose","secondary","BEP",4081.60321978703,3560.97189066971,4602.23454890435,123,4066.64884860521,3294.09338629646,4056.90971685763,157.939177108964,6544.79774912271
"Misame","3-4 mo.","X3.sl_nmol.ml","3’-sialyllactose","Individual HMO containing Sialic Acid","secondary","Control",227.088033998056,211.560564652454,242.615503343658,157,209.858882850788,88.9470784493082,200.005543154775,146.834966380418,257.473877074872
"Misame","3-4 mo.","X3.sl_nmol.ml","3’-sialyllactose","Individual HMO containing Sialic Acid","secondary","BEP",204.347469656385,192.666087579322,216.028851733447,123,219.188014151769,102.841022150313,196.533604479381,148.788103643379,251.365895895728
"Misame","3-4 mo.","Lnfp.i_nmol.ml","Lacto-N-fucopentaose I","Individual HMO containing Fucose","secondary","Control",697.670473339648,573.67370811227,821.667238567026,157,627.054489325292,645.941266767989,429.305494337951,214.774383496041,910.642192786408
"Misame","3-4 mo.","Lnfp.i_nmol.ml","Lacto-N-fucopentaose I","Individual HMO containing Fucose","secondary","BEP",557.200195873701,472.15378891462,642.246602832782,123,619.137017282093,695.425069355398,359.816345702782,157.294062740321,803.352858041183
"Misame","3-4 mo.","Dflnh_nmol.ml","Difucosyllacto-N-hexaose","Individual HMO containing Fucose","secondary","Control",61.6476480631143,53.6219379766694,69.6733581495591,157,68.658121051614,57.3574115272169,51.3217042534646,26.2323612920294,94.7897445953882
"Misame","3-4 mo.","Dflnh_nmol.ml","Difucosyllacto-N-hexaose","Individual HMO containing Fucose","secondary","BEP",73.1784656154119,64.0574090839011,82.2995221469227,123,66.6536182028317,53.6030251584237,53.5071787010029,28.1497238884665,83.0165641949523
"Misame","3-4 mo.","Lnt_pct","Lacto-N-tetrose","Other individual HMO","secondary","Control",9.28332180540448,7.94158778651001,10.625055824299,157,9.85538273811394,8.78949975320715,6.72491388490897,4.34071526719386,11.6410752862211
"Misame","3-4 mo.","Lnt_pct","Lacto-N-tetrose","Other individual HMO","secondary","BEP",11.5506872758914,10.0418567981941,13.0595177535887,123,11.2760138518841,10.1457939827176,7.40157691913646,5.3622817669096,12.4964334718679
"Misame","3-4 mo.","Lnfp.ii_pct","Lacto-N-fucopentaose II","Individual HMO containing Fucose","secondary","Control",7.37874376939684,6.62890432009584,8.12858321869784,157,7.734152246037,4.7460021062821,7.21674666191781,4.19518318184653,10.4112007873397
"Misame","3-4 mo.","Lnfp.ii_pct","Lacto-N-fucopentaose II","Individual HMO containing Fucose","secondary","BEP",8.45992930719694,7.69916594072886,9.22069267366502,123,8.24162136277369,4.8127433424408,7.21900753292536,4.87366895302548,11.3164563173464
"Misame","3-4 mo.","Lstb_pct","Sialyl-lacto-N-tetraose b","Individual HMO containing Sialic Acid","secondary","Control",0.565225065014911,0.506165061452749,0.624285068577072,157,0.578585152031342,0.370256971448644,0.485052343880785,0.306396111615728,0.718176444662409
"Misame","3-4 mo.","Lstb_pct","Sialyl-lacto-N-tetraose b","Individual HMO containing Sialic Acid","secondary","BEP",0.647497412742058,0.595690869711055,0.69930395577306,123,0.645030036154651,0.373497874770956,0.583865052685128,0.377216505368791,0.79060934955298
"Misame","3-4 mo.","Dflnh_pct","Difucosyllacto-N-hexaose","Individual HMO containing Fucose","secondary","Control",0.578488120425162,0.498547985661759,0.658428255188565,157,0.638323539990405,0.520703821070097,0.483983308531437,0.241315743719756,0.917110811223784
"Misame","3-4 mo.","Dflnh_pct","Difucosyllacto-N-hexaose","Individual HMO containing Fucose","secondary","BEP",0.681597972807293,0.604646448356326,0.758549497258261,123,0.623687882856319,0.469166784873158,0.542824163050002,0.244775029464789,0.882828837738904
"Misame","3-4 mo.","Fgf.21","FGF-21","Bioactive","secondary","Control",39.5061143541386,32.4845184797181,46.527710228559,157,38.2977388433084,42.1641637323595,26.9284351863602,12.8908321662941,46.2835063167888
"Misame","3-4 mo.","Fgf.21","FGF-21","Bioactive","secondary","BEP",30.5511062828173,26.3991373523958,34.7030752132388,123,30.49901356942,30.1294995819057,21.4234456753712,11.0154002094044,35.0226420580437
"Misame","3-4 mo.","X2.fl_pct","2’-fucosyllactose","Individual HMO containing Fucose","secondary","Control",38.1136960025198,34.4320833209141,41.7953086841254,157,38.0781239675847,22.9044423918212,39.9320103132568,23.6641270316266,53.5070684170197
"Misame","3-4 mo.","X2.fl_pct","2’-fucosyllactose","Individual HMO containing Fucose","secondary","BEP",33.6635330880749,30.4372807137673,36.8897854623826,123,32.7593605486692,23.6748758431273,34.6028587569586,1.45473379853999,50.7606626422598
"Misame","3-4 mo.","Lnfp.ii_nmol.ml","Lacto-N-fucopentaose II","Individual HMO containing Fucose","secondary","Control",789.283668975308,718.938413953486,859.628923997131,157,821.328182179867,484.843640483487,771.793646759661,467.872326029851,1096.56858876351
"Misame","3-4 mo.","Lnfp.ii_nmol.ml","Lacto-N-fucopentaose II","Individual HMO containing Fucose","secondary","BEP",882.66806382395,801.273245198152,964.062882449748,123,862.301717460176,503.548844109577,721.632076465869,515.939449457466,1140.99357234857
"Misame","3-4 mo.","Lnfp.iii_nmol.ml","Lacto-N-fucopentaose III","Individual HMO containing Fucose","secondary","Control",15.7192346258024,13.9430885817601,17.4953806698446,157,14.6272693848302,8.91157176970697,12.989634943891,8.13165156903307,17.9058921166445
"Misame","3-4 mo.","Lnfp.iii_nmol.ml","Lacto-N-fucopentaose III","Individual HMO containing Fucose","secondary","BEP",13.8697423248953,12.7452211531546,14.994263496636,123,14.8900864185086,9.34305611542002,12.9211309233618,9.15006109137202,18.6454511553024
"Misame","3-4 mo.","Lnt_nmol.ml","Lacto-N-tetrose","Other individual HMO","secondary","Control",963.518753099759,845.844048335141,1081.19345786438,157,961.636698483415,666.705179306337,757.860063866421,524.332201364659,1249.03121701117
"Misame","3-4 mo.","Lnt_nmol.ml","Lacto-N-tetrose","Other individual HMO","secondary","BEP",1085.45921799442,976.281775099386,1194.63666088945,123,1112.0164753822,748.592900978285,868.886230751259,598.975705282832,1476.40375257954
"Misame","3-4 mo.","Fuc_nmol.ml","HMO-bound Fucose","Bioactive","secondary","Control",10194.3742593295,9565.77309543462,10822.9754232243,157,9981.8872414159,4074.83940474331,9848.87838437348,7708.88660836013,12495.9781435203
"Misame","3-4 mo.","Fuc_nmol.ml","HMO-bound Fucose","Bioactive","secondary","BEP",9507.47772048856,8877.47101654009,10137.484424437,123,9631.65208562744,4075.53967430774,9453.48225050683,7190.47032070496,11529.3232992434
"Misame","3-4 mo.","Lnfp.i_pct","Lacto-N-fucopentaose I","Individual HMO containing Fucose","secondary","Control",5.39304349425357,4.63595786834992,6.15012912015722,157,5.09835901206697,3.97040589389499,3.67343103978811,1.98359177859184,7.86270505571593
"Misame","3-4 mo.","Lnfp.i_pct","Lacto-N-fucopentaose I","Individual HMO containing Fucose","secondary","BEP",4.66179537558976,4.07049026171189,5.25310048946762,123,4.88155814866639,4.237718855267,3.26764687119436,1.72885896647986,6.76597964873151
"Misame","3-4 mo.","Lstc_pct","Sialyl-lacto-N-tetraose c","Individual HMO containing Sialic Acid","secondary","Control",0.808509242720117,0.730243553901839,0.886774931538395,157,0.899992239605048,0.56832266349596,0.756080919508263,0.531210619903245,1.106485077891
"Misame","3-4 mo.","Lstc_pct","Sialyl-lacto-N-tetraose c","Individual HMO containing Sialic Acid","secondary","BEP",0.89865222079451,0.815766122487203,0.981538319101817,123,0.803170643498713,0.496353465395423,0.701138507193455,0.454684786354849,0.947205569682272
"Misame","3-4 mo.","Dslnt_pct","Disialyllacto-N-tetraose","Individual HMO containing Sialic Acid","secondary","Control",1.04329162405538,0.941570357821967,1.14501289028879,157,1.06037078529981,0.62287471174813,0.885587526769106,0.633827759394566,1.36252932180396
"Misame","3-4 mo.","Dslnt_pct","Disialyllacto-N-tetraose","Individual HMO containing Sialic Acid","secondary","BEP",1.1528088914386,1.06060139522467,1.24501638765252,123,1.15341957012533,0.627556622900066,1.02228439731234,0.728489863245672,1.35147826873671
"Misame","3-4 mo.","Fdslnh_pct","Fucodisialyllacto-Nhexaose","Individual HMO containing Fucose","secondary","Control",1.29772373077026,1.1460674073468,1.44938005419371,157,1.29171764040548,0.973917712437382,1.02580941166959,0.643189428910039,1.63538968654676
"Misame","3-4 mo.","Fdslnh_pct","Fucodisialyllacto-Nhexaose","Individual HMO containing Fucose","secondary","BEP",1.49394351662507,1.30774292458138,1.68014410866875,123,1.5502389397071,1.25654750278639,1.2350303647873,0.671599323248879,2.07616793761992
"Misame","3-4 mo.","Sum_nmol.ml","Total sum of HMO concentrations","Bioactive","secondary","Control",11680.7855872124,11055.681986185,12305.8891882399,157,11422.5565269363,3772.30386808543,11300.7878844662,8985.73968703947,13805.8218936232
"Misame","3-4 mo.","Sum_nmol.ml","Total sum of HMO concentrations","Bioactive","secondary","BEP",11099.1799626701,10511.7280799667,11686.6318453736,123,11305.1118890549,3809.81336448518,10582.0434909878,9001.15695325864,13048.6038192378
"Misame","3-4 mo.","Flnh_pct","Fucosyllacto-N-hexaose","Individual HMO containing Fucose","secondary","Control",1.40121200283642,1.13732729525479,1.66509671041805,157,1.36765343582252,1.36707374130274,0.975871642139668,0.603134257874458,1.53862542404759
"Misame","3-4 mo.","Flnh_pct","Fucosyllacto-N-hexaose","Individual HMO containing Fucose","secondary","BEP",1.640763314739,1.41387791674898,1.86764871272901,123,1.7164266929747,1.82833912471891,1.13103499835596,0.684888078250012,2.05007527781465
"Misame","3-4 mo.","Fdslnh_nmol.ml","Fucodisialyllacto-Nhexaose","Individual HMO containing Fucose","secondary","Control",135.683922099761,123.504965768302,147.862878431219,157,131.148579284465,82.8198062639179,113.803975896808,72.2641959462863,167.277068627629
"Misame","3-4 mo.","Fdslnh_nmol.ml","Fucodisialyllacto-Nhexaose","Individual HMO containing Fucose","secondary","BEP",149.150690086873,131.223448304088,167.077931869658,123,156.929371489641,124.147924951994,132.420943084586,80.6965583533986,199.388082422303
"Misame","3-4 mo.","Leptin","Leptin","Bioactive","secondary","Control",350.072507515532,237.097532600337,463.047482430727,157,433.301561716761,1082.73467697192,77.4477163212987,22.4560544598247,392.716625556475
"Misame","3-4 mo.","Leptin","Leptin","Bioactive","secondary","BEP",478.927008935902,298.423899609512,659.430118262292,123,400.317898954063,872.423550640784,109.075958056361,34.3483878134474,286.178536130249
"Misame","3-4 mo.","Dflnt_pct","Difucosyllacto-N-tetrose","Individual HMO containing Fucose","secondary","Control",2.99502303022627,2.50662317732381,3.48342288312872,157,3.20299222928112,3.09967527456075,3.09026886834989,0.144646193296917,5.39168778180741
"Misame","3-4 mo.","Dflnt_pct","Difucosyllacto-N-tetrose","Individual HMO containing Fucose","secondary","BEP",3.38465960762443,2.91762939061454,3.85168982463432,123,3.21591141517156,3.00336614070132,2.70376648215579,0.21923532718228,5.65879080053407
"Misame","3-4 mo.","Lstb_nmol.ml","Sialyl-lacto-N-tetraose b","Individual HMO containing Sialic Acid","secondary","Control",61.8695463919234,55.9687439917002,67.7703487921465,157,60.5759302350078,32.6807819717805,54.275796221379,34.2559437937518,78.8606132354584
"Misame","3-4 mo.","Lstb_nmol.ml","Sialyl-lacto-N-tetraose b","Individual HMO containing Sialic Acid","secondary","BEP",66.4126728900901,60.6984701207324,72.1268756594479,123,68.9440715001898,40.8083702567842,59.9725290436506,40.5533507945804,86.1777577544094
"Misame","3-4 mo.","X6.sl_pct","6’-sialyllactose","Individual HMO containing Sialic Acid","secondary","Control",3.63922173162405,3.174303508651,4.10413995459709,157,3.66879728520735,2.65246556275158,2.89293708321307,2.1045969565565,4.18122482031522
"Misame","3-4 mo.","X6.sl_pct","6’-sialyllactose","Individual HMO containing Sialic Acid","secondary","BEP",3.99853215274159,3.56012441715677,4.43693988832641,123,4.04820470368258,3.21815106893819,3.10282094736448,2.23411502531205,4.6766786096274
"Misame","3-4 mo.","Dflac_nmol.ml","Difucosyllactose","Individual HMO containing Fucose","secondary","Control",392.326192668858,329.527425178768,455.124960158949,157,392.045482481243,413.357716215035,284.818375792997,120.494220088729,513.440717511134
"Misame","3-4 mo.","Dflac_nmol.ml","Difucosyllactose","Individual HMO containing Fucose","secondary","BEP",350.762767304782,295.099234323988,406.426300285575,123,335.046168943069,337.795937441771,271.085794532088,48.1643838816808,489.827317724376
"Misame","3-4 mo.","Dflac_pct","Difucosyllactose","Individual HMO containing Fucose","secondary","Control",3.07335171802927,2.71042252043779,3.43628091562075,157,3.11128144113505,2.64276440095945,2.50810818597369,1.10104075642363,4.39462298845856
"Misame","3-4 mo.","Dflac_pct","Difucosyllactose","Individual HMO containing Fucose","secondary","BEP",2.82868221122156,2.46383436093181,3.19353006151132,123,2.65821369553046,2.17527690388535,2.43080463760807,0.582904375028826,3.99907697167303
"Misame","3-4 mo.","Dflnt_nmol.ml","Difucosyllacto-N-tetrose","Individual HMO containing Fucose","secondary","Control",377.375565150918,314.805996442433,439.945133859403,157,391.667180940709,440.161476702774,302.851069332591,15.4632621647706,629.114509031618
"Misame","3-4 mo.","Dflnt_nmol.ml","Difucosyllacto-N-tetrose","Individual HMO containing Fucose","secondary","BEP",418.649052542897,353.100856591048,484.197248494747,123,403.278558722319,449.16258292805,279.765350691689,20.2037410651795,640.186614611323
"Misame","3-4 mo.","Flnh_nmol.ml","Fucosyllacto-N-hexaose","Individual HMO containing Fucose","secondary","Control",141.046071574189,122.590288813874,159.501854334505,157,132.30849836889,90.1408829374484,111.405239263144,72.2185575808888,176.475102783304
"Misame","3-4 mo.","Flnh_nmol.ml","Fucosyllacto-N-hexaose","Individual HMO containing Fucose","secondary","BEP",151.834643257054,136.4843319594,167.184954554708,123,162.49085806487,121.005743064029,131.778634150125,74.6448603378156,222.407686355911
"Misame","3-4 mo.","Secretor","Maternal Secretor Status","Bioactive","secondary","Control",0.808969249178311,0.741597478357582,0.87634101999904,157,0.828025477707006,0.378565848843802,1,1,1
"Misame","3-4 mo.","Secretor","Maternal Secretor Status","Bioactive","secondary","BEP",0.771812080536913,0.704307385263427,0.839316775810399,123,0.739837398373984,0.440517549081661,1,0,1
"Misame","3-4 mo.","Lnnt_pct","Lacto-N-neotetraose","Other individual HMO","secondary","Control",2.29943439884168,1.96788732469303,2.63098147299034,157,2.53626799065294,2.16339294409973,2.0807260002971,1.14430206187126,3.35270319971162
"Misame","3-4 mo.","Lnnt_pct","Lacto-N-neotetraose","Other individual HMO","secondary","BEP",2.43895762416653,2.21765549733829,2.66025975099477,123,2.19202593270442,1.60961388581969,1.72308560457941,1.04896020540127,2.8911262792595
"Misame","3-4 mo.","Lnh_pct","Lacto-N-hexaose","Other individual HMO","secondary","Control",0.884869530855977,0.716982744774783,1.05275631693717,157,0.934543790876138,1.05424217380801,0.669056253661935,0.413583905965617,1.10585266413651
"Misame","3-4 mo.","Lnh_pct","Lacto-N-hexaose","Other individual HMO","secondary","BEP",0.952209271948676,0.860977861188348,1.043440682709,123,0.912239389680551,0.629436441750995,0.63118887443231,0.482402486379012,1.20425550076003
"Misame","3-4 mo.","Lstc_nmol.ml","Sialyl-lacto-N-tetraose c","Individual HMO containing Sialic Acid","secondary","Control",95.0379794832666,84.5736664326146,105.502292533918,157,104.015740810694,85.5604069678028,80.5206553189084,54.8005150167986,121.588351829949
"Misame","3-4 mo.","Lstc_nmol.ml","Sialyl-lacto-N-tetraose c","Individual HMO containing Sialic Acid","secondary","BEP",99.852901089259,87.7525963822601,111.953205796258,123,88.9759656231609,58.9254159250067,79.7743899949948,46.6987431117913,112.391698804433
"Misame","3-4 mo.","Lnh_nmol.ml","Lacto-N-hexaose","Other individual HMO","secondary","Control",96.4151226611107,82.9745151995922,109.855730122629,157,96.5555911947285,80.0360896519513,71.3393118834412,48.294384093857,116.331988633171
"Misame","3-4 mo.","Lnh_nmol.ml","Lacto-N-hexaose","Other individual HMO","secondary","BEP",101.348339125518,91.6439797296902,111.052698521346,123,101.381321232493,79.5083661619956,65.8955560333785,47.8660409759618,125.622359953914
"Misame","3-4 mo.","X3.sl_pct","3’-sialyllactose","Individual HMO containing Sialic Acid","secondary","Control",2.04082289457323,1.87604934042287,2.20559644872358,157,1.97108914585735,1.030218719686,1.73045901598925,1.42872024084187,2.29331284681392
"Misame","3-4 mo.","X3.sl_pct","3’-sialyllactose","Individual HMO containing Sialic Acid","secondary","BEP",1.99226801152062,1.85383834367699,2.13069767936426,123,2.07244159178102,0.984052505853212,1.77177612147681,1.42162519487298,2.50782760462097
"Misame","3-4 mo.","Insulin","Insulin","Bioactive","secondary","Control",28.8348044250138,26.451736925841,31.2178719241866,157,27.4989224298918,15.2954090209344,23.9362231683592,17.1579690424219,35.9179588337718
"Misame","3-4 mo.","Insulin","Insulin","Bioactive","secondary","BEP",28.085089814295,25.8151458637728,30.3550337648172,123,29.5653508420664,15.3084511008249,26.8048601333853,17.7642693367867,38.4567566039424
"Misame","3-4 mo.","X6.sl_nmol.ml","6’-sialyllactose","Individual HMO containing Sialic Acid","secondary","Control",397.831607256498,353.125876571283,442.537337941713,157,385.270941766694,230.772454240748,322.04147181547,245.957558759815,465.021221848835
"Misame","3-4 mo.","X6.sl_nmol.ml","6’-sialyllactose","Individual HMO containing Sialic Acid","secondary","BEP",408.757944860695,369.679690804079,447.836198917311,123,425.77106289344,291.6238757197,327.714606357301,225.775022017191,555.125121482334
"Misame","3-4 mo.","Dslnh_nmol.ml","Disialyllacto-N-hexaose","Individual HMO containing Sialic Acid","secondary","Control",81.2948155195271,70.9421947392266,91.6474362998276,157,81.2716663077476,61.5884376425447,67.6187947071923,43.0293795366638,107.445123806981
"Misame","3-4 mo.","Dslnh_nmol.ml","Disialyllacto-N-hexaose","Individual HMO containing Sialic Acid","secondary","BEP",78.7825052948236,70.0633959773516,87.5016146122956,123,78.1714245165596,57.6308867287443,65.6522405161083,37.8382487220229,102.565665237143
"Misame","3-4 mo.","Lnfp.iii_pct","Lacto-N-fucopentaose III","Individual HMO containing Fucose","secondary","Control",0.14128870610322,0.123651354031842,0.158926058174599,157,0.138824899226896,0.0999595274667868,0.115675180270725,0.0798880159564748,0.173438566417197
"Misame","3-4 mo.","Lnfp.iii_pct","Lacto-N-fucopentaose III","Individual HMO containing Fucose","secondary","BEP",0.136959299887238,0.123707078202406,0.150211521572071,123,0.139177258701399,0.0838146528759049,0.11465162469567,0.0822523722095611,0.159923282427437
"Misame","3-4 mo.","Sia_nmol.ml","HMO-bound Sialic Acid","Bioactive","secondary","Control",1454.45690996348,1344.85802701151,1564.05579291544,157,1415.69585721856,573.611840185675,1257.9298197108,1057.8348460943,1718.85208025207
"Misame","3-4 mo.","Sia_nmol.ml","HMO-bound Sialic Acid","Bioactive","secondary","BEP",1475.36877446691,1379.87822169995,1570.85932723387,123,1528.60334081396,681.393999716889,1321.29289609562,1108.72459967474,1780.89839876953
"Misame","3-4 mo.","X3fl_pct","3-fucosyllactose","Individual HMO containing Fucose","secondary","Control",18.2830164796229,15.5158091421715,21.0502238170744,157,17.0875007226294,15.3049842875467,13.4133335049165,3.67633931189896,24.6564618465408
"Misame","3-4 mo.","X3fl_pct","3-fucosyllactose","Individual HMO containing Fucose","secondary","BEP",18.7693954635,16.3510204634919,21.1877704635081,123,20.3693408432453,17.4528434352612,16.9569300800831,5.78284491476836,29.2827019332786
"Misame","3-4 mo.","X3fl_nmol.ml","3-fucosyllactose","Individual HMO containing Fucose","secondary","Control",1957.84799421786,1668.85065051241,2246.84533792331,157,1839.12710907424,1659.67918799312,1527.87119027516,404.9452164522,2694.8479424123
"Misame","3-4 mo.","X3fl_nmol.ml","3-fucosyllactose","Individual HMO containing Fucose","secondary","BEP",1984.82820555885,1725.17326157347,2244.48314954422,123,2139.2974945705,1778.75509677727,1879.82687804026,563.338287961925,3068.52890185809
"Misame","3-4 mo.","Lnnt_nmol.ml","Lacto-N-neotetraose","Other individual HMO","secondary","Control",267.272889526891,230.113080139326,304.432698914456,157,278.287683159458,209.598877883931,208.135484945016,124.380153296721,378.841596164694
"Misame","3-4 mo.","Lnnt_nmol.ml","Lacto-N-neotetraose","Other individual HMO","secondary","BEP",270.66013172846,238.901567786604,302.418695670315,123,256.228496679365,236.385488221841,195.021696713486,101.066621027433,317.805686807178
"Misame","3-4 mo.","Dslnh_pct","Disialyllacto-N-hexaose","Individual HMO containing Sialic Acid","secondary","Control",0.738769913764451,0.626700615809347,0.850839211719554,157,0.746041738176565,0.614193833440182,0.629266383065098,0.430985365689094,0.92044989231779
"Misame","3-4 mo.","Dslnh_pct","Disialyllacto-N-hexaose","Individual HMO containing Sialic Acid","secondary","BEP",0.751867079253992,0.669912027462974,0.833822131045009,123,0.741917492192564,0.557429938974774,0.607392847506368,0.395185475139703,0.918229076709442
"Misame","3-4 mo.","Dslnt_nmol.ml","Disialyllacto-N-tetraose","Individual HMO containing Sialic Acid","secondary","Control",121.659134480641,108.138066990728,135.180201970553,157,115.566935185476,73.1016433325745,98.0326534295284,67.359857926723,138.924407983253
"Misame","3-4 mo.","Dslnt_nmol.ml","Disialyllacto-N-tetraose","Individual HMO containing Sialic Acid","secondary","BEP",120.713294024376,109.819229410483,131.60735863827,123,127.761317316501,83.2210947118347,107.948591635894,79.826619177622,150.431750512192
"Misame","3-4 mo.","Calprotectin","Calprotectin (S100A8/A9)","Bioactive","secondary","Control",585125.007694252,393500.904907837,776749.110480666,157,790859.655319554,2361370.05938262,135870.161332113,42296.6961601281,555186.150571789
"Misame","3-4 mo.","Calprotectin","Calprotectin (S100A8/A9)","Bioactive","secondary","BEP",950722.092061186,465559.372580539,1435884.81154183,123,762238.426642147,2527236.33774435,115824.166598559,28104.4243599412,493492.233778724
"Misame","3-4 mo.","Iga","Secretory IgA","Bioactive","secondary","Control",659093409.538566,446329413.700491,871857405.376642,157,723209476.351905,1884213833.55592,465598959.981676,369986359.951285,608214599.169901
"Misame","3-4 mo.","Iga","Secretory IgA","Bioactive","secondary","BEP",584644399.222021,353965670.153226,815323128.290816,123,485759693.576917,265304019.136193,409333788.297062,316614554.406224,547595137.14065
"Vital","1.5 mo.","Insulin","Insulin","Bioactive","secondary","Control",42.5218689837378,37.6157410779695,47.427996889506,50,43.1005156600003,20.1155617583843,39.731837794506,27.6191200261466,55.3297727595696
"Vital","1.5 mo.","Insulin","Insulin","Bioactive","secondary","BEP",53.2327829877961,48.579957456249,57.8856085193433,100,53.4832724575923,24.5593720982168,49.436818054682,37.4298746389568,63.5386017814586
"Vital","1.5 mo.","Lstb_nmol.ml","Sialyl-lacto-N-tetraose b","Individual HMO containing Sialic Acid","secondary","Control",154.35383358044,136.281651670337,172.426015490542,50,155.349376785632,68.4107353460696,143.803931251535,104.721617640905,198.447771517954
"Vital","1.5 mo.","Lstb_nmol.ml","Sialyl-lacto-N-tetraose b","Individual HMO containing Sialic Acid","secondary","BEP",124.253937942658,112.996214085577,135.511661799739,100,124.253937942658,57.535038483871,111.297663912326,82.1199533992168,156.682210682229
"Vital","1.5 mo.","Lstb_pct","Sialyl-lacto-N-tetraose b","Individual HMO containing Sialic Acid","secondary","Control",1.3969189017497,1.22775693224745,1.56608087125195,50,1.42813873649405,0.680127001162871,1.37700920137334,0.892024303295301,1.7990594578787
"Vital","1.5 mo.","Lstb_pct","Sialyl-lacto-N-tetraose b","Individual HMO containing Sialic Acid","secondary","BEP",1.12674268383461,1.01768289311504,1.23580247455418,100,1.12674268383461,0.557373705000472,1.01287920955684,0.729046508772752,1.52569533965297
"Vital","1.5 mo.","Secretor","Maternal Secretor Status","Bioactive","secondary","Control",0.581127062025679,0.470188189864033,0.692065934187325,50,0.54,0.503457433905888,1,0,1
"Vital","1.5 mo.","Secretor","Maternal Secretor Status","Bioactive","secondary","BEP",0.710218801445403,0.630444200722787,0.789993402168019,100,0.72,0.451260859854213,1,0,1
"Vital","1.5 mo.","X3fl_nmol.ml","3-fucosyllactose","Individual HMO containing Fucose","secondary","Control",275.544941642271,232.8509022655,318.238981019041,50,285.756514071246,231.787435930265,217.12055585013,97.6096543954149,438.772172134591
"Vital","1.5 mo.","X3fl_nmol.ml","3-fucosyllactose","Individual HMO containing Fucose","secondary","BEP",221.451172899219,187.749894643004,255.152451155435,100,219.837126520729,175.934602203766,158.171770242728,88.1468605325951,300.17967332868
"Vital","1.5 mo.","Lnt_nmol.ml","Lacto-N-tetrose","Other individual HMO","secondary","Control",2154.55602102095,1827.40350344739,2481.70853859451,50,2154.55602102095,1188.28781751619,1976.17762775177,1268.61764037424,2685.51457944509
"Vital","1.5 mo.","Lnt_nmol.ml","Lacto-N-tetrose","Other individual HMO","secondary","BEP",1794.80871676417,1626.05419533242,1963.56323819592,100,1800.58856697759,871.737290081632,1658.52012685042,1201.62977376861,2171.61417259934
"Vital","1.5 mo.","Lnfp.iii_nmol.ml","Lacto-N-fucopentaose III","Individual HMO containing Fucose","secondary","Control",31.4720922017658,26.9089655914487,36.035218812083,50,31.4104043271462,17.0964375545547,27.3715503502102,18.6632526279872,42.3427753683696
"Vital","1.5 mo.","Lnfp.iii_nmol.ml","Lacto-N-fucopentaose III","Individual HMO containing Fucose","secondary","BEP",26.6125211511022,24.1145203521891,29.1105219500152,100,26.6125211511022,12.7665746577897,23.9349434065288,17.1757515617011,34.3410611611416
"Vital","1.5 mo.","Sia_nmol.ml","HMO-bound Sialic Acid","Bioactive","secondary","Control",2046.05476454541,1903.64785950815,2188.46166958268,50,2046.05476454541,517.252294559885,2044.70203054159,1680.93570269668,2393.35724937466
"Vital","1.5 mo.","Sia_nmol.ml","HMO-bound Sialic Acid","Bioactive","secondary","BEP",1832.66734026386,1701.9094701389,1963.42521038882,100,1832.66734026386,668.266444018054,1672.98539440222,1417.27900436104,2149.01039541689
"Vital","1.5 mo.","Lnnt_pct","Lacto-N-neotetraose","Other individual HMO","secondary","Control",6.77528695335605,5.90872126731159,7.64185263940051,50,6.56490514018901,3.85189645131584,6.16787036684582,3.36123419354654,8.82947146949627
"Vital","1.5 mo.","Lnnt_pct","Lacto-N-neotetraose","Other individual HMO","secondary","BEP",7.95513009563325,7.17586495640234,8.73439523486416,100,8.03490317349617,4.21973039119856,7.53159420102152,4.58163213727844,10.6252917785209
"Vital","1.5 mo.","Lnfp.iii_pct","Lacto-N-fucopentaose III","Individual HMO containing Fucose","secondary","Control",0.271464786866694,0.238556163467578,0.304373410265809,50,0.275174536711613,0.135432575854721,0.258691962114467,0.194693925839314,0.320592426316411
"Vital","1.5 mo.","Lnfp.iii_pct","Lacto-N-fucopentaose III","Individual HMO containing Fucose","secondary","BEP",0.233539064951664,0.211884207448018,0.255193922455309,100,0.233539064951664,0.110671844118057,0.211105995868854,0.159813366928361,0.282505452971012
"Vital","1.5 mo.","Dslnt_pct","Disialyllacto-N-tetraose","Individual HMO containing Sialic Acid","secondary","Control",1.65515177548721,1.42939213486102,1.88091141611341,50,1.65628058101552,0.82253380069761,1.49767122905976,0.962028110630399,2.08326991233931
"Vital","1.5 mo.","Dslnt_pct","Disialyllacto-N-tetraose","Individual HMO containing Sialic Acid","secondary","BEP",1.40950029322129,1.2782758596345,1.54072472680807,100,1.40950029322129,0.670650917742239,1.2569931439348,0.915640010994008,1.76061020275956
"Vital","1.5 mo.","Lnfp.ii_nmol.ml","Lacto-N-fucopentaose II","Individual HMO containing Fucose","secondary","Control",1321.62190669069,1108.48388502026,1534.75992836111,50,1321.62190669068,774.162817021631,1153.39295757483,785.695729438574,1859.79812332283
"Vital","1.5 mo.","Lnfp.ii_nmol.ml","Lacto-N-fucopentaose II","Individual HMO containing Fucose","secondary","BEP",1099.51252891142,955.733770003419,1243.29128781942,100,1092.43006493069,752.376714568118,890.854497604429,561.141341492049,1618.07126816051
"Vital","1.5 mo.","X3fl_pct","3-fucosyllactose","Individual HMO containing Fucose","secondary","Control",3.30489181508078,2.30241900791355,4.30736462224802,50,3.3453741471112,3.82720974982918,1.6872800725567,0.750816519966785,5.14010981924657
"Vital","1.5 mo.","X3fl_pct","3-fucosyllactose","Individual HMO containing Fucose","secondary","BEP",2.36914064453344,1.92682466754831,2.81145662151858,100,2.31931458449196,2.37511083477182,1.38229672316294,0.608535802284187,3.2866832371798
"Vital","1.5 mo.","Lnt_pct","Lacto-N-tetrose","Other individual HMO","secondary","Control",19.4732946753823,16.6864865305827,22.260102820182,50,19.9932780991317,12.5103596876229,18.1612849944502,11.471743122166,25.0600920444663
"Vital","1.5 mo.","Lnt_pct","Lacto-N-tetrose","Other individual HMO","secondary","BEP",16.7026261309604,15.0046780375629,18.4005742243579,100,16.6926853438939,9.35549160206427,15.1977201130947,9.33287526874686,22.7042396160868
"Vital","1.5 mo.","X3.sl_nmol.ml","3’-sialyllactose","Individual HMO containing Sialic Acid","secondary","Control",173.699626149678,156.249114105589,191.150138193767,50,174.608478931039,64.8529099435229,176.070353621433,148.928032871388,204.992328374189
"Vital","1.5 mo.","X3.sl_nmol.ml","3’-sialyllactose","Individual HMO containing Sialic Acid","secondary","BEP",158.211567036828,147.203936679332,169.219197394323,100,158.693259501792,64.8394170043941,151.973353969042,115.347440386216,192.458635346972
"Vital","1.5 mo.","Lnnt_nmol.ml","Lacto-N-neotetraose","Other individual HMO","secondary","Control",817.282368861458,649.351166173003,985.213571549913,50,817.282368861458,609.961995143943,711.889298673467,328.155750262661,1180.06599294124
"Vital","1.5 mo.","Lnnt_nmol.ml","Lacto-N-neotetraose","Other individual HMO","secondary","BEP",966.96053811108,855.028016784793,1078.89305943737,100,966.96053811108,572.055417583723,858.152940727768,546.461060106848,1338.1005156975
"Vital","1.5 mo.","Fdslnh_nmol.ml","Fucodisialyllacto-Nhexaose","Individual HMO containing Fucose","secondary","Control",246.771931373399,194.84192593369,298.701936813109,50,253.524645163347,211.11734793569,193.081530075976,83.800706566928,376.907688236149
"Vital","1.5 mo.","Fdslnh_nmol.ml","Fucodisialyllacto-Nhexaose","Individual HMO containing Fucose","secondary","BEP",194.540830620406,154.352371705759,234.729289535053,100,194.540830620406,205.391832275877,113.852512636888,52.6331507302871,295.218970160183
"Vital","1.5 mo.","X2.fl_pct","2’-fucosyllactose","Individual HMO containing Fucose","secondary","Control",23.6420452360304,19.6420692092192,27.6420212628417,50,21.4479343469679,20.4622291637983,21.3144893341343,0.18681119744218,39.6929323569114
"Vital","1.5 mo.","X2.fl_pct","2’-fucosyllactose","Individual HMO containing Fucose","secondary","BEP",27.7644070939402,24.2011767731918,31.3276374146887,100,28.2543084858519,19.9525848015424,32.5902039663307,4.61832906576417,44.9106300599163
"Vital","1.5 mo.","Lnfp.ii_pct","Lacto-N-fucopentaose II","Individual HMO containing Fucose","secondary","Control",13.1613041553777,10.7554333479644,15.567174962791,50,13.6974967429499,10.1330748623793,9.3007151281881,4.90155880114851,23.8983291196613
"Vital","1.5 mo.","Lnfp.ii_pct","Lacto-N-fucopentaose II","Individual HMO containing Fucose","secondary","BEP",10.9502376032695,9.27426672636558,12.6262084801734,100,10.8425874449205,8.82671131459337,7.53113764374859,4.16647000841843,14.3373396532254
"Vital","1.5 mo.","Dslnt_nmol.ml","Disialyllacto-N-tetraose","Individual HMO containing Sialic Acid","secondary","Control",178.955763792029,156.006215618699,201.905311965359,50,182.696670770535,88.509836252487,172.364176591265,123.444781164628,229.418463496224
"Vital","1.5 mo.","Dslnt_nmol.ml","Disialyllacto-N-tetraose","Individual HMO containing Sialic Acid","secondary","BEP",159.654452790318,143.99615334086,175.312752239777,100,159.654452790318,80.0251341082543,141.003274902088,103.535517176622,186.813358138563
"Vital","1.5 mo.","Fdslnh_pct","Fucodisialyllacto-Nhexaose","Individual HMO containing Fucose","secondary","Control",2.68111849796115,2.06351935182032,3.29871764410198,50,2.85153945886327,2.94268214045646,1.43387210813948,0.526740748186084,4.42487038157591
"Vital","1.5 mo.","Fdslnh_pct","Fucodisialyllacto-Nhexaose","Individual HMO containing Fucose","secondary","BEP",2.16317931770802,1.66728555253636,2.65907308287968,100,2.1248705265847,2.61481481905144,0.945614754475221,0.343695054252377,3.06621163989357
"Vital","1.5 mo.","Lnh_nmol.ml","Lacto-N-hexaose","Other individual HMO","secondary","Control",110.002309528039,90.1159229154489,129.888696140629,50,110.002309528039,72.2316035389965,101.024447166501,69.9684297340097,123.510650472268
"Vital","1.5 mo.","Lnh_nmol.ml","Lacto-N-hexaose","Other individual HMO","secondary","BEP",125.411564420653,111.716087031593,139.107041809713,100,126.764065379141,75.6182175557298,106.591531301027,73.989724018305,154.395399554475
"Vital","1.5 mo.","X3.sl_pct","3’-sialyllactose","Individual HMO containing Sialic Acid","secondary","Control",1.60807908553478,1.39245974377961,1.82369842728995,50,1.62785278343459,0.835199663763945,1.4350352583976,1.13001248248986,1.99224786436311
"Vital","1.5 mo.","X3.sl_pct","3’-sialyllactose","Individual HMO containing Sialic Acid","secondary","BEP",1.4704988436403,1.33246068526512,1.60853700201549,100,1.45625386263692,0.789414130549801,1.33149913006414,0.963621221530528,1.80148073562759
"Vital","1.5 mo.","Lnh_pct","Lacto-N-hexaose","Other individual HMO","secondary","Control",1.01872079257755,0.795564431548723,1.24187715360638,50,1.01872079257755,0.810551565302194,0.857709157562747,0.688374978829511,1.13756780896919
"Vital","1.5 mo.","Lnh_pct","Lacto-N-hexaose","Other individual HMO","secondary","BEP",1.16107351561822,0.996263483464611,1.32588354777184,100,1.16107351561822,0.842297400688325,0.986596957989348,0.657401636732212,1.30927004701693
"Vital","1.5 mo.","Dflnh_pct","Difucosyllacto-N-hexaose","Individual HMO containing Fucose","secondary","Control",0.99254409045503,0.742235489001768,1.24285269190829,50,1.01934514209727,0.974362596778115,0.715229710630217,0.25205168880227,1.56075652722743
"Vital","1.5 mo.","Dflnh_pct","Difucosyllacto-N-hexaose","Individual HMO containing Fucose","secondary","BEP",0.852073467270346,0.696977923172949,1.00716901136774,100,0.852073467270346,0.792649403343467,0.552165184204095,0.19638543681847,1.36197530838268
"Vital","1.5 mo.","Dflac_nmol.ml","Difucosyllactose","Individual HMO containing Fucose","secondary","Control",264.281405753932,203.152401296978,325.410410210886,50,259.689722647038,272.442830859881,200.152224721398,33.2198350829557,369.284546717004
"Vital","1.5 mo.","Dflac_nmol.ml","Difucosyllactose","Individual HMO containing Fucose","secondary","BEP",293.459992775145,234.905525791949,352.014459758341,100,293.459992775145,299.255298322295,253.73669666686,88.2367279826057,387.300900084401
"Vital","1.5 mo.","Lstc_nmol.ml","Sialyl-lacto-N-tetraose c","Individual HMO containing Sialic Acid","secondary","Control",122.216795771307,108.974985186802,135.458606355811,50,122.614830812825,58.0863323144139,120.882964846431,82.481876453564,160.628596322619
"Vital","1.5 mo.","Lstc_nmol.ml","Sialyl-lacto-N-tetraose c","Individual HMO containing Sialic Acid","secondary","BEP",128.037214601147,116.085128505447,139.989300696847,100,128.339114403278,64.1950317531247,119.001907061587,77.1148377380265,169.083131143978
"Vital","1.5 mo.","Flnh_nmol.ml","Fucosyllacto-N-hexaose","Individual HMO containing Fucose","secondary","Control",337.152691416723,301.193640572712,373.111742260734,50,343.910546699231,168.418349662542,318.885825881465,239.271030813868,400.097776687992
"Vital","1.5 mo.","Flnh_nmol.ml","Fucosyllacto-N-hexaose","Individual HMO containing Fucose","secondary","BEP",355.1966936752,326.316881432607,384.076505917792,100,355.559678700022,150.345727655572,329.381995752625,242.337788410332,466.716722382911
"Vital","1.5 mo.","Fuc_nmol.ml","HMO-bound Fucose","Bioactive","secondary","Control",8497.42802827115,7442.6417237522,9552.21433279009,50,8497.42802827115,3831.20914073649,9044.85685903558,5268.28999537705,11792.3859119295
"Vital","1.5 mo.","Fuc_nmol.ml","HMO-bound Fucose","Bioactive","secondary","BEP",8917.44493179262,8191.6729472062,9643.21691637905,100,8917.44493179262,3709.21507702741,8743.90138076187,5698.94599579458,11438.8966418719
"Vital","1.5 mo.","Dflac_pct","Difucosyllactose","Individual HMO containing Fucose","secondary","Control",2.10079999061213,1.69628374575303,2.50531623547124,50,2.07313472518899,2.15690845183752,1.49338015810604,0.431822608033658,2.95191403003071
"Vital","1.5 mo.","Dflac_pct","Difucosyllactose","Individual HMO containing Fucose","secondary","BEP",2.31792291975735,1.91141099457438,2.72443484494033,100,2.32931059284637,2.11726270201855,1.9847312396951,0.784142825528419,3.14685834471064
"Vital","1.5 mo.","Lnfp.i_pct","Lacto-N-fucopentaose I","Individual HMO containing Fucose","secondary","Control",6.9073230162686,5.73589612106495,8.07874991147225,50,6.70292617094654,4.8345523977754,5.11829649441945,2.5422234304005,10.6449286476069
"Vital","1.5 mo.","Lnfp.i_pct","Lacto-N-fucopentaose I","Individual HMO containing Fucose","secondary","BEP",7.35617518669442,6.53821627942582,8.17413409396303,100,7.4161930930726,4.78573842893608,6.63029438875442,3.03232609318315,10.2850647159093
"Vital","1.5 mo.","Lstc_pct","Sialyl-lacto-N-tetraose c","Individual HMO containing Sialic Acid","secondary","Control",1.04551332910144,0.939871875909901,1.15115478229298,50,1.0480468878458,0.389747552495035,1.01606448592146,0.720264454331765,1.33042207826708
"Vital","1.5 mo.","Lstc_pct","Sialyl-lacto-N-tetraose c","Individual HMO containing Sialic Acid","secondary","BEP",1.09056210115843,1.00676720594189,1.17435699637496,100,1.08947332103031,0.433716370821373,1.03242252130455,0.768344071379536,1.39104587194635
"Vital","1.5 mo.","Dflnt_pct","Difucosyllacto-N-tetrose","Individual HMO containing Fucose","secondary","Control",6.43992660639548,5.25855557585353,7.62129763693744,50,6.43992660639548,4.29099190179365,6.41899997729037,3.58659082088367,9.6390459888517
"Vital","1.5 mo.","Dflnt_pct","Difucosyllacto-N-tetrose","Individual HMO containing Fucose","secondary","BEP",5.96746864466516,5.24570864332675,6.68922864600357,100,5.96746864466516,3.68871096682702,6.44813667012303,4.03640121444975,8.39070455031942
"Vital","1.5 mo.","Leptin","Leptin","Bioactive","secondary","Control",120.349148998178,41.1166667181445,199.581631278211,50,120.185715157049,292.397829172217,44.0657839243608,13.7064113688359,78.955193290411
"Vital","1.5 mo.","Leptin","Leptin","Bioactive","secondary","BEP",211.933074923384,-12.8229275650224,436.68907741179,100,212.202388228082,1153.07306398443,50.2145907892141,19.5889339236082,101.170476581774
"Vital","1.5 mo.","X2.fl_nmol.ml","2’-fucosyllactose","Individual HMO containing Fucose","secondary","Control",3632.14586790418,3174.58970374769,4089.70203206066,50,3097.12885372335,3181.34912225739,3060.7615185349,10.9221661601053,5290.61110213043
"Vital","1.5 mo.","X2.fl_nmol.ml","2’-fucosyllactose","Individual HMO containing Fucose","secondary","BEP",3844.39115259151,3215.78354016189,4472.99876502114,100,3844.39115259152,3212.63548755859,3752.20700816589,539.178337106429,5633.33839013173
"Vital","1.5 mo.","Dslnh_nmol.ml","Disialyllacto-N-hexaose","Individual HMO containing Sialic Acid","secondary","Control",127.601950049788,112.391796237544,142.812103862031,50,128.059518837829,60.0053176794677,118.039816608136,91.0815607002788,147.821136386866
"Vital","1.5 mo.","Dslnh_nmol.ml","Disialyllacto-N-hexaose","Individual HMO containing Sialic Acid","secondary","BEP",122.243473048678,110.496384665715,133.990561431641,100,122.243473048678,60.0360419892615,110.530635788246,83.5962378896308,151.048125891897
"Vital","1.5 mo.","Lnfp.i_nmol.ml","Lacto-N-fucopentaose I","Individual HMO containing Fucose","secondary","Control",937.098711702576,701.436019639515,1172.76140376564,50,937.098711702576,855.97723073807,669.264756302605,209.846809296599,1555.04125239498
"Vital","1.5 mo.","Lnfp.i_nmol.ml","Lacto-N-fucopentaose I","Individual HMO containing Fucose","secondary","BEP",995.410904019431,835.417936455971,1155.40387158289,100,995.410904019431,817.678747744605,797.537160151189,300.851144387951,1442.90355887792
"Vital","1.5 mo.","Dflnt_nmol.ml","Difucosyllacto-N-tetrose","Individual HMO containing Fucose","secondary","Control",758.964153514949,588.725922769673,929.202384260225,50,758.964153514949,618.341613784574,599.684337019936,271.417375340725,1124.27488472891
"Vital","1.5 mo.","Dflnt_nmol.ml","Difucosyllacto-N-tetrose","Individual HMO containing Fucose","secondary","BEP",711.942657678777,609.069717694284,814.81559766327,100,711.942657678777,525.754462988889,704.850910475308,340.742020087775,997.346751766037
"Vital","1.5 mo.","Dflnh_nmol.ml","Difucosyllacto-N-hexaose","Individual HMO containing Fucose","secondary","Control",94.2296444243969,75.0816932534114,113.377595595382,50,94.8343467847968,70.3700488875747,80.369998065677,34.0601536218406,144.354778393434
"Vital","1.5 mo.","Dflnh_nmol.ml","Difucosyllacto-N-hexaose","Individual HMO containing Fucose","secondary","BEP",88.9286761754394,73.4631889066595,104.394163444219,100,88.9286761754394,79.0397256565677,66.354586052755,24.7644321670946,127.861644053994
"Vital","1.5 mo.","X6.sl_pct","6’-sialyllactose","Individual HMO containing Sialic Acid","secondary","Control",4.30459060712817,3.81453002610865,4.79465118814768,50,4.30459060712817,1.78000469808233,4.10796481819342,2.87383326191518,5.38582787384412
"Vital","1.5 mo.","X6.sl_pct","6’-sialyllactose","Individual HMO containing Sialic Acid","secondary","BEP",4.18820536647099,3.78286753077184,4.59354320217015,100,4.18820536647099,2.0715668879417,3.5698016487547,2.81063715317272,5.22218274403831
"Vital","1.5 mo.","Flnh_pct","Fucosyllacto-N-hexaose","Individual HMO containing Fucose","secondary","Control",3.25576671412648,2.79044979875214,3.72108362950083,50,3.32976825618715,2.21761910093929,2.58533057050183,1.77820857624803,3.84633503367964
"Vital","1.5 mo.","Flnh_pct","Fucosyllacto-N-hexaose","Individual HMO containing Fucose","secondary","BEP",3.38521020007189,3.01962033749025,3.75080006265352,100,3.37973781549759,2.0706136070311,2.87615459977791,1.90915609600342,4.01628286947424
"Vital","1.5 mo.","Dslnh_pct","Disialyllacto-N-hexaose","Individual HMO containing Sialic Acid","secondary","Control",1.16031714543828,1.02353181053798,1.29710248033858,50,1.17556623876433,0.5572588591229,1.11069297730848,0.815730307975832,1.38872764885672
"Vital","1.5 mo.","Dslnh_pct","Disialyllacto-N-hexaose","Individual HMO containing Sialic Acid","secondary","BEP",1.12169245049595,0.999407016154922,1.24397788483697,100,1.12175871964487,0.631141386379879,0.97050488680221,0.682768565871284,1.37543688847671
"Vital","1.5 mo.","Fgf.21","FGF-21","Bioactive","secondary","Control",34.4556210889879,24.5123296809722,44.3989124970037,50,34.2693248526008,37.2069739572711,19.8499685315575,13.6730573455103,40.6474254495993
"Vital","1.5 mo.","Fgf.21","FGF-21","Bioactive","secondary","BEP",32.1496990685308,24.4301143881088,39.8692837489528,100,32.1496990685308,39.4526111411252,18.6400536525527,11.4774410284692,41.7161271893543
"Vital","1.5 mo.","Sum_nmol.ml","Total sum of HMO concentrations","Bioactive","secondary","Control",11694.0297893452,10657.5409799694,12730.5185987209,50,11694.0297893452,3764.74873037188,12020.9820734971,8664.65180666361,14426.4642670057
"Vital","1.5 mo.","Sum_nmol.ml","Total sum of HMO concentrations","Bioactive","secondary","BEP",11879.1145288151,11162.7610109153,12595.4680467149,100,11879.1145288151,3661.07996107041,11484.0971689359,9182.54677051854,14293.7625930295
"Vital","1.5 mo.","X6.sl_nmol.ml","6’-sialyllactose","Individual HMO containing Sialic Acid","secondary","Control",466.491262794446,424.869546780959,508.112978807933,50,464.920408472494,178.198074532012,421.538280585744,340.112530639985,563.148489105732
"Vital","1.5 mo.","X6.sl_nmol.ml","6’-sialyllactose","Individual HMO containing Sialic Acid","secondary","BEP",468.503515497325,425.537975369018,511.469055625631,100,468.503515497325,219.584707898796,423.149333041031,342.918443508831,581.941697809241
"Vital","1.5 mo.","Calprotectin","Calprotectin (S100A8/A9)","Bioactive","secondary","Control",3266613.60348889,1706086.09889088,4827141.1080869,50,3266613.60348889,5668169.19633148,462165.868827717,121889.888704674,3266679.01820582
"Vital","1.5 mo.","Calprotectin","Calprotectin (S100A8/A9)","Bioactive","secondary","BEP",2216498.983437,1449377.98690062,2983619.97997339,100,2216498.98343701,3920538.16720205,549277.478529498,165178.237102937,2271928.24299051
"Vital","1.5 mo.","Iga","Secretory IgA","Bioactive","secondary","Control",932588767.942792,752206938.272044,1112970597.61354,50,928312413.793284,668093277.351682,739555454.935067,551351167.863225,1073093311.59562
"Vital","1.5 mo.","Iga","Secretory IgA","Bioactive","secondary","BEP",857041751.466267,757108793.640029,956974709.292506,100,857041751.466267,510729046.771144,751237296.074054,540297138.811176,994509751.903939
"Vital","2 mo.","Secretor","Maternal Secretor Status","Bioactive","secondary","Control",0.587816557937042,0.484024282634636,0.691608833239448,50,0.54,0.503457433905888,1,0,1
"Vital","2 mo.","Secretor","Maternal Secretor Status","Bioactive","secondary","BEP",0.718710382340172,0.638063445404719,0.799357319275625,100,0.73,0.446196043338474,1,0,1
"Vital","2 mo.","X2.fl_nmol.ml","2’-fucosyllactose","Individual HMO containing Fucose","secondary","Control",2636.97818695191,1861.98706727469,3411.96930662913,50,2636.97818695191,2814.93327034722,2210.28199999064,6.84593395763629,5032.6841676092
"Vital","2 mo.","X2.fl_nmol.ml","2’-fucosyllactose","Individual HMO containing Fucose","secondary","BEP",3604.04193215708,3052.33093258786,4155.7529317263,100,3604.04193215708,2819.63867609211,3924.99091104654,628.069639884455,5248.41793498036
"Vital","2 mo.","X3fl_nmol.ml","3-fucosyllactose","Individual HMO containing Fucose","secondary","Control",323.878164827393,257.09713278409,390.659196870697,50,336.509139643546,283.547676451937,250.661158222417,107.888993414274,493.748472456724
"Vital","2 mo.","X3fl_nmol.ml","3-fucosyllactose","Individual HMO containing Fucose","secondary","BEP",259.265442869225,221.630585733037,296.900300005414,100,255.255886002495,203.008515849913,195.661143533931,117.602035009871,350.721099201665
"Vital","2 mo.","Lnnt_nmol.ml","Lacto-N-neotetraose","Other individual HMO","secondary","Control",733.646271232904,591.239156118135,876.053386347674,50,733.646271232904,517.25305760625,579.25046719982,350.010573876535,968.756315929212
"Vital","2 mo.","Lnnt_nmol.ml","Lacto-N-neotetraose","Other individual HMO","secondary","BEP",935.274301043735,827.955325603125,1042.59327648435,100,943.584099407763,557.244843035333,862.397112813162,535.393398451657,1364.68689412084
"Vital","2 mo.","Lnfp.i_nmol.ml","Lacto-N-fucopentaose I","Individual HMO containing Fucose","secondary","Control",646.615804744899,483.259097435979,809.972512053818,50,640.861186679542,624.059137205688,334.05143392846,185.828723638578,1003.55605421012
"Vital","2 mo.","Lnfp.i_nmol.ml","Lacto-N-fucopentaose I","Individual HMO containing Fucose","secondary","BEP",847.496281325583,697.434542416903,997.558020234263,100,847.496281325583,766.923050580693,626.536009068733,252.285288512552,1221.46780679326
"Vital","2 mo.","Dflnh_nmol.ml","Difucosyllacto-N-hexaose","Individual HMO containing Fucose","secondary","Control",90.4645144003401,66.645163082787,114.283865717893,50,96.9854087488378,99.5593505759011,58.4414333274464,25.6803267871264,137.026198813806
"Vital","2 mo.","Dflnh_nmol.ml","Difucosyllacto-N-hexaose","Individual HMO containing Fucose","secondary","BEP",66.0327351271604,54.1333457174907,77.9321245368301,100,65.5414173229176,62.9633513365787,45.7059335420654,15.0396546030153,104.061479679732
"Vital","2 mo.","Sum_nmol.ml","Total sum of HMO concentrations","Bioactive","secondary","Control",9978.27905762592,9131.8439284347,10824.7141868171,50,9978.27905762592,3074.43317201285,9522.33973997401,7750.76775629607,12730.8877180138
"Vital","2 mo.","Sum_nmol.ml","Total sum of HMO concentrations","Bioactive","secondary","BEP",10991.4890738017,10311.6503618806,11671.3277857228,100,10991.4890738017,3474.46312858377,10822.8712950028,8070.67581206885,13076.2122906154
"Vital","2 mo.","Fuc_nmol.ml","HMO-bound Fucose","Bioactive","secondary","Control",7494.33758410431,6556.87666131237,8431.79850689624,50,7494.33758410431,3405.05829578603,7229.06353152517,4687.8834396085,10362.1219402626
"Vital","2 mo.","Fuc_nmol.ml","HMO-bound Fucose","Bioactive","secondary","BEP",8458.28238669009,7793.80200814005,9122.76276524013,100,8458.28238669009,3395.97103615288,8422.271512985,5997.69692498991,10640.4615779653
"Vital","2 mo.","X2.fl_pct","2’-fucosyllactose","Individual HMO containing Fucose","secondary","Control",23.828893578858,19.0778286696478,28.5799584880683,50,22.3127539793488,21.9105492951242,21.1055539504955,0.0911079748537256,42.2351112904013
"Vital","2 mo.","X2.fl_pct","2’-fucosyllactose","Individual HMO containing Fucose","secondary","BEP",28.8712709888805,25.2089390951769,32.5336028825841,100,29.3840008798424,20.5398364709172,35.2651391057519,7.57428722376402,44.1088239436462
"Vital","2 mo.","X3fl_pct","3-fucosyllactose","Individual HMO containing Fucose","secondary","Control",4.07950853686602,2.90464783118158,5.25436924255047,50,4.20670370942479,4.49385992531394,2.5670378452628,0.972165866872977,6.70440329025831
"Vital","2 mo.","X3fl_pct","3-fucosyllactose","Individual HMO containing Fucose","secondary","BEP",2.98817117791135,2.38879201563653,3.58755034018618,100,2.93953369711356,3.19730725436402,1.81085435312966,0.814662369770241,3.53918106836987
"Vital","2 mo.","Lnnt_pct","Lacto-N-neotetraose","Other individual HMO","secondary","Control",7.08412028909069,6.21246696254331,7.95577361563806,50,6.96026402936829,3.91053088630447,6.57286289009936,4.13165962021334,8.88111861526737
"Vital","2 mo.","Lnnt_pct","Lacto-N-neotetraose","Other individual HMO","secondary","BEP",8.4740496817934,7.60167558561938,9.34642377796741,100,8.56390014128223,4.84585917051892,7.81868716835002,5.06802593766625,11.5203126158483
"Vital","2 mo.","Lnfp.ii_pct","Lacto-N-fucopentaose II","Individual HMO containing Fucose","secondary","Control",14.6765885679718,11.9492948443752,17.4038822915685,50,14.9853663813568,10.6193397191752,11.8617722087341,5.89211508359239,26.0487798906822
"Vital","2 mo.","Lnfp.ii_pct","Lacto-N-fucopentaose II","Individual HMO containing Fucose","secondary","BEP",11.8462269243691,10.1477591263775,13.5446947223607,100,11.6950154105594,9.03445614526094,8.10670557248664,4.63125908369226,17.201108543209
"Vital","2 mo.","Lstb_pct","Sialyl-lacto-N-tetraose b","Individual HMO containing Sialic Acid","secondary","Control",1.46617703579155,1.24733122800607,1.68502284357702,50,1.5041056206584,0.87709556262145,1.41977268358363,0.79759580481285,2.04168500513707
"Vital","2 mo.","Lstb_pct","Sialyl-lacto-N-tetraose b","Individual HMO containing Sialic Acid","secondary","BEP",1.1473446627334,1.03541898999304,1.25927033547375,100,1.14465779981901,0.596328916678022,0.963795988511507,0.710108433983412,1.58159577125271
"Vital","2 mo.","Dflnh_pct","Difucosyllacto-N-hexaose","Individual HMO containing Fucose","secondary","Control",1.00128962581637,0.769243727155654,1.23333552447709,50,1.05793395212164,0.968130364417331,0.792981529543009,0.243930342837823,1.79614290052278
"Vital","2 mo.","Dflnh_pct","Difucosyllacto-N-hexaose","Individual HMO containing Fucose","secondary","BEP",0.706682618534829,0.587113922776925,0.826251314292733,100,0.680894501447828,0.673529543022582,0.441746326096488,0.152091251875036,1.12295750296365
"Vital","2 mo.","Insulin","Insulin","Bioactive","secondary","Control",47.1294849092518,41.2037278854154,53.0552419330881,50,48.1935517979614,23.9758854458813,41.7046367465254,34.0334388390737,59.8777493056268
"Vital","2 mo.","Insulin","Insulin","Bioactive","secondary","BEP",55.8342564978821,50.2325148526304,61.4359981431338,100,55.7671714471818,28.7730518411807,47.9392482061946,36.8610032515578,68.0397667318248
"Vital","2 mo.","Lnt_pct","Lacto-N-tetrose","Other individual HMO","secondary","Control",18.7593919980668,15.4497000693843,22.0690839267492,50,19.1287218627938,13.3329439655717,16.8638244556052,7.4825456193822,24.8423083759907
"Vital","2 mo.","Lnt_pct","Lacto-N-tetrose","Other individual HMO","secondary","BEP",15.8060498567669,14.0440063040954,17.5680934094385,100,15.8038492333148,9.72274862954927,12.8276691362899,8.62565170165317,21.0407886604806
"Vital","2 mo.","Lnfp.ii_nmol.ml","Lacto-N-fucopentaose II","Individual HMO containing Fucose","secondary","Control",1296.69303462206,1065.56086577022,1527.8252034739,50,1296.69303462206,839.521402799483,1060.63087765713,652.836039833384,1804.66709165642
"Vital","2 mo.","Lnfp.ii_nmol.ml","Lacto-N-fucopentaose II","Individual HMO containing Fucose","secondary","BEP",1112.59169234649,969.479986186717,1255.70339850626,100,1112.59169234649,731.403401427003,916.215340181799,555.001396055606,1595.33695478307
"Vital","2 mo.","Lstb_nmol.ml","Sialyl-lacto-N-tetraose b","Individual HMO containing Sialic Acid","secondary","Control",137.776487235472,116.262467974287,159.290506496658,50,141.216910552049,83.6165423844122,126.480052181833,84.8707327548401,193.843644164084
"Vital","2 mo.","Lstb_nmol.ml","Sialyl-lacto-N-tetraose b","Individual HMO containing Sialic Acid","secondary","BEP",120.439910164007,106.860941529631,134.018878798383,100,120.41243797562,70.3631881653816,100.770943923768,74.1823045900683,149.136545629452
"Vital","2 mo.","Lnfp.i_pct","Lacto-N-fucopentaose I","Individual HMO containing Fucose","secondary","Control",5.77348276336894,4.60044051900678,6.94652500773111,50,5.68977232578551,4.44471385121514,3.54738166355908,2.46407105776695,7.71278614566827
"Vital","2 mo.","Lnfp.i_pct","Lacto-N-fucopentaose I","Individual HMO containing Fucose","secondary","BEP",6.79689366995465,5.89286311679312,7.70092422311618,100,6.80984677919949,4.82958294905142,5.69301756113009,2.96431363962125,8.80530373650635
"Vital","2 mo.","Lstc_nmol.ml","Sialyl-lacto-N-tetraose c","Individual HMO containing Sialic Acid","secondary","Control",91.6030783074471,79.6572795235226,103.548877091372,50,93.2404507137823,50.8572606538951,90.1922605131487,50.0353647590955,130.280121032206
"Vital","2 mo.","Lstc_nmol.ml","Sialyl-lacto-N-tetraose c","Individual HMO containing Sialic Acid","secondary","BEP",102.773929119234,89.3368023012341,116.211055937233,100,102.773929119234,68.6733498175106,83.7266179485966,55.7061984471767,121.834694874567
"Vital","2 mo.","Dslnt_pct","Disialyllacto-N-tetraose","Individual HMO containing Sialic Acid","secondary","Control",1.32629824317956,1.14268793557671,1.50990855078241,50,1.35492065288212,0.742167756191904,1.31890988782581,0.88786911859002,1.59681986393184
"Vital","2 mo.","Dslnt_pct","Disialyllacto-N-tetraose","Individual HMO containing Sialic Acid","secondary","BEP",1.19014605891064,1.07182634173595,1.30846577608533,100,1.19014605891064,0.604698566732461,1.05218863794952,0.814146863238748,1.46478206432387
"Vital","2 mo.","Flnh_nmol.ml","Fucosyllacto-N-hexaose","Individual HMO containing Fucose","secondary","Control",258.116069226643,210.869478204031,305.362660249256,50,260.122170742345,177.015715584288,214.291292290407,170.075447582195,265.609562614679
"Vital","2 mo.","Flnh_nmol.ml","Fucosyllacto-N-hexaose","Individual HMO containing Fucose","secondary","BEP",286.168429274247,261.352632935941,310.984225612552,100,286.729574874792,132.180031463543,267.856826056688,209.129214647738,347.468261291102
"Vital","2 mo.","Lnfp.iii_pct","Lacto-N-fucopentaose III","Individual HMO containing Fucose","secondary","Control",0.236230417157017,0.207957995630895,0.26450283868314,50,0.245310952571169,0.123140620052983,0.21955463903751,0.168993122949063,0.296857181092312
"Vital","2 mo.","Lnfp.iii_pct","Lacto-N-fucopentaose III","Individual HMO containing Fucose","secondary","BEP",0.217696456948136,0.197472868675086,0.237920045221185,100,0.217696456948136,0.10335703241113,0.203597836913326,0.157478913115417,0.261522802905581
"Vital","2 mo.","X3.sl_pct","3’-sialyllactose","Individual HMO containing Sialic Acid","secondary","Control",1.68133886110171,1.41826001696096,1.94441770524246,50,1.69133757840954,0.997687797198445,1.3698414168781,1.09527427213783,1.99892368934943
"Vital","2 mo.","X3.sl_pct","3’-sialyllactose","Individual HMO containing Sialic Acid","secondary","BEP",1.56130147040626,1.42229693752517,1.70030600328735,100,1.4969852648042,0.838035317363881,1.27304600355695,0.99274328688874,1.80164689104913
"Vital","2 mo.","Lnt_nmol.ml","Lacto-N-tetrose","Other individual HMO","secondary","Control",1757.29879171906,1432.04769192472,2082.5498915134,50,1758.72778969633,1183.36034942368,1556.13875818652,875.299980245347,2327.87068199613
"Vital","2 mo.","Lnt_nmol.ml","Lacto-N-tetrose","Other individual HMO","secondary","BEP",1618.43883809931,1432.97599807797,1803.90167812066,100,1618.50350925763,948.247530370421,1306.80175972363,931.862972895784,2142.40901611018
"Vital","2 mo.","Lnh_nmol.ml","Lacto-N-hexaose","Other individual HMO","secondary","Control",91.2757814019099,70.0087925277067,112.542770276113,50,92.1657783959549,83.2738857327092,75.1371420066104,49.5272809876373,95.4601772735165
"Vital","2 mo.","Lnh_nmol.ml","Lacto-N-hexaose","Other individual HMO","secondary","BEP",99.8644135919853,89.7364245019021,109.992402682069,100,100.301250905736,55.5383259330042,88.339709342328,59.1238852589344,129.041372115037
"Vital","2 mo.","Dflnt_pct","Difucosyllacto-N-tetrose","Individual HMO containing Fucose","secondary","Control",6.52646629562049,5.40702688655284,7.64590570468815,50,6.52646629562049,4.06604302515726,6.72457417926306,3.74326748228983,9.38381889029412
"Vital","2 mo.","Dflnt_pct","Difucosyllacto-N-tetrose","Individual HMO containing Fucose","secondary","BEP",6.07534717644402,5.35928073920227,6.79141361368577,100,6.07534717644402,3.65961277312724,6.71890701755755,3.99040064042453,8.93163512914254
"Vital","2 mo.","X6.sl_nmol.ml","6’-sialyllactose","Individual HMO containing Sialic Acid","secondary","Control",315.506990370508,278.645956994238,352.368023746777,50,319.527558140262,154.364886465229,294.96255116578,227.350572094011,415.306252735594
"Vital","2 mo.","X6.sl_nmol.ml","6’-sialyllactose","Individual HMO containing Sialic Acid","secondary","BEP",329.678837018355,291.628634202767,367.729039833942,100,329.626759471687,195.5164447668,273.836005174332,187.050623081741,410.499853499745
"Vital","2 mo.","X6.sl_pct","6’-sialyllactose","Individual HMO containing Sialic Acid","secondary","Control",3.23875160473612,2.90401070614389,3.57349250332835,50,3.25145451330258,1.25494873916022,2.98651619286551,2.52517247821321,3.9481112881082
"Vital","2 mo.","X6.sl_pct","6’-sialyllactose","Individual HMO containing Sialic Acid","secondary","BEP",3.1076650747148,2.77212269135213,3.44320745807748,100,3.1076650747148,1.71486209688816,2.68317296449009,1.94453935526405,3.67746022641426
"Vital","2 mo.","Fdslnh_pct","Fucodisialyllacto-Nhexaose","Individual HMO containing Fucose","secondary","Control",2.8567104631341,2.1072838467864,3.60613707948179,50,2.88047514978687,2.81175736403986,1.73497840321383,0.900295201707227,4.2140865516406
"Vital","2 mo.","Fdslnh_pct","Fucodisialyllacto-Nhexaose","Individual HMO containing Fucose","secondary","BEP",2.60233090911242,2.11766652428621,3.08699529393862,100,2.53780034374305,2.63673145855267,1.45021681231985,0.774783885696955,3.40561903552028
"Vital","2 mo.","Dslnh_pct","Disialyllacto-N-hexaose","Individual HMO containing Sialic Acid","secondary","Control",0.969971789028371,0.830158052700039,1.1097855253567,50,0.972477452517739,0.522070414388106,0.876621989738359,0.628137066215638,1.1349834657524
"Vital","2 mo.","Dslnh_pct","Disialyllacto-N-hexaose","Individual HMO containing Sialic Acid","secondary","BEP",0.913918536939243,0.807014043367086,1.0208230305114,100,0.913680186972591,0.553957556473523,0.825178077799924,0.538628876034536,1.0995016319176
"Vital","2 mo.","Dflac_nmol.ml","Difucosyllactose","Individual HMO containing Fucose","secondary","Control",281.446953512383,211.015208128562,351.878698896204,50,278.675683184185,329.695677843748,152.652816862589,32.4617229332292,419.128491710816
"Vital","2 mo.","Dflac_nmol.ml","Difucosyllactose","Individual HMO containing Fucose","secondary","BEP",296.099459877575,246.866754076401,345.332165678748,100,297.807538586456,262.755442666225,286.277329203406,65.554078800735,404.162306124944
"Vital","2 mo.","Dflnt_nmol.ml","Difucosyllacto-N-tetrose","Individual HMO containing Fucose","secondary","Control",655.580251278169,526.391530064913,784.768972491424,50,659.319778531444,514.859281239824,608.205748836667,238.636860802543,997.826180866907
"Vital","2 mo.","Dflnt_nmol.ml","Difucosyllacto-N-tetrose","Individual HMO containing Fucose","secondary","BEP",690.80267449147,584.804156891779,796.801192091161,100,690.80267449147,541.728405027059,670.156189685118,313.788119893699,973.76055197078
"Vital","2 mo.","Dslnh_nmol.ml","Disialyllacto-N-hexaose","Individual HMO containing Sialic Acid","secondary","Control",91.2266394744016,79.1100443067146,103.343234642089,50,95.0930495627238,56.9472338979232,87.4606854825091,52.5845816867491,116.921801358889
"Vital","2 mo.","Dslnh_nmol.ml","Disialyllacto-N-hexaose","Individual HMO containing Sialic Acid","secondary","BEP",94.1330244188589,82.9597163759366,105.306332461781,100,94.1330244188589,57.1036131639821,82.5315198709212,55.4027378549626,113.577689608143
"Vital","2 mo.","Dflac_pct","Difucosyllactose","Individual HMO containing Fucose","secondary","Control",2.46139905743259,1.83966752580397,3.08313058906121,50,2.45199069527786,2.63253137747665,1.55504035648944,0.536938528547592,3.81661421748448
"Vital","2 mo.","Dflac_pct","Difucosyllactose","Individual HMO containing Fucose","secondary","BEP",2.60369493123311,2.17222045986431,3.03516940260192,100,2.61201240828726,2.30219236020086,2.25048479931882,0.677409705598706,3.57472298281413
"Vital","2 mo.","Leptin","Leptin","Bioactive","secondary","Control",105.898166914588,41.706709533497,170.089624295678,50,105.898166914588,233.157083308731,32.6556196904984,15.4517871692467,88.1717312440496
"Vital","2 mo.","Leptin","Leptin","Bioactive","secondary","BEP",121.658876437564,81.8044837827044,161.513269092424,100,121.76208952592,204.128077457135,43.9763686446643,22.8984930865929,134.027639270458
"Vital","2 mo.","Fdslnh_nmol.ml","Fucodisialyllacto-Nhexaose","Individual HMO containing Fucose","secondary","Control",228.49298216371,182.591518774923,274.394445552498,50,229.440342779289,168.149867249582,192.650768938727,101.23057559494,294.815919440084
"Vital","2 mo.","Fdslnh_nmol.ml","Fucodisialyllacto-Nhexaose","Individual HMO containing Fucose","secondary","BEP",220.855588538991,187.790155062394,253.921022015588,100,220.473667682754,170.062630494808,160.611654140198,95.7164866230746,323.793343251462
"Vital","2 mo.","Lstc_pct","Sialyl-lacto-N-tetraose c","Individual HMO containing Sialic Acid","secondary","Control",0.898584231750107,0.799183220934943,0.997985242565272,50,0.898584231750107,0.361045701486606,0.814330772659953,0.633244457322817,1.2109520212124
"Vital","2 mo.","Lstc_pct","Sialyl-lacto-N-tetraose c","Individual HMO containing Sialic Acid","secondary","BEP",0.915549079495439,0.821762628654373,1.00933553033651,100,0.915549079495439,0.47931599024011,0.787719649028281,0.611146810864675,1.11275402849206
"Vital","2 mo.","X3.sl_nmol.ml","3’-sialyllactose","Individual HMO containing Sialic Acid","secondary","Control",152.000704895329,134.877591517406,169.123818273251,50,154.66815072744,69.4240680568463,138.979381223449,111.067901858782,181.866627701301
"Vital","2 mo.","X3.sl_nmol.ml","3’-sialyllactose","Individual HMO containing Sialic Acid","secondary","BEP",150.636563845886,138.280707827476,162.992419864296,100,150.457046004396,63.4705719140695,147.304773208704,103.601773534607,182.562928113124
"Vital","2 mo.","Lnfp.iii_nmol.ml","Lacto-N-fucopentaose III","Individual HMO containing Fucose","secondary","Control",23.5688303813915,20.0750061124708,27.0626546503122,50,23.7717817566769,13.2841636386953,20.9580262446194,14.0351745663793,29.2017944534877
"Vital","2 mo.","Lnfp.iii_nmol.ml","Lacto-N-fucopentaose III","Individual HMO containing Fucose","secondary","BEP",23.390091499211,20.9734692862475,25.8067137121744,100,23.390091499211,12.3506717511441,21.6549183231269,15.1545374476246,28.8752381765239
"Vital","2 mo.","Dslnt_nmol.ml","Disialyllacto-N-tetraose","Individual HMO containing Sialic Acid","secondary","Control",127.452305886524,108.732048413634,146.172563359413,50,130.636384964636,74.6329218493651,112.794944602093,83.5690682219857,162.159559381691
"Vital","2 mo.","Dslnt_nmol.ml","Disialyllacto-N-tetraose","Individual HMO containing Sialic Acid","secondary","BEP",127.552499837796,113.206803089512,141.89819658608,100,127.566260951559,73.9738250157245,109.250773689895,74.2480753522575,156.944759641983
"Vital","2 mo.","Sia_nmol.ml","HMO-bound Sialic Acid","Bioactive","secondary","Control",1579.86331511568,1443.76707294786,1715.95955728351,50,1618.99262474683,550.464287497723,1592.73635930486,1191.96228733254,2040.26872919973
"Vital","2 mo.","Sia_nmol.ml","HMO-bound Sialic Acid","Bioactive","secondary","BEP",1587.61607867728,1463.20352707148,1712.02863028308,100,1587.61607867728,635.837318039567,1475.35112736326,1126.4539160342,1891.06356488836
"Vital","2 mo.","Lnh_pct","Lacto-N-hexaose","Other individual HMO","secondary","Control",0.96685680832598,0.721029741879676,1.21268387477228,50,0.96685680832598,0.892896409419203,0.781324881490581,0.552465770698766,1.08285921959962
"Vital","2 mo.","Lnh_pct","Lacto-N-hexaose","Other individual HMO","secondary","BEP",0.980239715397396,0.864651148767461,1.09582828202733,100,0.980198507032568,0.59382465328781,0.871954633583211,0.579203293116759,1.20103077522749
"Vital","2 mo.","Flnh_pct","Fucosyllacto-N-hexaose","Individual HMO containing Fucose","secondary","Control",2.92031015525235,2.34946231031164,3.49115800019307,50,2.9145038086975,2.3054175362981,2.08610121850964,1.56813500493794,3.22889973624566
"Vital","2 mo.","Flnh_pct","Fucosyllacto-N-hexaose","Individual HMO containing Fucose","secondary","BEP",2.94332976047972,2.60883816727338,3.27782135368606,100,2.93122100006859,1.86899411696849,2.36579224883817,1.721169267122,3.60105447792208
"Vital","2 mo.","Fgf.21","FGF-21","Bioactive","secondary","Control",23.991747918895,15.8682574554417,32.1152383823483,50,23.9991555954517,30.6042838187984,16.3243152835954,10.6854636371531,26.9233817878734
"Vital","2 mo.","Fgf.21","FGF-21","Bioactive","secondary","BEP",24.0537891925773,17.6388403137746,30.4687380713799,100,24.0537891925773,32.7849870275357,15.3454436991071,9.01286991019844,27.6503451367936
"Vital","2 mo.","Calprotectin","Calprotectin (S100A8/A9)","Bioactive","secondary","Control",2359690.51926395,1572001.33873586,3147379.69979204,50,2359690.51926395,2861055.33942707,1023399.85549874,188449.733044312,3586112.45712277
"Vital","2 mo.","Calprotectin","Calprotectin (S100A8/A9)","Bioactive","secondary","BEP",1646904.14615066,1033718.98478401,2260089.30751731,100,1646904.14615066,3133815.70776215,315377.595254836,113942.60238691,1372568.24705994
"Vital","2 mo.","Iga","Secretory IgA","Bioactive","secondary","Control",858211775.73151,714567715.244458,1001855836.21856,50,858211775.73151,521745907.386889,649041703.964288,553185854.417336,883989199.741366
"Vital","2 mo.","Iga","Secretory IgA","Bioactive","secondary","BEP",813909145.362846,707940119.692116,919878171.033575,100,813909145.362846,541577680.130155,682892881.244452,511148322.304273,865940321.913179
